"date","pce_nom","gdp_nom","pce_defl","gdp_defl","cpi","ur","m1","m3","bm","policy","iocr_1d","bab_3m","gov_10y","xjo","xao","reer","rrppi","xr_usd","hfwh","hnfwh","hhwh"
"1922-04-01",,,,,2.60091789212884,,,,,,,,,,,,,,,,
"1922-07-01",,,,,2.57535443463035,,,,,,,,,,,,,,,,
"1922-10-01",,,,,2.50668751732615,,,,,,,,,,,,,,,,
"1923-01-01",,,,,2.53307371766747,,,,,,,,,,,,,,,,
"1923-04-01",,,,,2.59965528318494,,,,,,,,,,,,,,,,
"1923-07-01",,,,,2.66865973902476,,,,,,,,,,,,,,,,
"1923-10-01",,,,,2.69293803513364,,,,,,,,,,,,,,,,
"1924-01-01",,,,,2.62529259379779,,,,,,,,,,,,,,,,
"1924-04-01",,,,,2.59783126692742,,,,,,,,,,,,,,,,
"1924-07-01",,,,,2.5809270850853,,,,,,,,,,,,,,,,
"1924-10-01",,,,,2.59945458907509,,,,,,,,,,,,,,,,
"1925-01-01",,,,,2.62256867227489,,,,,,,,,,,,,,,,
"1925-04-01",,,,,2.59613143298384,,,,,,,,,,,,,,,,
"1925-07-01",,,,,2.5859647793781,,,,,,,,,,,,,,,,
"1925-10-01",,,,,2.60013811685521,,,,,,,,,,,,,,,,
"1926-01-01",,,,,2.61703933868929,,,,,,,,,,,,,,,,
"1926-04-01",,,,,2.68835805434584,,,,,,,,,,,,,,,,
"1926-07-01",,,,,2.68451861698344,,,,,,,,,,,,,,,,
"1926-10-01",,,,,2.59923704228487,,,,,,,,,,,,,,,,
"1927-01-01",,,,,2.61340018858568,,,,,,,,,,,,,,,,
"1927-04-01",,,,,2.5943906297896,,,,,,,,,,,,,,,,
"1927-07-01",,,,,2.5963266309317,,,,,,,,,,,,,,,,
"1927-10-01",,,,,2.69334117717016,,,,,,,,,,,,,,,,
"1928-01-01",,,,,2.70180602530881,,,,,,,,,,,,,,,,
"1928-04-01",,,,,2.68586045564368,,,,,,,,,,,,,,,,
"1928-07-01",,,,,2.69431908403579,,,,,,,,,,,,,,,,
"1928-10-01",,,,,2.69298883548907,,,,,,,,,,,,,,,,
"1929-01-01",,,,,2.69928428242516,,,,,,,,,,,,,,,,
"1929-04-01",,,,,2.68333606256909,,,,,,,,,,,,,,,,
"1929-07-01",,,,,2.69913234771162,,,,,,,,,,,,,,,,
"1929-10-01",,,,,2.69380706755938,,,,,,,,,,,,,,,,
"1930-01-01",,,,,2.60263010282977,,,,,,,,,,,,,,,,
"1930-04-01",,,,,2.58973553083021,,,,,,,,,,,,,,,,
"1930-07-01",,,,,2.51665303401994,,,,,,,,,,,,,,,,
"1930-10-01",,,,,2.41494882152779,,,,,,,,,,,,,,,,
"1931-01-01",,,,,2.41549415551466,,,,,,,,,,,,,,,,
"1931-04-01",,,,,2.31154698776021,,,,,,,,,,,,,,,,
"1931-07-01",,,,,2.23790202922327,,,,,,,,,,,,,,,,
"1931-10-01",,,,,2.2298414916165,,,,,,,,,,,,,,,,
"1932-01-01",,,,,2.22786076067824,,,,,,,,,,,,,,,,
"1932-04-01",,,,,2.22112103464251,,,,,,,,,,,,,,,,
"1932-07-01",,,,,2.1434877653414,,,,,,,,,,,,,,,,
"1932-10-01",,,,,2.13657951139435,,,,,,,,,,,,,,,,
"1933-01-01",,,,,2.13488984733715,,,,,,,,,,,,,,,,
"1933-04-01",,,,,2.13181266302354,,,,,,,,,,,,,,,,
"1933-07-01",,,,,2.14044685906475,,,,,,,,,,,,,,,,
"1933-10-01",,,,,2.13539362143269,,,,,,,,,,,,,,,,
"1934-01-01",,,,,2.13509705631677,,,,,,,,,,,,,,,,
"1934-04-01",,,,,2.13741993753109,,,,,,,,,,,,,,,,
"1934-07-01",,,,,2.13581045237722,,,,,,,,,,,,,,,,
"1934-10-01",,,,,2.13332316736182,,,,,,,,,,,,,,,,
"1935-01-01",,,,,2.13656795268961,,,,,,,,,,,,,,,,
"1935-04-01",,,,,2.14282606288787,,,,,,,,,,,,,,,,
"1935-07-01",,,,,2.22366841678265,,,,,,,,,,,,,,,,
"1935-10-01",,,,,2.2242611236704,,,,,,,,,,,,,,,,
"1936-01-01",,,,,2.23050231254286,,,,,,,,,,,,,,,,
"1936-04-01",,,,,2.24066248654408,,,,,,,,,,,,,,,,
"1936-07-01",,,,,2.22013922417462,,,,,,,,,,,,,,,,
"1936-10-01",,,,,2.22277442235731,,,,,,,,,,,,,,,,
"1937-01-01",,,,,2.23222517756238,,,,,,,,,,,,,,,,
"1937-04-01",,,,,2.24158322558011,,,,,,,,,,,,,,,,
"1937-07-01",,,,,2.31277846783089,,,,,,,,,,,,,,,,
"1937-10-01",,,,,2.31362177859028,,,,,,,,,,,,,,,,
"1938-01-01",,,,,2.32599558780464,,,,,,,,,,,,,,,,
"1938-04-01",,,,,2.33335593462771,,,,,,,,,,,,,,,,
"1938-07-01",,,,,2.40861103450298,,,,,,,,,,,,,,,,
"1938-10-01",,,,,2.40524299420824,,,,,,,,,,,,,,,,
"1939-01-01",,,,,2.41895163041498,,,,,,,,,,,,,,,,
"1939-04-01",,,,,2.42184480987635,,,,,,,,,,,,,,,,
"1939-07-01",,,,,2.41536986546918,,,,,,,,,,,,,,,,
"1939-10-01",,,,,2.4043656134014,,,,,,,,,,,,,,,,
"1940-01-01",,,,,2.41761139720143,,,,,,,,,,,,,,,,
"1940-04-01",,,,,2.50962012748398,,,,,,,,,,,,,,,,
"1940-07-01",,,,,2.51507530721847,,,,,,,,,,,,,,,,
"1940-10-01",,,,,2.58954595893631,,,,,,,,,,,,,,,,
"1941-01-01",,,,,2.6022423141473,,,,,,,,,,,,,,,,
"1941-04-01",,,,,2.59764291748909,,,,,,,,,,,,,,,,
"1941-07-01",,,,,2.61361581691679,,,,,,,,,,,,,,,,
"1941-10-01",,,,,2.68243341633999,,,,,,,,,,,,,,,,
"1942-01-01",,,,,2.78611916290003,,,,,,,,,,,,,,,,
"1942-04-01",,,,,2.87463360768161,,,,,,,,,,,,,,,,
"1942-07-01",,,,,2.89439156017073,,,,,,,,,,,,,,,,
"1942-10-01",,,,,2.96226161473695,,,,,,,,,,,,,,,,
"1943-01-01",,,,,2.97034992085593,,,,,,,,,,,,,,,,
"1943-04-01",,,,,2.96786452775489,,,,,,,,,,,,,,,,
"1943-07-01",,,,,2.98520882788326,,,,,,,,,,,,,,,,
"1943-10-01",,,,,2.96460310738807,,,,,,,,,,,,,,,,
"1944-01-01",,,,,2.96985306837847,,,,,,,,,,,,,,,,
"1944-04-01",,,,,2.97082603606118,,,,,,,,,,,,,,,,
"1944-07-01",,,,,2.97865044664304,,,,,,,,,,,,,,,,
"1944-10-01",,,,,2.96841043821386,,,,,,,,,,,,,,,,
"1945-01-01",,,,,2.97058594647131,,,,,,,,,,,,,,,,
"1945-04-01",,,,,2.97269430437731,,,,,,,,,,,,,,,,
"1945-07-01",,,,,2.97282452542209,,,,,,,,,,,,,,,,
"1945-10-01",,,,,2.97113141980545,,,,,,,,,,,,,,,,
"1946-01-01",,,,,2.97164164563153,,,,,,,,,,,,,,,,
"1946-04-01",,,,,2.97451858626326,,,,,,,,,,,,,,,,
"1946-07-01",,,,,2.96711314986729,,,,,,,,,,,,,,,,
"1946-10-01",,,,,3.06810315379821,,,,,,,,,,,,,,,,
"1947-01-01",,,,,3.06502014637367,,,,,,,,,,,,,,,,
"1947-04-01",,,,,3.06621849569576,,,,,,,,,,,,,,,,
"1947-07-01",,,,,3.15107554911753,,,,,,,,,,,,,,,,
"1947-10-01",,,,,3.16270019925965,,,,,,,,,,,,,,,,
"1948-01-01",,,,,3.25208460645796,,,,,,,,,,,,,,,,
"1948-04-01",,,,,3.34268843708938,,,,,,,,,,,,,,,,
"1948-07-01",,,,,3.42944006048596,,,,,,,,,,,,,,,,
"1948-10-01",,,,,3.53542504458447,,,,,,,,,,,,,,,,
"1949-01-01",,,,,3.62546624970918,,,,,,,,,,,,,,,,
"1949-04-01",,,,,3.70964929472705,,,,,,,,,,,,,,,,
"1949-07-01",,,,,3.80434979347284,,,,,,,,,,,,,,,,
"1949-10-01",,,,,3.81147188439272,,,,,,,,,,,,,,,,
"1950-01-01",,,,,3.90758626069724,,,,,,,,,,,,,,,,
"1950-04-01",,,,,3.98427000974564,,,,,,,,,,,,,,,,
"1950-07-01",,,,,4.08602210837882,,,,,,,,,,,,,,,,
"1950-10-01",,,,,4.27337586020727,,,,,,,,,,,,,,,,
"1951-01-01",,,,,4.46830097507961,,,,,,,,,,,,,,,,
"1951-04-01",,,,,4.72256354172648,,,,,,,,,,,,,,,,
"1951-07-01",,,,,4.92557193990012,,,,,,,,,,,,,,,,
"1951-10-01",,,,,5.29107767453285,,,,,,,,,,,,,,,,
"1952-01-01",,,,,5.49572971326093,,,,,,,,,,,,,,,,
"1952-04-01",,,,,5.64680465095669,,,,,,,,,,,,,,,,
"1952-07-01",,,,,5.76372143658825,,,,,,,,,,,,,,,,
"1952-10-01",,,,,5.845503180474,,,,,,,,,,,,,,,,
"1953-01-01",,,,,5.87097787267556,,,,,,,,,,,,,,,,
"1953-04-01",,,,,5.92295005890271,,,,,,,,,,,,,,,,
"1953-07-01",,,,,6.04217501203991,,,,,,,,,,,,,,,,
"1953-10-01",,,,,5.93824741279566,,,,,,,,,,,,,,,,
"1954-01-01",,,,,6.06007157911811,,,,,,,,,,,,,,,,
"1954-04-01",,,,,6.01429268085874,,,,,,,,,,,,,,,,
"1954-07-01",,,,,6.03890790290992,,,,,,,,,,,,,,,,
"1954-10-01",,,,,6.03474007726248,,,,,,,,,,,,,,,,
"1955-01-01",,,,,6.05914331826894,,,,,,,,,,,,,,,,
"1955-04-01",,,,,6.10692338214246,,,,,,,,,,,,,,,,
"1955-07-01",,,,,6.13033888984205,,,,,,,,,,,,,,,,
"1955-10-01",,,,,6.22271749214863,,,,,,,,,,,,,,,,
"1956-01-01",,,,,6.24353846001767,,,,,,,,,,,,,,,,
"1956-04-01",,,,,6.47818580320497,,,,,,,,,,,,,,,,
"1956-07-01",,,,,6.59691401175187,,,,,,,,,,,,,,,,
"1956-10-01",,,,,6.5910119823208,,,,,,,,,,,,,,,,
"1957-01-01",,,,,6.61382628962169,,,,,,,,,,,,,0.892856999892857,,,
"1957-04-01",,,,,6.66809092639035,,,,,,,,,,,,,0.892856999892857,,,
"1957-07-01",,,,,6.69141202465543,,,,,,,,,,,,,0.892856999892857,,,
"1957-10-01",,,,,6.67844200959132,,,,,,,,,,,,,0.892856999892857,,,
"1958-01-01",,,,,6.70497383220073,,,,,,,,,,,,,0.892856999892857,,,
"1958-04-01",,,,,6.67513538498869,,,,,,,,,,,,,0.892856999892857,,,
"1958-07-01",,,,,6.69213763182198,,,,,,,,,,,,,0.892856999892857,,,
"1958-10-01",,,,,6.76586800843192,,,,,,,,,,,,,0.892856999892857,,,
"1959-01-01",,,,,6.79490267041115,,,,,,,,,,,,,0.892856999892857,,,
"1959-04-01",,,,,6.77579779493802,,,,,,,,,,,,,0.892856999892857,,,
"1959-07-01",2299.788,3972,7.14123455383553,6.59080359456889,6.87788738948689,,,,,,,,,,,,,0.892856999892857,,,
"1959-10-01",2362.864,4088,7.14041489296959,6.72067222293147,6.9473227684968,,,,,,,,,,,,,0.892856999892857,,,
"1960-01-01",2424.612,4166,7.25723032411257,6.81474981191855,6.97802992255408,,,,,,,,,,,,,0.892856999892857,,,
"1960-04-01",2491.082,4378,7.36354549142552,6.97035925978736,7.06110996504251,,,,,,,,,,,,,0.892856999892857,,,
"1960-07-01",2538.8,4400,7.40939729143666,6.99021213057883,7.1549487568732,,,,,,,,,,,,,0.892856999892857,,,
"1960-10-01",2554.956,4428,7.5156035358211,7.04816088222181,7.22451216817991,,,,,,,,,,,,,0.892856999892857,,,
"1961-01-01",2542.075,4421,7.57627727471,7.01529380160827,7.25408030708848,,,,,,,,,,,,,0.892856999892857,,,
"1961-04-01",2545.658,4322,7.56412308355144,6.93430709138133,7.34478273089614,,,,,,,,,,,,,0.892856999892857,,,
"1961-07-01",2563.952,4331,7.57006985888302,6.99958507457002,7.24407749524165,,,,,,,,,,,,,0.892856999892857,,,
"1961-10-01",2580.897,4367,7.56973443336877,6.97760809575154,7.22739634989439,,,,,,,,,,,,,0.892856999892857,,,
"1962-01-01",2649.322,4498,7.52112250058845,6.99140272192889,7.25210916182559,,,,,,,,,,,,,0.892856999892857,,,
"1962-04-01",2705.866,4594,7.58477882591993,7.00615628440757,7.25357305349774,,,,,,,,,,,,,0.892856999892857,,,
"1962-07-01",2734.788,4651,7.60592793415961,7.03669616378942,7.2403376253921,,,,,,,,,,,,,0.892856999892857,,,
"1962-10-01",2778.342,4782,7.65838710467584,7.10706641627517,7.23362442982814,,,,,,,,,,,,,0.892856999892857,,,
"1963-01-01",2831.875,4925,7.6629688429988,7.15386592634609,7.24758843456217,,,,,,,,,,,,,0.892856999892857,,,
"1963-04-01",2875.32,4890,7.71970299954803,7.19614264889323,7.25397309164824,,,,,,,,,,,,,0.892856999892857,,,
"1963-07-01",2976.7,5150,7.76029411686915,7.27997814438169,7.33257115600221,,,,,,,,,,,,,0.892856999892857,,,
"1963-10-01",3007.004,5257,7.68756542030141,7.27595352403753,7.33059020920972,,,,,,,,,,,,,0.892856999892857,,,
"1964-01-01",3063.744,5319,7.7907655215639,7.37419478661949,7.42995781465622,,,,,,,,,,,,,0.892856999892857,,,
"1964-04-01",3135.57,5501,7.8477607653169,7.44229350719231,7.43949994272404,,,,,,,,,,,,,0.892856999892857,,,
"1964-07-01",3211.95,5586,7.89516229535379,7.51105552819102,7.51709222015204,,,,,,,,,,,,,0.892856999892857,,,
"1964-10-01",3280.285,5765,7.99858221669671,7.53763067856932,7.61450426186563,,,,,,,,,,,,,0.892856999892857,,,
"1965-01-01",3323.368,5851,8.0672749370783,7.58587776541527,7.61165731980084,,,10400,,,,,,,,,,0.892856999892857,,,
"1965-04-01",3388.12,5965,8.12524030887746,7.61420692393076,7.71792638264375,,,10500,,,,,,,,,,0.892856999892857,,,
"1965-07-01",3441.95,5986,8.19956417325795,7.6640179596827,7.79479694182785,,,10600,,,,,,,,,,0.892856999892857,,,
"1965-10-01",3488.832,6057,8.26488474387275,7.73587882925412,7.89716003447002,,,10700,,,,,,,,,,0.892856999892857,,,
"1966-01-01",3521.176,6092,8.31374607360274,7.80317590123942,7.98118640060189,,,10900,,,,,,,,,,0.892856999892857,,,
"1966-04-01",3612.5,6250,8.42676486801856,7.8976956818514,7.99568266074162,,,11100,,,,,,,,,,0.892856999892857,,,
"1966-07-01",3686.868,6537,8.4503400564916,8.03338949917671,7.97865216702772,,,11300,,,,,,,,,,0.892856999892857,,,
"1966-10-01",3765.962,6701,8.49683995628251,8.18117774632016,8.08835063063704,,,11500,,,,,,,,,,0.892856999892857,,,
"1967-01-01",3843.652,6938,8.54295566302027,8.15165250467622,8.16390101295572,,,11700,,,,,,,,,,0.892856999892857,,,
"1967-04-01",3913.28,6988,8.66973812972683,8.22201611699936,8.27425430759527,,,12000,,,,,,,,,,0.892856999892857,,,
"1967-07-01",4022.298,7094,8.76313325656658,8.19307625223968,8.34844280802927,,,12300,,,,,,,,,,0.892856999892857,,,
"1967-10-01",4087.775,7235,8.8236850661986,8.28417508846584,8.36917854086807,,,12500,,,,,,,,,,0.892856999892857,,,
"1968-01-01",4208.685,7345,8.88049678332376,8.48589150510306,8.44149023403605,,,12700,,,,,,,,,,0.892856999892857,,,
"1968-04-01",4255.58,7532,8.9972329863516,8.37922932616951,8.4634768350793,,,13000,,,,,,,,,,0.892856999892857,,,
"1968-07-01",4335.604,7756,9.03677172390391,8.51623348855769,8.52903274268347,,,13200,,,,,,,,,,0.892856999892857,,,
"1968-10-01",4452.105,8169,9.13781302843824,8.64696053745878,8.55540094920903,,,13400,,,,,,,,,,0.892856999892857,,,
"1969-01-01",4572.216,8283,9.18434555591597,8.8284015715355,8.72070010209654,,,13800,,,,,,,,,,0.892856999892857,,,
"1969-04-01",4682.66,8545,9.29478569502788,8.93069867321661,8.74794621879091,,,14200,,,,5.9,,,,,,0.892856999892857,,,
"1969-07-01",4800.494,8857,9.34948936742988,9.10624401048981,8.80196018433549,,,14400,,,,5.9,5.8,,,,,0.892856999892857,,,
"1969-10-01",4927.182,9074,9.4624589763049,9.11865493763361,8.82984678537664,,,14700,,,,3.75,5.87666666666667,,,,,0.892856999892857,,,
"1970-01-01",5048.814,9298,9.62878088649946,9.1544863047495,8.9120128177686,,,14900,,,,6.41666666666667,5.98666666666667,,,,28.3727061356863,0.892856999892857,,,
"1970-04-01",5175.616,9656,9.75410990347856,9.31855158510163,9.03085183249248,,,15000,,,,8.8,6.88333333333333,,,,28.5938397080674,0.892856999892857,,,
"1970-07-01",5267.698,9719,9.8033674490923,9.39908173456418,9.07673627008224,,,15200,,,,6.85,6.87666666666667,,,,29.0929309306506,0.892856999892857,,,
"1970-10-01",5443.88,9880,10.0226215419635,9.51025904066376,9.28759178904934,,,15400,,,,6.36666666666667,6.84,,,,29.3968989641614,0.892856999892857,,,
"1971-01-01",5561.462,10261,10.2476984069586,9.75871251479998,9.38276577846628,,,15700,,,,7.4,6.84666666666667,,,,29.9280726804425,0.892856999892857,,,
"1971-04-01",5697.699,10493,10.4154733477464,9.9362156550409,9.49720149279078,,,16100,,,,7.91666666666667,6.83333333333333,,,,30.3130626048175,0.892856999892857,,,
"1971-07-01",5908.884,10902,10.5354302845471,10.0104967581097,9.72646511589612,,,16500,,,,6.65,6.80333333333333,,,,30.34333252825,0.885649640276826,,,
"1971-10-01",6004.9,10918,10.7589211780954,10.0569478969691,9.93083887108233,,,16800,,,,6.06666666666667,6.37,,,,30.9143827903704,0.859317397119651,,,
"1972-01-01",6126.018,11118,10.9222474376409,10.3649122662362,10.0386589778289,,,17200,,,,5.53333333333333,5.94,,,,31.294569403542,0.839630562559527,,,
"1972-04-01",6278.848,11542,11.043339832765,10.5256851595751,10.1450589205052,,,17800,,,,5.61666666666667,5.85,,,,31.540716445586,0.839630562559527,,,
"1972-07-01",6447.802,11702,11.221395232037,10.7258405232739,10.2898932754032,,,18900,,,,4.56666666666667,5.76666666666667,,,,31.8452282501764,0.839607065214033,,,
"1972-10-01",6613.777,12091,11.3825114088072,10.9675067305586,10.3880113214315,,,20100,,,,4.61666666666667,5.77,,,,33.266283338265,0.835923038715742,,,
"1973-01-01",6881.232,12696,11.5670867328785,11.2249942928385,10.5971094614273,,,21100,,,,4.98333333333333,5.75,,,,33.6053246064117,0.740869498150116,,,
"1973-04-01",7178.22,13293,11.8940206416509,11.7305798669105,10.9781961703331,,,22400,,,,6.2,6.34666666666667,,,,34.3897143887718,0.705884693253106,,,
"1973-07-01",7509.795,14037,12.3035378394609,12.2646039748657,11.3234118149754,,,23700,,,,7.38333333333333,7.28333333333333,,,,35.9622097225363,0.697430540913304,,,
"1973-10-01",7889.19,14970,12.7408307817414,12.7606533491049,11.6776447598864,,,24300,,,,9.36666666666667,8.35333333333333,,,,37.2370810187189,0.672270899550106,,,
"1974-01-01",8260.434,15498,13.0252416411723,13.207020525192,12.0828339615913,,,25100,,,,9.61666666666667,8.36333333333333,,,,38.4335586509221,0.672270899550106,,,
"1974-04-01",8672.4,15768,13.5857009331588,13.7154455909327,12.5526940137743,,,25300,,,,18.9333333333333,8.78333333333333,,,,38.2609113331409,0.672270899550106,,,
"1974-07-01",9297.915,16753,14.2966103613768,14.4015274677968,13.2010847518032,,,24800,,,,13.9333333333333,9.5,,,,36.8036048397439,0.680192376875032,,,
"1974-10-01",9705.85,17647,15.022898561666,15.1539794886427,13.6114928153801,,,26000,,,,10.15,9.5,,,,36.3991297850156,0.76192929857714,,,
"1975-01-01",10187.434,17999,15.4223694240331,15.3973084115915,14.2153993360265,,8400,27800,,,,8.9,9.46666666666667,,,,35.6773643053256,0.742018999,,,
"1975-04-01",10638.95,18830,15.9695984060693,15.6137294550825,14.6880130295613,,9000,29200,,,,9.16666666666667,9.5,,,,35.984866850854,0.745330332333333,,,
"1975-07-01",10942.728,19402,16.5454853417683,16.268542212076,14.8012323108307,,9300,30600,,,,8.13333333333333,10,,,,36.7683503480815,0.775933332333333,,,
"1975-10-01",11307.928,20338,17.4374741978393,17.3138081270464,15.5450006655417,,9800,31700,,,,7.9,10,,,,35.8201042137274,0.792202332333333,,,
"1976-01-01",11865.771,21303,17.9737041881117,17.364778403357,16.0699559583127,,10100,32500,,,,8.13333333333333,10.0033333333333,,,,36.1288755584416,0.795638999,,,
"1976-04-01",12387.68,22240,18.3973456437672,18.0751773339074,16.4512381766713,,10200,33500,,6.10666666666667,7.865,10.04,9.99666666666667,,,,36.1412916647597,0.809592332333333,,,
"1976-07-01",12958.008,23016,18.8038312970871,18.5551160733652,16.8631866599717,,10400,39300,51400,7.96666666666667,7.59333333333333,9.44666666666667,9.99333333333333,,,,35.2967245495876,0.805045332333333,,,
"1976-10-01",13513.75,23750,19.4004752779761,18.9823968143808,17.7548197016359,,10700,40700,53700,6.42,6.94333333333333,9.34,10.13,,,,34.3558193248085,0.862859665666667,,,
"1977-01-01",13790.472,24279,19.8282525579107,19.5110358781357,18.2070197132829,,11000,42100,55200,8.69,7.48666666666667,9.32333333333333,10.4,,,,34.5302792128551,0.915313665666667,,,
"1977-04-01",14283.607,25103,20.333228076125,19.8914790267828,18.6845639959238,,11100,42900,56100,9.96,8.50666666666667,10.9166666666667,10.4066666666667,,,,34.4700112515299,0.904220332333333,,,
"1977-07-01",14629.15,25442,20.7801800436522,20.2474771324971,19.0996989373113,,11300,43200,57600,11.06,9.49333333333333,10.6833333333333,10.3333333333333,,,,33.9054862423651,0.900308332333333,,,
"1977-10-01",15000.59,25730,21.2917154277581,20.5399055952964,19.4151209439826,,11400,44200,59400,9.18,9.05666666666667,9.92666666666667,9.76666666666667,,,,33.7045628284434,0.887457665666667,,,
"1978-01-01",15202.044,26577,21.5034659634924,21.0698270757299,19.7926582972384,6.45,11700,45600,61200,9.11666666666667,8.37666666666667,9.69333333333333,9.25333333333333,,,,34.1135693088352,0.878618332333333,,,
"1978-04-01",15929.922,27371,22.0399538864783,21.5185791835509,20.1706591822179,6.26666666666667,12000,47000,63000,9.37666666666667,8.60666666666667,10.6966666666667,9.12333333333333,,,,33.3826503493049,0.880129332333333,,,
"1978-07-01",16210.17,28290,22.4788797466092,21.9078320360662,20.5856828166595,6.33333333333333,12400,48500,65500,10.2733333333333,9,9.75333333333333,9.03333333333333,,,,32.9412894896754,0.867773999,,,
"1978-10-01",16578.414,29034,23.228502087996,22.3026144900547,20.8944769809282,6.3,12800,49700,67800,8.24666666666667,8.56333333333333,9.23,8.83,,,,32.5677187579725,0.868115332333333,,,
"1979-01-01",17044.469,30491,23.6266888913799,22.7951924141573,21.377700972884,6.33333333333333,13400,51800,70300,9.25,8.06333333333333,8.75666666666667,9.06666666666667,,,,33.7223260170445,0.883664332333333,,,
"1979-04-01",17492.4,30960,24.1385905540682,23.5242181873759,21.9409496895136,6.33333333333333,14000,53200,73000,11,8.92333333333333,10.4066666666667,9.78333333333333,,,,34.9293165567871,0.901877999,,,
"1979-07-01",17937.92,32032,24.7173992336643,24.1144768202454,22.5274178171433,6.2,14500,54400,75100,11.1666666666667,10.0333333333333,9.83666666666667,10.07,,,,34.8182059995169,0.886768999,,,
"1979-10-01",18420.43,33310,25.2776126178004,24.6030205477144,23.0299074318058,6.16666666666667,14700,56300,77700,8.66666666666667,9.18,10.0933333333333,10.0766666666667,,,,34.4285940209651,0.906252332333333,,,
"1980-01-01",19231.64,34220,26.0662582171,25.1567393762677,23.611188079312,6,15400,58600,81200,10.3333333333333,9.50333333333333,10.52,10.7333333333333,,,,34.502818773334,0.907938332333333,,,
"1980-04-01",19699.37,34990,26.6104096693708,25.6596607119629,24.3574777272847,6.2,15800,60200,83700,22.25,12.71,13.6466666666667,11.7566666666667,,,,35.1607817796812,0.889356665666667,,,
"1980-07-01",20315.176,36148,27.2314459886266,26.3666891476158,24.7546457089253,6.13333333333333,16400,62200,86900,12.3333333333333,12.17,12.2966666666667,11.7933333333333,,,,35.7351852967925,0.860694999,,,
"1980-10-01",20981.775,37805,27.8583462440632,27.1101679085434,25.1579436961273,6,17200,64500,91300,12.8333333333333,10.3466666666667,11.6466666666667,12.3066666666667,,,,36.127334873716,0.854987332333333,,,
"1981-01-01",21590.8,38555,28.5240890648423,27.5449620383706,25.8464580271991,5.73333333333333,17200,66100,93800,12,11.2233333333333,13.5333333333333,13.1,,,,37.5979637585638,0.856036999,,,
"1981-04-01",22473.256,39988,29.1127436490577,28.1309328715518,26.4074780373456,5.53333333333333,17700,68300,97600,18.5833333333333,14.2033333333333,16.1833333333333,13.1,,,,38.0122266927254,0.873802665666667,,,
"1981-07-01",23483.12,42160,29.7133762673741,29.0723807793872,26.9794403288807,5.8,18000,69900,101700,15.9166666666667,15.04,15.4866666666667,14.6333333333333,,,,36.5290004445329,0.874854999,,,
"1981-10-01",24193.206,43357,30.530342038404,30.0213254582818,27.9319088221906,5.96666666666667,18100,71700,105100,14.8333333333333,14.8333333333333,14.95,15,,,,36.7365397399234,0.876163665666667,,,
"1982-01-01",24888.732,44286,31.176935822291,30.9114888558186,28.6378850876954,6.2,18200,73600,108900,16.1266666666667,15.4233333333333,17.4066666666667,15.0833333333333,,,,35.6344063900352,0.920527999,,,
"1982-04-01",26067.258,45974,31.958527687113,31.8070762396071,29.2950679897845,6.56666666666667,18100,76000,113000,22.0433333333333,18.3533333333333,19.47,16,,,,35.914629753069,0.953939999,,,
"1982-07-01",26910.524,46558,33.0618230342143,32.425220033754,30.3223816901687,7.1,18000,77700,116500,18.25,17.7933333333333,16.64,16.0333333333333,,,,34.0913653230838,1.017379999,,,
"1982-10-01",27849.687,47283,33.8944222742276,33.4686250953539,31.0777763359329,8.8,18100,79900,120200,13.4166666666667,13.72,13.82,14.3833333333333,,,,32.9367580640118,1.05160333233333,,,
"1983-01-01",28426.816,47696,34.5900653645382,34.0892115514803,31.8913257898383,9.63333333333333,18700,83000,125300,14.1266666666667,13.9233333333333,13.2266666666667,13.6666666666667,,,,33.1119429801646,1.06137999933333,,,
"1983-04-01",28779.579,48207,35.2597599041227,34.5251220125105,32.5605802442575,10.2333333333333,19100,85700,129800,14.3333333333333,12.0833333333333,13.4366666666667,13.9666666666667,,,,33.5885583314566,1.143726666,,,
"1983-07-01",29375.424,50999,35.7190302803503,35.5287587808299,33.0930665441541,10.3333333333333,19600,88300,133100,11.75,10.6666666666667,12.0066666666667,14.55,,,,32.8125063723173,1.13568333233333,,,
"1983-10-01",30083.34,52410,36.534077288234,35.9053349116889,33.7775754762887,9.73333333333333,20900,91300,137100,10,8.32333333333333,10.1266666666667,13.3666666666667,,,,33.474638290275,1.099269999,,,
"1984-01-01",30887.752,54572,37.0390730112653,36.4937045180468,33.7434264847924,9.36666666666667,20500,94500,142000,12.2933333333333,10.4866666666667,11.8566666666667,13.8666666666667,,,,34.7648258052004,1.075069999,,,
"1984-04-01",31147.002,55819,37.5513843173895,36.896699647916,33.8666462920852,9.13333333333333,21000,96400,146100,14.1266666666667,13.8533333333333,13.49,13.9333333333333,,,,35.4829661443594,1.10682333233333,,,
"1984-07-01",31124.337,56487,38.0651689551889,36.9973264201929,34.287318287637,8.8,21600,1e+05,149100,12.13,11.6233333333333,11.4633333333333,13.0166666666667,,729.405554877387,,36.4574945475621,1.19344666633333,,,
"1984-10-01",31638.971,57421,38.5501200218774,37.3836347648198,34.6305879295926,8.63333333333333,22300,104100,154500,11.71,11.5566666666667,11.59,13.2833333333333,,748.177418370401,,35.9256864316881,1.182736666,,,
"1985-01-01",32733.027,59623,39.0762373791607,38.2527782156515,35.2238283969947,8.53333333333333,23000,108800,159100,13.17,12.2933333333333,14.15,13.5333333333333,,774.030644570627,,37.2557504924527,1.337806666,,,
"1985-04-01",33888.291,61953,40.046230103559,38.878893445222,36.0993518379935,8.46666666666667,23900,111500,164800,16.8366666666667,16.72,15.69,13.75,,866.034426829854,,36.7553904706837,1.50077333233333,,,
"1985-07-01",35247.064,63394,40.7647472452242,39.2792635629373,36.8765586421748,8.2,24000,117200,173100,16.3366666666667,16.13,16.0566666666667,13.7166666666667,,935.980305064808,,36.7448775631443,1.43356333333333,,,
"1985-10-01",36255.186,64626,41.3865071716079,40.1550570413986,37.524138786266,7.83333333333333,23900,119300,178100,18.0433333333333,17.8666666666667,18.0333333333333,14.8166666666667,,1008.33281040192,,36.5453135769216,1.45543666633333,,,
"1986-01-01",36479.238,65847,42.1951640404797,40.632732297438,38.4671048845478,7.9,24300,121600,183700,17.5,18.26,17.9,13.4666666666667,,1068.0566599528,,36.5398758661254,1.42604999966667,,,
"1986-04-01",37804.356,67029,42.882251174057,41.4385056743245,39.1590867094689,7.8,25500,125500,191700,16.3766666666667,15.9,15.0566666666667,12.6166666666667,,1203.73492722284,,36.9053806601472,1.40365999933333,,,
"1986-07-01",39115.845,68265,44.0581843405684,42.0914030819063,40.131866871741,8.2,26100,127600,196500,17.0033333333333,16.73,16.7666666666667,14.05,,1174.1166677764,,34.9788903535464,1.60939333333333,,,
"1986-10-01",39930.734,70549,45.0552753738597,42.7937212750687,41.1529713203339,8.33333333333333,27100,130200,202900,15.5833333333333,16.1633333333333,16.0833333333333,13.5333333333333,,1381.19219207764,,34.4263283081333,1.54479333333333,,,
"1987-01-01",40725.168,72336,45.802050762496,43.4467036591565,42.080928793374,8.26666666666667,28300,133300,209600,16.36,16.4266666666667,16.3233333333333,13.75,,1583.37741384199,,34.12118210395,1.49070666666667,,,
"1987-04-01",41661.63,75066,46.5973822742339,44.3791585482198,42.7748598442501,8.16666666666667,29400,137500,217600,13.9433333333333,14.0833333333333,14.3,12.95,,1783.13226121472,,33.9750889405572,1.40018666666667,,,
"1987-07-01",42994.185,77467,47.3824237607944,44.988211986626,43.4876397707813,8,31300,142200,227800,12.06,12.13,12.41,12.8,,2088.704543605,,33.9680199165221,1.40036333333333,,,
"1987-10-01",44043.528,79789,48.0583214112527,45.4176505895912,44.1227061686719,7.9,32700,146600,237800,11.75,11.43,11.9666666666667,13.2666666666667,,1481.98437690735,,35.0020912529437,1.42146333333333,,,
"1988-01-01",45305.9,82675,49.0204257506431,46.8701684887472,44.956778399799,7.5,34100,150100,250800,10.71,10.7166666666667,10.9833333333333,12.2,,1296.76773957283,,35.9448996765015,1.38991,,,
"1988-04-01",46005.132,84724,49.8320502065389,47.9819911522294,45.8268388254875,7.63333333333333,35200,155200,261700,12.31,12.3166666666667,12.2566666666667,11.9166666666667,,1495.32131507748,,37.1808007119776,1.28589666666667,479000,,
"1988-07-01",47379.06,87739,50.5981768821429,49.2966497189857,46.6691880686852,6.93333333333333,36500,160400,270600,13.01,12.8966666666667,13.3466666666667,11.9,,1593.60605320786,,40.0873477610905,1.25105333333333,487000,740000,635000
"1988-10-01",48831.783,90597,51.3333995428439,50.086133480504,47.4554801566087,6.73333333333333,38700,171100,284500,14.2866666666667,14.11,14.6133333333333,12.4,,1517.79839103453,,43.2403137377872,1.19277333333333,5e+05,791000,683000
"1989-01-01",50621.718,93226,52.0688488994123,51.061701137999,48.0181686080013,6.56666666666667,40900,182100,290900,15.8166666666667,15.7,16.45,13.5333333333333,,1496.69838788432,,46.2915038940806,1.18155333333333,509000,825000,714000
"1989-04-01",52198.377,96843,53.1625910320636,51.9139543768437,49.2562949394597,6.16666666666667,40800,192900,301600,17.91,17.2433333333333,17.7833333333333,13.6,,1503.90158613901,,46.0387409705679,1.28705333333333,528000,850000,736000
"1989-07-01",53504.614,98717,54.0451053034446,52.4798059577176,50.4062951991667,5.96666666666667,40600,200100,306900,17.92,17.9466666666667,18.0466666666667,13.3166666666667,,1675.19999624399,,45.0194420818095,1.30946666666667,549000,869000,753000
"1989-10-01",54546.522,100454,54.7066963475767,53.5508552304477,51.1561077011251,5.83333333333333,42000,205200,313700,18.1166666666667,18.1333333333333,18.1666666666667,13.1833333333333,,1655.1253875248,,44.3392750897109,1.28031333333333,562000,883000,764000
"1990-01-01",56043.96,102270,55.5906692012622,54.1005425474241,52.1954701827431,6.23333333333333,40800,211700,313600,16.9166666666667,17.0133333333333,16.4566666666667,13.18,,1625.81935168851,,43.7670466569181,1.30609333333333,568000,902000,781000
"1990-04-01",57209.643,104207,56.4896519887934,55.0487021456655,53.0633077843575,6.46666666666667,42400,216600,317100,15.25,15.08,15.07,13.5633333333333,,1493.83278768571,,43.464981822186,1.30217666666667,572000,921000,797000
"1990-07-01",57918.549,103611,57.093046663776,55.0300085681217,53.4764323262743,7.23333333333333,43400,221600,321400,14.4166666666667,14.38,14.09,13.4266666666667,,1528.91846642127,,42.7774739205124,1.23705,572000,922000,796000
"1990-10-01",58820.289,104849,58.313298482628,55.3820205351511,54.6912095277269,7.83333333333333,45200,227100,324300,12.6666666666667,13.0666666666667,12.5566666666667,12.55,,1336.6317390563,,41.9386164016764,1.27890666666667,569000,929000,801000
"1991-01-01",59064.24,103440,58.4680643025925,55.3326724123092,54.6917596669319,8.73333333333333,44200,225700,323700,12,12.0166666666667,11.68,11.4766666666667,,1350.66229147989,,41.9675268974099,1.28472333333333,586000,948000,819000
"1991-04-01",59615.424,103499,58.7593810939595,55.4649092952978,54.8290799675413,9.63333333333333,45300,228300,321200,10.8333333333333,11.0366666666667,10.8233333333333,10.9666666666667,,1506.88226515247,,42.3983748495,1.29580333333333,597000,958000,827000
"1991-07-01",60787.078,104266,59.196701902806,55.6318276509832,55.1402924670642,9.83333333333333,46800,231100,320900,10.1666666666667,10.2,10.0166666666667,10.6566666666667,,1554.71211751302,,43.4675194205575,1.27905,609000,981000,847000
"1991-10-01",61351.422,105234,59.6756495776869,56.1102440850837,55.5488697283614,10.2333333333333,48600,231700,318600,8.83333333333333,8.88333333333333,8.38333333333333,9.66333333333333,,1619.24687385559,,43.0321400428038,1.27544666666667,624000,990000,855000
"1992-01-01",62346.672,106758,59.9473283129659,56.4826922339151,55.6095217529936,10.4,50200,231800,319000,7.5,7.60333333333333,7.49333333333333,10.0133333333333,,1618.84920441158,,42.7456633123543,1.32799,627000,982000,845000
"1992-04-01",62798.69,107165,59.8751479479852,56.2894703649455,55.4819416742732,10.6333333333333,52000,234900,320800,6.83333333333333,6.92333333333333,6.72,9.15,,1638.26935798891,,43.0140143401497,1.31870333333333,637000,999000,861000
"1992-07-01",63292.32,108192,60.2101300739873,56.2739834961243,55.5830632277365,10.8,58300,238700,325200,5.75,5.84333333333333,5.77,8.73666666666667,,1570.93333296342,,42.9791223625403,1.36790333333333,644000,1012000,872000
"1992-10-01",63911.757,110383,60.5737325951587,56.24346168239,55.765617190097,11.1333333333333,58400,241000,324100,5.75,5.76666666666667,5.88,8.98,1497.98890064381,1452.31562423706,,43.1745174371525,1.43199666666667,652000,1025000,883000
"1993-01-01",64215.58,112265,60.9328512089495,56.8092910513852,56.2562865245387,10.9,61400,245900,328800,5.58333333333333,5.70333333333333,5.69333333333333,8.13333333333333,1600.32857259115,1590.04285830543,,43.2248162620179,1.45514,670000,1022000,878000
"1993-04-01",65099.062,113413,61.2657892622718,57.0622095799995,56.4961435285572,10.8666666666667,64700,249800,331400,5.25,5.26,5.21333333333333,7.54333333333333,1705.4596734816,1702.61774075416,,43.3649279435348,1.43797666666667,684000,1041000,896000
"1993-07-01",65234.88,113255,61.5329085645289,56.9094604700321,56.7675574774053,10.8666666666667,65200,252100,331800,4.75,4.91,4.89666666666667,6.78666666666667,1861.01666999586,1876.85909386837,,43.19273376832,1.49443666666667,708000,1055000,908000
"1993-10-01",66611.52,115645,61.785670757577,57.0690298289595,56.8185738244362,10.9,68700,255600,334800,4.75,4.71,4.80333333333333,6.66,2013.74688148499,2064.89530754089,,43.5247060124315,1.49468666666667,734000,1083000,934000
"1994-01-01",67142.569,118001,61.8983326683397,57.2796671822801,57.0970654318579,10.4666666666667,72300,262900,340900,4.75,4.71333333333333,4.83,7.12,2134.67581078314,2202.356453188,84.2525313621831,43.7895225282093,1.41307666666667,734000,1118000,968000
"1994-04-01",67887.36,119520,62.2396567577486,57.3312596637062,57.5031063071076,9.9,74400,267800,347000,4.75,4.68,4.96333333333333,8.95333333333333,1998.42624151511,2059.90162733735,84.51646858283,44.025247291227,1.38018,736000,1133000,981000
"1994-07-01",69396.816,123044,62.4488050803839,58.5784923559116,57.8624759799922,9.46666666666667,75500,271100,351900,5.25,5.03666666666667,5.64666666666667,9.75333333333333,1993.05302660393,2050.98789284446,83.768646457664,44.4134998420798,1.35332666666667,746000,1158000,1003000
"1994-10-01",70138.638,122406,62.7593326845738,57.6327031587252,58.3279187714824,9.03333333333333,76200,280600,361700,6.83333333333333,6.36666666666667,7.18666666666667,10.34,1888.71746148003,1948.14920673673,84.9626481701138,43.8615721962597,1.32442,743000,1171000,1015000
"1995-01-01",71505.476,124574,63.2515040242232,58.7030074996043,59.2498952152765,8.76666666666667,75800,285300,367100,7.5,7.48666666666667,8.19333333333333,10.2062753623188,1832.62698218936,1876.31586759053,83.649246286419,43.5992932788535,1.33559666666667,753000,1172000,1014000
"1995-04-01",73114.962,126278,63.8867679290666,59.2312578818957,60.0767200828314,8.4,76200,288200,372300,7.5,7.50666666666667,7.71333333333333,9.25370032070799,1976.02130627241,2014.30655657659,78.282522799934,42.68902049156,1.37408333333333,778000,1188000,1028000
"1995-07-01",73911.27,128990,64.4144023393953,59.1354960207403,60.828993490878,8.36666666666667,77800,296300,380500,7.5,7.50333333333333,7.54333333333333,8.96414768806073,2083.08307729868,2119.20769230769,82.6312027210671,42.2436719773465,1.35031333333333,798000,1182000,1021000
"1995-10-01",75007.44,131592,64.6539845238024,60.3391897585221,61.306551012853,8.4,81100,305900,390400,7.5,7.5,7.45333333333333,8.41945773524721,2092.46506463914,2137.18889121404,85.0223482557363,41.848169145432,1.33613666666667,811000,1183000,1021000
"1996-01-01",76186.396,133193,65.0858946223723,60.1346986246824,61.4980693502065,8.4,84300,310900,401600,7.5,7.50666666666667,7.48666666666667,8.38968253968254,2199.99682617187,2260.23809911334,86.6091136893867,41.6465207034041,1.32254333333333,821000,1201000,1038000
"1996-04-01",76854.376,135307,65.2528587211879,60.7028760348811,61.9189228720921,8.43333333333333,85900,316000,407200,7.5,7.50333333333333,7.56333333333333,8.87914569031274,2189.68361376153,2256.09673171747,91.1777412943921,41.8488941735382,1.26301,835000,1228000,1065000
"1996-07-01",77093.289,135967,65.3461299878549,60.5210497609724,62.1292545186236,8.63333333333333,87700,320100,412200,7,7.17666666666667,7.13,8.22429951690821,2150.15910570549,2220.86971028646,90.6907142801034,41.8727294725285,1.26843666666667,857000,1239000,1076000
"1996-10-01",78068.946,137931,65.6806797400588,60.8171558704785,62.2290694828036,8.63333333333333,92400,332200,423700,6.5,6.60333333333333,6.42666666666667,7.34370048309179,2292.15467453003,2356.17188644409,91.5076628202006,41.9176812151109,1.25746333333333,884000,1297000,1134000
"1997-01-01",79211.059,139211,65.982334442225,60.954984025708,62.3450483701418,8.63333333333333,94800,338000,430200,6,6.03,5.92666666666667,7.58417376775272,2379.0766805013,2437.22666015625,91.8752896632444,42.2223742767278,1.28501666666667,892000,1313000,1149000
"1997-04-01",80649.23,142742,66.093898098631,60.6831906957884,62.1000306288946,8.46666666666667,98000,345100,441100,5.66666666666667,5.84333333333333,5.75333333333333,7.58311832611832,2472.72699265253,2535.12379479787,90.4456297180742,42.8989161282955,1.30029,932000,1355000,1190000
"1997-07-01",82019.582,143642,66.2220427562704,60.9808136088799,61.8479426633217,8.4,102000,347300,448300,5,5.13333333333333,4.95333333333333,6.53497490432273,2618.7939342152,2681.00907389323,87.8093996213758,43.869366248401,1.35925,958000,1397000,1232000
"1997-10-01",83620.593,147479,66.595703999424,61.7305272129785,62.0523446657398,7.96666666666667,105000,354100,456000,5,5.00333333333333,4.95,6.1174071773637,2511.69218826294,2561.8359375,85.6444859901181,44.5833376759496,1.44496333333333,967000,1386000,1220000
"1998-01-01",84241.458,148574,66.8802208985808,61.8010979378779,62.2415667813577,7.86666666666667,104900,358600,463300,5,4.99333333333333,4.97333333333333,5.85266666666667,2617.56773327243,2675.00483949723,86.8227771537199,45.5491657418782,1.50203333333333,983000,1397000,1229000
"1998-04-01",85827.378,149786,67.0652637772105,61.6732994921362,62.570183869578,7.73333333333333,109100,366200,469700,5,5.01666666666667,5.06666666666667,5.6334126984127,2673.55808184224,2726.65967584425,81.9587912303716,46.2645872256392,1.59121666666667,1010000,1429000,1260000
"1998-07-01",87647.25,152430,67.1637604250371,61.616768370709,62.6800672963662,7.8,110300,376200,484800,5,4.97333333333333,5.13,5.5019282891022,2579.94696969697,2631.15302438447,79.0900450107224,46.1959814410931,1.66995666666667,1028000,1460000,1290000
"1998-10-01",88544.94,155342,67.2173708288047,61.8329865235446,62.9939828961519,7.36666666666667,111800,382100,492700,4.91666666666667,4.9,4.83666666666667,4.98387445887446,2574.94063949585,2660.44687652588,78.0248697988264,46.7509904563644,1.60410666666667,1069000,1479000,1308000
"1999-01-01",90316.8,156800,67.3354528578762,61.9481389300524,62.9671753101361,7.06666666666667,115200,391300,503100,4.75,4.72666666666667,4.79,5.31813882532418,2794.07097010459,2903.71612745716,79.7090406353346,47.5879447764217,1.57838666666667,1092000,1540000,1367000
"1999-04-01",91444.54,157663,67.7372092448122,62.0326627867164,63.2239267248866,6.9,116600,403100,515700,4.75,4.75,4.85,5.81329365079365,2940.01612115675,3008.7032313193,83.5832619812573,48.4595191885485,1.53096666666667,1115000,1555000,1380000
"1999-07-01",92945.712,160528,68.0779633390081,62.4903922293944,63.7929165242581,6.86666666666667,119300,411000,520900,4.75,4.74,4.94,6.27242424242424,2935.93939393939,3004.21817663944,83.0805244181206,48.9307874575575,1.53711,1127000,1623000,1447000
"1999-10-01",94604.547,163393,68.3561207293932,62.5324311165383,64.2223128092503,6.63333333333333,123000,417800,522500,4.91666666666667,4.9,5.46666666666667,6.63339105339106,2936.13810608879,2991.77143012153,81.3492219350683,50.2458978136324,1.55333666666667,1194000,1691000,1513000
"2000-01-01",95602.352,168314,68.8779784889468,64.1700816740506,64.7042535625851,6.66666666666667,124600,422800,535700,5.33333333333333,5.31,5.78333333333333,6.90198285568995,3142.79204644097,3150.49377059936,81.129274251196,50.7307603596321,1.5835,1218000,1703000,1522000
"2000-04-01",97197.54,170522,69.4365495685665,64.3811102053168,65.1871810996197,6.3,127200,432000,549000,5.91666666666667,5.9,6.19333333333333,6.30091300288231,3110.80500488281,3075.85903480405,77.2990424420477,51.5601925130879,1.69535,1250000,1726000,1543000
"2000-07-01",100642.752,174727,71.1313346981301,65.8022116526027,67.6888187420567,6.03333333333333,130900,439900,559700,6.16666666666667,6.15666666666667,6.42,6.17516218081436,3305.80154747596,3263.18923152043,79.165455645193,49.5822252109492,1.74166,1263000,1748000,1562000
"2000-10-01",101537.16,173865,71.3100171135282,65.7232889235429,67.9572087173644,6.16666666666667,134900,438400,558600,6.25,6.22666666666667,6.31333333333333,5.88021929824561,3277.97619435144,3225.86983816964,74.9330337855353,50.6242718565387,1.87879666666667,1278000,1769000,1581000
"2001-01-01",103309.408,178736,71.9177855674587,66.9381736821951,68.5768705577178,6.36666666666667,142100,453600,572400,5.83333333333333,5.87333333333333,5.54666666666667,5.28580266955267,3283.54919627356,3230.08095393105,75.4137765802848,51.1736619039872,1.88335,1287000,1856000,1664000
"2001-04-01",104732.92,180574,72.4519783334854,67.0251002404227,69.1865749192607,6.86666666666667,148800,468500,588800,5,5.01333333333333,4.90666666666667,5.80581682769726,3359.81968013576,3297.78359935323,75.0021602004666,52.5747787191563,1.9498,1349000,1913000,1718000
"2001-07-01",105262.708,184348,72.6369560900413,67.6409132666087,69.3614522049939,6.86666666666667,154900,481000,593600,4.91666666666667,4.91333333333333,4.84666666666667,5.80871179183136,3284.09538010817,3227.28461538462,74.6439596867317,55.1650322569536,1.94703666666667,1320000,2021000,1823000
"2001-10-01",107240.994,186831,73.4302839712704,67.7516572576904,70.1123877514465,7,164000,498500,604400,4.41666666666667,4.42333333333333,4.29666666666667,5.56072602454753,3282.44444831969,3219.55872550843,75.5143240929122,56.705082582967,1.95358333333333,1383000,2047000,1846000
"2002-01-01",109238.272,190976,73.8617599720905,68.7123559204691,70.6002147125287,6.6,168400,512600,609900,4.25,4.23666666666667,4.34333333333333,6.03769444444444,3437.89837746542,3381.38852779201,78.0751435551401,58.3150074927123,1.93013666666667,1413000,2108000,1903000
"2002-04-01",111510.98,194270,74.2255260444229,68.7163758310629,71.1424769913657,6.4,202900,496200,588900,4.5,4.46666666666667,4.83333333333333,6.17228299008391,3347.430656187,3297.71904451885,80.8621949207796,61.3817857532883,1.81419333333333,1426000,2215000,2008000
"2002-07-01",114029.418,196942,74.874239376749,69.4920535252213,71.5885521065857,6.26666666666667,205600,515900,603600,4.75,4.75,4.95333333333333,5.64796866177301,3116.27574943774,3066.26971250592,78.3139438976301,63.5256032347129,1.82556666666667,1425000,2338000,2127000
"2002-10-01",115305.408,200183,75.3562660965372,70.0449939185218,72.153969787961,6.16666666666667,210800,531500,617600,4.75,4.75,4.85666666666667,5.51788474810214,3004.12656021118,2965.13592147827,79.9384146485157,65.4206454472087,1.79235333333333,1471000,2362000,2149000
"2003-01-01",116984.888,202396,76.0106964689806,70.6611977408,72.9353129287142,6.06666666666667,214400,547700,631900,4.75,4.75,4.77,5.23813888888889,2902.60482295867,2877.25322108115,82.9925453445716,66.3209490980424,1.68707666666667,1472000,2451000,2236000
"2003-04-01",117714.816,204366,75.890655603051,71.0603180458164,72.9914786963004,6.06666666666667,217700,564400,637500,4.75,4.75,4.74666666666667,5.05899481658692,2999.85573690446,2966.35900678791,87.6994257794396,69.8990534304931,1.56338666666667,1540000,2575000,2357000
"2003-07-01",119598.908,209089,76.0860288411709,71.4917493496213,73.43484159486,5.9,226900,577800,656900,4.75,4.75,4.81666666666667,5.42327608381956,3142.75757945668,3135.06514485677,90.3827875226821,73.5445853768175,1.51956,1597000,2697000,2477000
"2003-10-01",123028.29,214335,76.501811615487,72.0645195382766,73.9108910225488,5.73333333333333,232000,594200,665700,5,4.98666666666667,5.25,5.74669220151829,3232.89218902588,3240.75936126709,95.1587943724814,75.9321935589409,1.39763333333333,1658000,2795000,2574000
"2004-01-01",125848.512,218487,76.7383475180112,72.9034553005997,74.4606891607445,5.5,235200,610700,676400,5.25,5.25,5.54333333333333,5.5788115942029,3344.51111808656,3352.23492140997,99.7305640872564,74.9553994429065,1.30667666666667,1710000,2856000,2632000
"2004-04-01",127150.419,221903,77.0827358238062,73.4940436551304,74.8395067369296,5.43333333333333,237100,621300,689300,5.25,5.25,5.51333333333333,5.86885714285714,3445.03749465942,3445.62418488533,94.2601509783744,73.8511816372131,1.39965,1788000,2888000,2663000
"2004-07-01",128702.86,225005,77.1167274029691,74.0338538763128,75.0773617781998,5.46666666666667,242100,631900,700600,5.25,5.25,5.44,5.57098484848485,3553.24242794152,3560.54090465199,93.2860969497969,73.5773022701083,1.41012333333333,1839000,2955000,2728000
"2004-10-01",131177.463,228931,77.5375963988279,74.7555187360202,75.7638479526931,5.13333333333333,247500,647100,722700,5.25,5.25,5.41666666666667,5.34444444444444,3853.78485662287,3857.44061279297,96.6984281595878,74.2770450210734,1.32256,1913000,3023000,2794000
"2005-01-01",131317.498,233246,77.8752332841351,75.5408428848414,76.2762030059579,5.13333333333333,253700,657500,739700,5.33333333333333,5.33,5.62,5.4674037176274,4142.59329427083,4134.62831217448,98.294619922547,73.6315887495576,1.28703666666667,1962000,3065000,2833000
"2005-04-01",134570.57,238178,78.4068938866858,76.7903124414019,76.6785336490591,5.03333333333333,260100,677000,764400,5.5,5.5,5.69666666666667,5.30006782106782,4112.86824931796,4075.69523111979,98.6119730092771,73.6962068795198,1.30126,2011000,3095000,2860000
"2005-07-01",136470.88,243698,79.0398998173606,77.7404398791436,77.3591116403012,4.96666666666667,267200,690100,782100,5.5,5.5,5.63,5.19843246125855,4429.14240796638,4388.36062529593,99.3000950488205,72.8881630551959,1.31646,2106000,3131000,2893000
"2005-10-01",137994.752,249088,79.7342249439554,78.8040237569934,77.912943010403,5,273000,700100,790000,5.5,5.5,5.63,5.39398845598846,4562.28412543403,4513.17297557044,98.3511778983999,73.948788546006,1.33313666666667,2181000,3202000,2962000
"2006-01-01",140880.298,252022,80.4822879358607,79.6806988175121,78.5481766015339,5.06666666666667,282000,722100,816400,5.5,5.5,5.61666666666667,5.27226811594203,4902.13492063492,4855.28414093502,96.9717917095434,74.1344863696982,1.35245653866667,2266000,3305000,3062000
"2006-04-01",145026.304,255328,81.5702114738687,80.5173014232077,79.7304031513577,4.86666666666667,288000,746300,840400,5.66666666666667,5.66,5.84,5.68918767507003,5124.57212954662,5081.9426069416,97.1351814175628,75.5762953873259,1.34034055666667,2305000,3411000,3164000
"2006-07-01",147695.286,262803,82.1444598793734,81.6458899510856,80.3814448331515,4.7,294800,767400,867200,5.91666666666667,5.91333333333333,6.15,5.73632505175984,5030.75537109375,4997.26002103365,98.8444891322278,76.2403305040622,1.32104666666667,2376000,3482000,3232000
"2006-10-01",150007.132,269797,82.3669678441633,82.7782665062196,80.5279236818344,4.53333333333333,303000,791400,888100,6.16666666666667,6.14666666666667,6.34666666666667,5.65370813397129,5410.42904958417,5383.46985057044,99.328374036747,77.6913836300435,1.29805,2490000,3581000,3327000
"2007-01-01",154360.656,276632,82.9882702312822,83.74041084891,80.5292594220181,4.56666666666667,314100,826200,921400,6.25,6.25,6.41,5.80789574314574,5820.51428416419,5800.21742466518,99.7148535384084,78.3729100498411,1.27226666666667,2559000,3693000,3434000
"2007-04-01",157760.144,280712,84.1204473687178,84.4335759166889,81.3953960553199,4.33333333333333,331900,869600,965100,6.25,6.25,6.42333333333333,6.0117805958132,6257.68198482326,6264.67703797387,104.15465464286,80.8507842311825,1.20373666666667,2669000,3804000,3541000
"2007-07-01",161110.88,285152,84.4570564472616,84.7617811866319,81.834513003353,4.26666666666667,338600,913000,999900,6.41666666666667,6.4,6.72,6.0225956937799,6214.42460186298,6234.42462439904,104.71080807208,83.1658896026891,1.18048333333333,2752000,3964000,3697000
"2007-10-01",164428.094,290509,85.1918545379779,86.0569161348298,82.8727638603164,4.33333333333333,342800,971800,1059200,6.66666666666667,6.65,7.11666666666667,6.13581131682963,6552.73593139648,6595.89376068115,106.715474105088,85.5418067066006,1.12380333333333,2768000,4067000,3796000
"2008-01-01",166664.732,298148,85.9279515624945,87.3696217558661,83.9640085961281,4.1,341900,1000600,1089000,6.9999,6.97666666666667,7.59,6.15215956558062,5604.5016489498,5672.3786821209,106.200168102873,84.7785333678326,1.10351333333333,2647000,4050000,3775000
"2008-04-01",166986.456,305836,86.4927828884777,89.3273784892903,85.0284142560205,4.26666666666667,347000,1035600,1124400,7.25,7.25,7.8,6.37074206349206,5571.61586991567,5657.31744481647,109.08462487137,82.8389925553208,1.06001666666667,2650000,3998000,3720000
"2008-07-01",167825.784,315462,87.2195977837188,91.5278760348984,85.9033721619723,4.16666666666667,355800,1089300,1168100,7.16666666666667,7.17333333333333,7.44333333333333,5.95831027667984,4947.06817441998,5011.84089429451,104.959034743879,80.0370308105225,1.11838,2612000,3933000,3652000
"2008-10-01",168381.629,315913,87.7015882020396,92.0504825914619,85.9466224331486,4.46666666666667,388400,1130800,1206700,5.16666666666667,5.28666666666667,5.06,4.79056385281385,3873.55000305176,3831.58749008179,84.7269899373935,79.2018890607306,1.48680333333333,2524000,3718000,3434000
"2009-01-01",170089.952,317332,88.2128855059887,91.5570697652094,85.9872620882894,5.3,395000,1142900,1220900,3.58333333333333,3.61666666666667,3.35333333333333,4.22215909090909,3471.09838079637,3417.79193705897,85.239153829839,78.9339911755016,1.50692126504332,2500000,3735000,3449000
"2009-04-01",173585.685,312767,88.6097452504527,89.6536921572955,86.2614180799987,5.73333333333333,415100,1179000,1250100,3,3.02,3.16,5.02431746031746,3826.50967111895,3804.13064279864,95.4447263615154,81.8612921541537,1.32067837319226,2648000,3891000,3603000
"2009-07-01",175404.138,313782,89.1301852544023,89.63172966339,86.9253814164931,5.7,415000,1184800,1245200,3,3,3.27,5.44823748353096,4307.97575609612,4311.01060901989,102.479910135661,84.4915128663034,1.20149990384559,2821000,4114000,3824000
"2009-10-01",179384.777,320903,89.914286605878,90.9352393792258,87.7039328152552,5.56666666666667,404400,1178400,1232600,3.5,3.47666666666667,3.95333333333333,5.46333333333334,4709.17032623291,4720.66564178467,109.348562092017,88.6926882274921,1.0996556982569,2881000,4410000,4116000
"2010-01-01",181615.707,328419,90.5738503079192,92.6604084739036,88.4676728150658,5.33333333333333,409500,1209200,1256900,3.83333333333333,3.82666666666667,4.23,5.55166666666667,4754.67743510585,4773.39837449597,110.448300511378,90.5996934037396,1.10646412317177,2920000,4605000,4309000
"2010-04-01",184969.792,340018,90.9178617906005,95.3450942644955,88.9957577629027,5.26666666666667,413800,1231600,1276500,4.41666666666667,4.4,4.75,5.53416666666667,4614.16834309896,4637.70833333333,109.976984045938,91.7923646383854,1.13374048904199,2861000,4578000,4280000
"2010-07-01",186966.152,344956,90.978944970241,96.0485654239782,89.4369655112328,5.13333333333333,431200,1260800,1303700,4.5,4.5,4.8,5.03916666666667,4486.6621389678,4515.80305249763,110.979317062442,89.990760423072,1.10783333333333,2947000,4597000,4297000
"2010-10-01",189226.73,351070,91.0757486687465,96.9652879577612,90.0870050674173,5.1,437200,1302300,1338500,4.66666666666667,4.66,4.95333333333333,5.33916666666667,4690.08436584473,4769.35623168945,116.936757185612,90.1412943836151,1.0126,3017000,4622000,4321000
"2011-01-01",192695.76,356844,92.1941161439041,98.7692283536731,91.3391520389037,4.96666666666667,446900,1334500,1364700,4.75,4.75,4.93333333333333,5.52166666666667,4782.944263896,4879.17704597848,118.338138142856,88.0855678170899,0.995466666666667,3045000,4609000,4306000
"2011-04-01",195356.424,365836,92.8447255555293,100.074611866805,92.1903372842366,4.96666666666667,437900,1343600,1372500,4.75,4.75,4.96333333333333,5.3325,4703.27213274846,4779.28855020492,122.168369952004,86.691520025956,0.941153883110833,3033000,4620000,4316000
"2011-07-01",197332.25,372325,93.1775148603383,100.453346655917,92.502942620927,5.2,442900,1383800,1412700,4.75,4.75,4.87666666666667,4.57166666666667,4269.76613957332,4340.93690655048,120.446493798261,84.6496596219613,0.952495686867749,2965000,4491000,4185000
"2011-10-01",198919.331,373207,93.5566676177226,99.6144453285509,92.7416675273579,5.2,445500,1406600,1436900,4.5,4.52,4.62,4.0925,4185.55832926432,4247.27047579406,118.22502219115,83.9737521699865,0.988736569341692,3001000,4475000,4168000
"2012-01-01",202455.725,374225,93.873562547829,98.8926284251962,92.8317474832138,5.13333333333333,444800,1434100,1460600,4.25,4.25,4.40666666666667,3.97166666666667,4243.59356886341,4317.56194971478,122.488865148504,84.3960810418291,0.947983752225434,3092000,4503000,4193000
"2012-04-01",205295.434,379474,94.7752234165327,99.5826972751654,93.3270687489961,5.13333333333333,460500,1465400,1488500,3.83333333333333,3.85333333333333,3.78333333333333,3.37666666666667,4197.24164632161,4257.72294441598,118.492101521567,84.3117058959739,0.989832160424741,3233000,4532000,4221000
"2012-07-01",207284.21,380338,95.4219297855994,99.187975669535,94.3780453915791,5.3,481300,1488500,1511100,3.5,3.5,3.55333333333333,3.05583333333333,4273.69693134014,4300.31225961538,123.651445763258,82.9865357749259,0.962950135392967,3318000,4519000,4206000
"2012-10-01",208863.198,381834,95.9832250280032,99.177924666338,94.7287986729656,5.36666666666667,494600,1508400,1530900,3.16666666666667,3.18333333333333,3.17,3.1125,4499.76091766357,4517.37344360352,121.675058718176,84.6423187123863,0.96243807459169,3401000,4628000,4313000
"2013-01-01",210918.277,385591,96.3773779161452,99.6298824527834,95.1769525609431,5.46666666666667,514300,1531700,1549200,3,3,2.99666666666667,3.46916666666667,4932.4557505123,4951.06228387551,122.221785818088,84.8881032403772,0.963210105333587,3503000,4685000,4368000
"2013-04-01",212077.312,389848,96.6468204576143,100.357600183013,95.5705885688709,5.63333333333333,530700,1561400,1573000,2.83333333333333,2.85,2.88,3.235,4973.26935798891,4959.51935011341,117.82911636018,86.6901605982569,1.01032716897221,3455000,4766000,4447000
"2013-07-01",215887.34,393955,97.526339881709,100.595446378961,96.4331768759342,5.7,541600,1578300,1591500,2.58333333333333,2.6,2.64666666666667,,5087.15154474432,5075.49090021307,110.313189791285,87.7976410304281,1.09133305594441,3590000,4852000,4531000
"2013-10-01",218032.155,400059,98.0087085093353,101.350266583177,97.2884307767201,5.83333333333333,567200,1613700,1623600,2.5,2.5,2.58666666666667,,5288.48593902588,5286.17343139648,111.117569892304,90.5868241548551,1.07850205583195,3681000,5027000,4704000
"2014-01-01",220581.579,403257,98.4061427375574,101.36538435816,97.9751381205029,5.9,578300,1638100,1645400,2.5,2.5,2.63333333333333,,5323.04096759734,5335.62902438256,108.163986708876,91.3510037787559,1.1153779399778,3754000,5106000,4780000
"2014-04-01",222312.48,402740,98.7640595277911,100.729042142629,98.4627016762621,5.9,599400,1669200,1676600,2.5,2.5,2.69,3.84033333333333,5454.25408235143,5438.8426213499,112.258155738671,92.6711893315739,1.07185426989915,3807000,5203000,4874000
"2014-07-01",224316.154,402722,98.7228527355744,100.320364333543,98.6819437446728,6.16666666666667,613100,1706000,1709500,2.5,2.5,2.64666666666667,3.49633333333333,5525.99542051373,5520.7802956321,112.302145275445,93.3451029562568,1.08104844395653,3900000,5289000,4956000
"2014-10-01",226544.812,405268,99.0498901584263,100.572132213389,98.9261776704305,6.26666666666667,633900,1731200,1737300,2.5,2.5,2.74,3.20066666666667,5352.05156707764,5337.07656097412,107.372175046935,95.0682228790775,1.16917251743419,4012000,5462000,5124000
"2015-01-01",228615.52,408242,99.5408997154307,100.326507461431,99.2739741612391,6.23333333333333,660800,1759300,1765000,2.33333333333333,2.34333333333333,2.45333333333333,2.529,5722.73872227823,5690.76936586442,102.602452416675,96.3900397451345,1.27257785118976,4174000,5591000,5247000
"2015-04-01",230921.523,407269,99.9130473366422,99.9720318903478,99.9526023996219,6,682400,1781400,1790000,2.08333333333333,2.09666666666667,2.18333333333333,2.759,5721.31773721018,5711.11290322581,101.983456792063,100.23286996485,1.28492704081676,4188000,5818000,5470000
"2015-07-01",233536.527,411881,100.134324619952,100.133027455083,100.198111017616,6.2,708000,1812300,1819600,2,2,2.15,2.79466666666667,5348.20001775568,5352.37119732481,97.3582712112048,101.798568160119,1.37830418780349,4199000,5950000,5596000
"2015-10-01",235323.375,412125,100.411728327975,99.5684331931391,100.575312421523,5.83333333333333,722200,1836400,1845800,2,2,2.23666666666667,2.79933333333333,5182.1703338623,5228.48440551758,98.055819580057,101.578522129897,1.38855197001006,4323000,5998000,5638000
"2016-01-01",237096.288,414504,100.326002149088,99.2307212775001,100.561123995807,5.8,741000,1862900,1873000,2,2,2.29666666666667,2.578,4998.78361136014,5055.944263896,98.3354673495518,101.610423366568,1.3872655141473,4322000,6007000,5643000
"2016-04-01",238553.25,419250,100.507812940805,99.7268524017717,100.968693157721,5.66666666666667,750100,1884000,1893500,1.83333333333333,1.84,2.08333333333333,2.31966666666667,5232.16031125992,5302.92064267113,99.7242798677172,103.254696482843,1.34095193090795,4506000,6143000,5775000
"2016-07-01",240805.467,424701,100.840303054754,101.031211245826,101.538521552873,5.66666666666667,760300,1914200,1925200,1.58333333333333,1.59,1.80666666666667,1.944,5428.69696969697,5517.51669034091,102.200262366166,104.040989463982,1.31897645188805,4638000,6266000,5895000
"2016-10-01",243158.91,438915,101.080232903749,103.217874427418,102.043556748505,5.73333333333333,783700,1963200,1973200,1.5,1.5,1.76,2.52166666666667,5439.37775917659,5509.64919704861,103.859296324517,107.765730730905,1.33366200713457,4734000,6520000,6148000
"2017-01-01",245252.574,446726,101.452584905714,104.732157113251,102.68504572909,5.8,804900,1990400,2001900,1.5,1.5,1.78333333333333,2.751,5737.69208829365,5785.45080760169,105.628304124805,109.643372268853,1.31960078900496,4830000,6677000,6302000
"2017-04-01",247907.4,446680,101.931201553871,104.087350221017,102.910029347093,5.56666666666667,825100,2029900,2041400,1.5,1.5,1.74,2.50866666666667,5806.15246381916,5840.87047739498,103.020353016033,111.577837884622,1.33155603301237,4852000,6843000,6466000
"2017-07-01",249819.744,452572,102.009482455273,104.487917519086,103.42805326293,5.53333333333333,832300,2045200,2056900,1.5,1.5,1.70666666666667,2.66666666666667,5723.88594818115,5776.63230919471,105.841967589138,110.649620651701,1.26683335326206,4888000,6853000,6474000
"2017-10-01",253557.54,455220,102.522736401094,104.654172033509,103.988815380726,5.5,856300,2055100,2068600,1.5,1.5,1.73,2.63866666666667,5937.03173053075,6014.7746078249,102.951226601101,111.011681562218,1.30104213158429,5033000,7016000,6635000
"2018-01-01",256139.592,464021,102.945621746572,105.589212695512,104.615792681735,5.53333333333333,868100,2060400,2071600,1.5,1.5,1.83,2.76833333333333,5973.33224388861,6078.6371046497,101.722661681186,109.769980301893,1.27191179117506,5029000,7029000,6645000
"2018-04-01",259077.445,470195,103.398574891375,106.215089724779,105.037583552582,5.4,869800,2066300,2077400,1.5,1.5,2.03,2.74033333333333,6013.96935641381,6114.38063886089,99.3503688051342,108.63531131574,1.32069218080026,5172000,6998000,6610000
"2018-07-01",260755.404,477574,103.88942803176,107.478050870609,105.404756539192,5.16666666666667,868000,2088500,2101400,1.5,1.5,1.97,2.61933333333333,6244.28461538462,6341.79383263221,99.4037846712175,106.522488785854,1.36789277921497,5272000,6941000,6550000
"2018-10-01",262456.064,482456,104.290998776884,108.316274383597,105.858872679753,5.03333333333333,878900,2107600,2119000,1.5,1.5,1.96333333333333,2.59866666666667,5787.14530944824,5875.82653808594,98.8444891322278,103.450000928942,1.39315183466774,5154000,6875000,6480000
"2019-01-01",263886.854,489586,104.614994911479,109.13404834149,105.978856337719,5.03333333333333,885300,2145500,2157000,1.5,1.5,1.95333333333333,2.118,6017.19517074093,6089.73936187244,96.6701491716613,100.346427491978,1.40393377057273,5350000,6751000,6352000
"2019-04-01",266412.904,497039,105.27789601443,110.480754428438,106.699297440312,5.23333333333333,907600,2146700,2160500,1.41666666666667,1.42666666666667,1.50333333333333,1.63533333333333,6394.642578125,6481.73278208248,95.7557952287063,99.0001409273381,1.42785912333743,5616000,6816000,6413000
"2019-07-01",267021.95,503815,105.69624552704,111.347461602757,107.194289229804,5.26666666666667,1036900,2134500,2141500,1,1.00666666666667,1.02333333333333,1.10466666666667,6643.04242868134,6735.49547230114,94.7974517489769,100.89645193902,1.45893032191709,5733000,7040000,6633000
"2019-10-01",269097.51,502986,106.170564744371,110.487162843294,107.822215652628,5.16666666666667,1075600,2158700,2163900,0.75,0.753333333333333,0.896666666666667,1.13033333333333,6720.1857328869,6825.02032470703,94.3764090398498,104.119926899041,1.46330296102802,5823000,7259000,6848000
"2020-01-01",267063.534,504846,106.73001420321,111.068223334788,108.271927276822,5.16666666666667,1186000,2240300,2246700,0.583333333333333,0.643333333333333,0.77,1.009,6430.69527374752,6515.09364149306,91.0112094766031,105.425793146762,1.51977395068691,5486000,7366000,6950000
"2020-04-01",232863.386,468538,106.49414028802,110.53901755692,106.319590543949,6.9,1258300,2329100,2334500,0.25,0.146666666666667,0.123333333333333,0.895,5586.2629000756,5675.41771673387,91.0866201110736,105.537084961059,1.52499683998086,5746000,7345000,6922000
"2020-07-01",251152.222,488623,106.701259683274,111.379655101229,107.94658955391,7.06666666666667,1315700,2394900,2400200,0.25,0.13,0.0966666666666667,0.898666666666667,6005.83636659564,6155.76208866004,97.3299922232783,104.700311898028,1.3978164901562,5865000,7571000,7141000
"2020-10-01",264489.962,511586,107.343886059325,112.733807645991,108.78454638559,6.76666666666667,1376200,2431500,2435700,0.15,0.0766666666666667,0.0366666666666667,0.878,6377.5453338623,6595.55313873291,97.6253505416212,106.972278097218,1.36975319305666,6129000,7951000,7512000
"2021-01-01",269660.556,532926,107.915317120809,114.904905814851,109.453515770939,5.93333333333333,1427100,2456900,2460300,0.1,0.03,0.0166666666666667,1.36466666666667,6766.83550434728,7027.53225806452,101.518424546162,112.058078376445,1.29360022393294,6235000,8410000,7961000
"2021-04-01",274752.078,551711,108.942804928107,118.006054549332,110.393834057492,5.2,1481200,2510300,2515700,0.1,0.03,0.0366666666666667,1.62233333333333,7126.43709047379,7376.85807554183,101.782361766808,118.660909339314,1.29830655900231,6414000,8837000,8379000
"2021-07-01",262764.248,549716,109.228564314806,119.609899877569,111.198481385846,4.66666666666667,1556100,2587900,2593900,0.1,0.03,0.0133333333333333,1.22366666666667,7418.94395123106,7701.12424538352,98.2694830443902,123.685354115056,1.36075813720763,6586000,9431000,8962000
"2021-10-01",281833.152,568212,110.189197873864,119.417208741511,112.625702724345,4.7,1630100,2656600,2664100,0.1,0.0366666666666667,0.0466666666666667,1.70833333333333,7359.00937652588,7674.04222106934,98.4391569719488,127.822998888441,1.37223211814035,6763000,10009000,9529000
"2022-01-01",291908.52,593310,111.462486112203,123.459867811488,115.000479088577,4.06666666666667,1669900,2686300,2695500,0.1,0.05,0.103333333333333,2.16633333333333,7231.18061680948,7524.3757796749,98.8539154615367,128.579656345741,1.38236575871562,6758000,10192000,9702000
"2022-04-01",304386.53,621197,113.661112953548,128.023758599467,117.167464838894,3.76666666666667,1688300,2759500,2768300,0.433333333333333,0.346666666666667,1.00333333333333,3.38533333333333,7127.13282050461,7370.4180407915,101.53099298524,126.724037536518,1.39741771382737,6441000,10138000,9638000
"2022-07-01",312999.666,629778,115.950602678195,129.179039226009,119.273455151242,3.53333333333333,1655300,2777000,2790200,1.85,1.74,2.38,3.51233333333333,6829.72309945913,7053.05075120192,101.471292899617,120.149663926816,1.46364141968731,6503000,9861000,9350000
"2022-10-01",321830.712,638553,118.168325186911,130.119297717736,121.48824191087,3.46666666666667,1641600,2824500,2837800,2.85,2.78333333333333,3.06,3.722,7004.25712270585,7197.81746806796,99.8625326975798,114.895022727365,1.52323294363057,6700000,9910000,9390000
"2023-01-01",325971.642,650642,119.153714423035,131.877289988103,123.053470207875,3.63333333333333,1629700,2863400,2877300,3.35,3.28,3.47333333333333,3.59133333333333,7267.09522259425,7469.48732793899,100.883718372701,112.77694374371,1.46024770179035,6866000,9948000,9419000
"2023-04-01",331534.336,647528,120.56181351726,130.812926681387,124.215721873585,3.6,1620300,2874500,2890500,3.85,3.79666666666667,3.93666666666667,3.58633333333333,7234.43279328893,7425.05576812244,99.8342537096534,114.976225875256,1.49599895709589,6942000,10241000,9704000
"2023-07-01",336940.965,656805,122.632183453377,131.994245139794,125.687884421566,3.66666666666667,1620700,2918200,2932900,4.1,4.07,4.19333333333333,4.125,7229.66923076923,7437.65229867788,99.9316591125111,116.742213084854,1.52733022646918,7047000,10393000,9851000
"2023-10-01",339633.48,665948,123.533213095755,133.711663717228,126.426910721585,3.9,1638400,2961300,2976400,4.26666666666667,4.21666666666667,4.31333333333333,4.466,7088.48571583581,7292.3603515625,100.355843931408,118.505118925001,1.53718737706492,7292000,10698000,10150000
"2024-01-01",345009.826,675166,124.843701267614,135.330008638123,127.494016990902,3.9,1660000,2999900,3015200,4.35,4.32,4.34666666666667,4.11133333333333,7627.06291740171,7873.44676159274,101.336182179524,119.292680705325,1.51974940901405,7539000,10868000,10316000
"2024-04-01",347660.862,676383,126.040503337024,135.312598482911,128.953389394681,4.06666666666667,1677000,3029400,3045500,4.35,4.32,4.37333333333333,4.27833333333333,7743.60968214466,8002.17741147933,103.409974627464,,1.51702019122365,7584000,11124000,10568000
"2024-07-01",350134.08,679872,127.013315277435,135.577835690112,129.219648954581,4.13333333333333,1706800,3077100,3091800,4.35,4.34,4.42,4.07466666666667,7975.80911162405,8204.24541311553,105.047013817428,,1.49853729729025,7848000,11134000,10574000
"2024-10-01",354300.372,690644,127.99171260108,136.927198618251,129.500737695382,4,1759400,3122800,3134300,,4.34,4.42333333333333,4.37466666666667,8277.25785064697,8535.60466003418,,,,7987000,11163000,10598000
"2025-01-01",,,,,,4.06666666666667,1788700,3152700,3162200,,4.22333333333333,4.20666666666667,4.44166666666667,8228.66291267641,8472.90164283014,,,,,,
