"date","ur","m1","m3","bm","policy","iocr_1d","bab_3m","gov_10y","xjo","xao","reer","xr_usd"
"1957-01-01",,,,,,,,,,,,0.892856999892857
"1957-02-01",,,,,,,,,,,,0.892856999892857
"1957-03-01",,,,,,,,,,,,0.892856999892857
"1957-04-01",,,,,,,,,,,,0.892856999892857
"1957-05-01",,,,,,,,,,,,0.892856999892857
"1957-06-01",,,,,,,,,,,,0.892856999892857
"1957-07-01",,,,,,,,,,,,0.892856999892857
"1957-08-01",,,,,,,,,,,,0.892856999892857
"1957-09-01",,,,,,,,,,,,0.892856999892857
"1957-10-01",,,,,,,,,,,,0.892856999892857
"1957-11-01",,,,,,,,,,,,0.892856999892857
"1957-12-01",,,,,,,,,,,,0.892856999892857
"1958-01-01",,,,,,,,,,,,0.892856999892857
"1958-02-01",,,,,,,,,,,,0.892856999892857
"1958-03-01",,,,,,,,,,,,0.892856999892857
"1958-04-01",,,,,,,,,,,,0.892856999892857
"1958-05-01",,,,,,,,,,,,0.892856999892857
"1958-06-01",,,,,,,,,,,,0.892856999892857
"1958-07-01",,,,,,,,,,,,0.892856999892857
"1958-08-01",,,,,,,,,,,,0.892856999892857
"1958-09-01",,,,,,,,,,,,0.892856999892857
"1958-10-01",,,,,,,,,,,,0.892856999892857
"1958-11-01",,,,,,,,,,,,0.892856999892857
"1958-12-01",,,,,,,,,,,,0.892856999892857
"1959-01-01",,,,,,,,,,,,0.892856999892857
"1959-02-01",,,,,,,,,,,,0.892856999892857
"1959-03-01",,,,,,,,,,,,0.892856999892857
"1959-04-01",,,,,,,,,,,,0.892856999892857
"1959-05-01",,,,,,,,,,,,0.892856999892857
"1959-06-01",,,,,,,,,,,,0.892856999892857
"1959-07-01",,,,,,,,,,,,0.892856999892857
"1959-08-01",,,,,,,,,,,,0.892856999892857
"1959-09-01",,,,,,,,,,,,0.892856999892857
"1959-10-01",,,,,,,,,,,,0.892856999892857
"1959-11-01",,,,,,,,,,,,0.892856999892857
"1959-12-01",,,,,,,,,,,,0.892856999892857
"1960-01-01",,,,,,,,,,,,0.892856999892857
"1960-02-01",,,,,,,,,,,,0.892856999892857
"1960-03-01",,,,,,,,,,,,0.892856999892857
"1960-04-01",,,,,,,,,,,,0.892856999892857
"1960-05-01",,,,,,,,,,,,0.892856999892857
"1960-06-01",,,,,,,,,,,,0.892856999892857
"1960-07-01",,,,,,,,,,,,0.892856999892857
"1960-08-01",,,,,,,,,,,,0.892856999892857
"1960-09-01",,,,,,,,,,,,0.892856999892857
"1960-10-01",,,,,,,,,,,,0.892856999892857
"1960-11-01",,,,,,,,,,,,0.892856999892857
"1960-12-01",,,,,,,,,,,,0.892856999892857
"1961-01-01",,,,,,,,,,,,0.892856999892857
"1961-02-01",,,,,,,,,,,,0.892856999892857
"1961-03-01",,,,,,,,,,,,0.892856999892857
"1961-04-01",,,,,,,,,,,,0.892856999892857
"1961-05-01",,,,,,,,,,,,0.892856999892857
"1961-06-01",,,,,,,,,,,,0.892856999892857
"1961-07-01",,,,,,,,,,,,0.892856999892857
"1961-08-01",,,,,,,,,,,,0.892856999892857
"1961-09-01",,,,,,,,,,,,0.892856999892857
"1961-10-01",,,,,,,,,,,,0.892856999892857
"1961-11-01",,,,,,,,,,,,0.892856999892857
"1961-12-01",,,,,,,,,,,,0.892856999892857
"1962-01-01",,,,,,,,,,,,0.892856999892857
"1962-02-01",,,,,,,,,,,,0.892856999892857
"1962-03-01",,,,,,,,,,,,0.892856999892857
"1962-04-01",,,,,,,,,,,,0.892856999892857
"1962-05-01",,,,,,,,,,,,0.892856999892857
"1962-06-01",,,,,,,,,,,,0.892856999892857
"1962-07-01",,,,,,,,,,,,0.892856999892857
"1962-08-01",,,,,,,,,,,,0.892856999892857
"1962-09-01",,,,,,,,,,,,0.892856999892857
"1962-10-01",,,,,,,,,,,,0.892856999892857
"1962-11-01",,,,,,,,,,,,0.892856999892857
"1962-12-01",,,,,,,,,,,,0.892856999892857
"1963-01-01",,,,,,,,,,,,0.892856999892857
"1963-02-01",,,,,,,,,,,,0.892856999892857
"1963-03-01",,,,,,,,,,,,0.892856999892857
"1963-04-01",,,,,,,,,,,,0.892856999892857
"1963-05-01",,,,,,,,,,,,0.892856999892857
"1963-06-01",,,,,,,,,,,,0.892856999892857
"1963-07-01",,,,,,,,,,,,0.892856999892857
"1963-08-01",,,,,,,,,,,,0.892856999892857
"1963-09-01",,,,,,,,,,,,0.892856999892857
"1963-10-01",,,,,,,,,,,,0.892856999892857
"1963-11-01",,,,,,,,,,,,0.892856999892857
"1963-12-01",,,,,,,,,,,,0.892856999892857
"1964-01-01",,,,,,,,,,,,0.892856999892857
"1964-02-01",,,,,,,,,,,,0.892856999892857
"1964-03-01",,,,,,,,,,,,0.892856999892857
"1964-04-01",,,,,,,,,,,,0.892856999892857
"1964-05-01",,,,,,,,,,,,0.892856999892857
"1964-06-01",,,,,,,,,,,,0.892856999892857
"1964-07-01",,,,,,,,,,,,0.892856999892857
"1964-08-01",,,,,,,,,,,,0.892856999892857
"1964-09-01",,,,,,,,,,,,0.892856999892857
"1964-10-01",,,,,,,,,,,,0.892856999892857
"1964-11-01",,,,,,,,,,,,0.892856999892857
"1964-12-01",,,,,,,,,,,,0.892856999892857
"1965-01-01",,,,,,,,,,,,0.892856999892857
"1965-02-01",,,,,,,,,,,,0.892856999892857
"1965-03-01",,,10400,,,,,,,,,0.892856999892857
"1965-04-01",,,10400,,,,,,,,,0.892856999892857
"1965-05-01",,,10400,,,,,,,,,0.892856999892857
"1965-06-01",,,10500,,,,,,,,,0.892856999892857
"1965-07-01",,,10500,,,,,,,,,0.892856999892857
"1965-08-01",,,10500,,,,,,,,,0.892856999892857
"1965-09-01",,,10600,,,,,,,,,0.892856999892857
"1965-10-01",,,10600,,,,,,,,,0.892856999892857
"1965-11-01",,,10600,,,,,,,,,0.892856999892857
"1965-12-01",,,10700,,,,,,,,,0.892856999892857
"1966-01-01",,,10700,,,,,,,,,0.892856999892857
"1966-02-01",,,10900,,,,,,,,,0.892856999892857
"1966-03-01",,,10900,,,,,,,,,0.892856999892857
"1966-04-01",,,10900,,,,,,,,,0.892856999892857
"1966-05-01",,,11000,,,,,,,,,0.892856999892857
"1966-06-01",,,11100,,,,,,,,,0.892856999892857
"1966-07-01",,,11100,,,,,,,,,0.892856999892857
"1966-08-01",,,11200,,,,,,,,,0.892856999892857
"1966-09-01",,,11300,,,,,,,,,0.892856999892857
"1966-10-01",,,11400,,,,,,,,,0.892856999892857
"1966-11-01",,,11500,,,,,,,,,0.892856999892857
"1966-12-01",,,11500,,,,,,,,,0.892856999892857
"1967-01-01",,,11600,,,,,,,,,0.892856999892857
"1967-02-01",,,11700,,,,,,,,,0.892856999892857
"1967-03-01",,,11700,,,,,,,,,0.892856999892857
"1967-04-01",,,11800,,,,,,,,,0.892856999892857
"1967-05-01",,,11900,,,,,,,,,0.892856999892857
"1967-06-01",,,12000,,,,,,,,,0.892856999892857
"1967-07-01",,,12100,,,,,,,,,0.892856999892857
"1967-08-01",,,12200,,,,,,,,,0.892856999892857
"1967-09-01",,,12300,,,,,,,,,0.892856999892857
"1967-10-01",,,12300,,,,,,,,,0.892856999892857
"1967-11-01",,,12400,,,,,,,,,0.892856999892857
"1967-12-01",,,12500,,,,,,,,,0.892856999892857
"1968-01-01",,,12600,,,,,,,,,0.892856999892857
"1968-02-01",,,12600,,,,,,,,,0.892856999892857
"1968-03-01",,,12700,,,,,,,,,0.892856999892857
"1968-04-01",,,12700,,,,,,,,,0.892856999892857
"1968-05-01",,,12800,,,,,,,,,0.892856999892857
"1968-06-01",,,13000,,,,,,,,,0.892856999892857
"1968-07-01",,,13100,,,,,,,,,0.892856999892857
"1968-08-01",,,13100,,,,,,,,,0.892856999892857
"1968-09-01",,,13200,,,,,,,,,0.892856999892857
"1968-10-01",,,13300,,,,,,,,,0.892856999892857
"1968-11-01",,,13300,,,,,,,,,0.892856999892857
"1968-12-01",,,13400,,,,,,,,,0.892856999892857
"1969-01-01",,,13600,,,,,,,,,0.892856999892857
"1969-02-01",,,13700,,,,,,,,,0.892856999892857
"1969-03-01",,,13800,,,,,,,,,0.892856999892857
"1969-04-01",,,13900,,,,,,,,,0.892856999892857
"1969-05-01",,,14000,,,,,,,,,0.892856999892857
"1969-06-01",,,14200,,,,5.9,,,,,0.892856999892857
"1969-07-01",,,14300,,,,5.8,5.8,,,,0.892856999892857
"1969-08-01",,,14400,,,,6.1,5.79,,,,0.892856999892857
"1969-09-01",,,14400,,,,5.8,5.81,,,,0.892856999892857
"1969-10-01",,,14500,,,,5.6,5.83,,,,0.892856999892857
"1969-11-01",,,14600,,,,0,5.85,,,,0.892856999892857
"1969-12-01",,,14700,,,,5.65,5.95,,,,0.892856999892857
"1970-01-01",,,14700,,,,5.8,5.95,,,,0.892856999892857
"1970-02-01",,,14800,,,,6.3,5.96,,,,0.892856999892857
"1970-03-01",,,14900,,,,7.15,6.05,,,,0.892856999892857
"1970-04-01",,,15000,,,,8.6,6.94,,,,0.892856999892857
"1970-05-01",,,15000,,,,9.1,6.85,,,,0.892856999892857
"1970-06-01",,,15000,,,,8.7,6.86,,,,0.892856999892857
"1970-07-01",,,15100,,,,7.4,6.89,,,,0.892856999892857
"1970-08-01",,,15100,,,,6.8,6.87,,,,0.892856999892857
"1970-09-01",,,15200,,,,6.35,6.87,,,,0.892856999892857
"1970-10-01",,,15200,,,,6.4,6.88,,,,0.892856999892857
"1970-11-01",,,15300,,,,6.2,6.83,,,,0.892856999892857
"1970-12-01",,,15400,,,,6.5,6.81,,,,0.892856999892857
"1971-01-01",,,15400,,,,6.6,6.85,,,,0.892856999892857
"1971-02-01",,,15600,,,,7.6,6.85,,,,0.892856999892857
"1971-03-01",,,15700,,,,8,6.84,,,,0.892856999892857
"1971-04-01",,,15800,,,,7.8,6.85,,,,0.892856999892857
"1971-05-01",,,16000,,,,7.8,6.82,,,,0.892856999892857
"1971-06-01",,,16100,,,,8.15,6.83,,,,0.892856999892857
"1971-07-01",,,16100,,,,6.8,6.81,,,,0.892856999892857
"1971-08-01",,,16300,,,,6.7,6.82,,,,0.892859999
"1971-09-01",,,16500,,,,6.45,6.78,,,,0.87123192193762
"1971-10-01",,,16600,,,,6.3,6.58,,,,0.863856254326744
"1971-11-01",,,16600,,,,6,6.38,,,,0.862887220647708
"1971-12-01",,,16800,,,,5.9,6.15,,,,0.851208716384501
"1972-01-01",,,16900,,,,5.6,6.14,,,,0.839630562559527
"1972-02-01",,,17100,,,,5.5,5.84,,,,0.839630562559527
"1972-03-01",,,17200,,,,5.5,5.84,,,,0.839630562559527
"1972-04-01",,,17400,,,,5.5,5.85,,,,0.839630562559527
"1972-05-01",,,17600,,,,5.6,5.85,,,,0.839630562559527
"1972-06-01",,,17800,,,,5.75,5.85,,,,0.839630562559527
"1972-07-01",,,18200,,,,4.6,5.8,,,,0.839630562559527
"1972-08-01",,,18600,,,,4.6,5.75,,,,0.839560070523046
"1972-09-01",,,18900,,,,4.5,5.75,,,,0.839630562559527
"1972-10-01",,,19300,,,,4.3,5.77,,,,0.83984210968338
"1972-11-01",,,19600,,,,5.1,5.76,,,,0.839701066427405
"1972-12-01",,,20100,,,,4.45,5.78,,,,0.828225940036442
"1973-01-01",,,20400,,,,4.7,5.69,,,,0.784319937906365
"1973-02-01",,,20800,,,,4.8,5.76,,,,0.732403863290877
"1973-03-01",,,21100,,,,5.45,5.8,,,,0.705884693253106
"1973-04-01",,,21500,,,,5.8,6.12,,,,0.705884693253106
"1973-05-01",,,22000,,,,6.4,6.2,,,,0.705884693253106
"1973-06-01",,,22400,,,,6.4,6.72,,,,0.705884693253106
"1973-07-01",,,22900,,,,6.5,6.74,,,,0.705884693253106
"1973-08-01",,,23300,,,,6.4,6.73,,,,0.705884693253106
"1973-09-01",,,23700,,,,9.25,8.38,,,,0.680522236233699
"1973-10-01",,,23900,,,,9.65,8.35,,,,0.672270899550106
"1973-11-01",,,23900,,,,9.2,8.35,,,,0.672270899550106
"1973-12-01",,,24300,,,,9.25,8.36,,,,0.672270899550106
"1974-01-01",,,24500,,,,9.25,8.36,,,,0.672270899550106
"1974-02-01",,,24900,,,,9.5,8.36,,,,0.672270899550106
"1974-03-01",,,25100,,,,10.1,8.37,,,,0.672270899550106
"1974-04-01",,,25300,,,,16.25,8.38,,,,0.672270899550106
"1974-05-01",,,25700,,,,21.75,8.45,,,,0.672270899550106
"1974-06-01",,,25300,,,,18.8,9.52,,,,0.672270899550106
"1974-07-01",,,25000,,,,15,9.5,,,,0.675721332522468
"1974-08-01",,,24700,,,,14.2,9.5,,,,0.674581759309228
"1974-09-01",,,24800,,,,12.6,9.5,,,,0.690274038793401
"1974-10-01",,,25300,,,,10.4,9.5,,,,0.763825236791658
"1974-11-01",,,25700,,,,10.3,9.5,,,,0.762776506489419
"1974-12-01",,,26000,,,,9.75,9.5,,,,0.759186152450343
"1975-01-01",,,26600,,,,8.95,9.4,,,,0.750944999
"1975-02-01",,8300,27200,,,,9,9.5,,,,0.740708999
"1975-03-01",,8400,27800,,,,8.75,9.5,,,,0.734402999
"1975-04-01",,8800,28400,,,,9.8,9.5,,,,0.743957999
"1975-05-01",,8800,28800,,,,8.9,9.5,,,,0.744527999
"1975-06-01",,9000,29200,,,,8.8,9.5,,,,0.747504999
"1975-07-01",,9200,29900,,,,8.15,10,,,,0.762110999
"1975-08-01",,9300,30300,,,,8.15,10,,,,0.779078999
"1975-09-01",,9300,30600,,,,8.1,10,,,,0.786609999
"1975-10-01",,9600,31000,,,,7.95,10,,,,0.790323999
"1975-11-01",,9700,31300,,,,8.05,10,,,,0.790287999
"1975-12-01",,9800,31700,,,,7.7,10,,,,0.795994999
"1976-01-01",,10000,32000,,,,7.65,10.02,,,,0.794394999
"1976-02-01",,10000,32000,,,,8.35,10,,,,0.792886999
"1976-03-01",,10100,32500,,,,8.4,9.99,,,,0.799634999
"1976-04-01",,10200,32800,,5.02,,9.61,10,,,,0.806541999
"1976-05-01",,10200,33200,,8.33,7.71,10.24,10,,,,0.809301999
"1976-06-01",,10200,33500,,4.97,8.02,10.27,9.99,,,,0.812932999
"1976-07-01",,10200,33900,,8.27,7.57,9.67,10,,,,0.808072999
"1976-08-01",,10300,38800,50500,7.72,7.75,9.36,9.99,,,,0.803819999
"1976-09-01",,10400,39300,51400,7.91,7.46,9.31,9.99,,,,0.803242999
"1976-10-01",,10500,39500,52100,7.47,7.28,9.06,9.98,,,,0.809360999
"1976-11-01",,10500,40000,52800,4.59,7.18,9.52,10,,,,0.827652999
"1976-12-01",,10700,40700,53700,7.2,6.37,9.44,10.41,,,,0.951564999
"1977-01-01",,10800,41100,54300,8.73,7.46,8.93,10.4,,,,0.920395999
"1977-02-01",,11000,41700,55000,8.34,7.42,9.31,10.4,,,,0.916234999
"1977-03-01",,11000,42100,55200,9,7.58,9.73,10.4,,,,0.909309999
"1977-04-01",,10900,42100,55300,8.13,7.36,10.86,10.4,,,,0.904299999
"1977-05-01",,11000,42600,55500,9.28,8.64,10.94,10.41,,,,0.905931999
"1977-06-01",,11100,42900,56100,12.47,9.52,10.95,10.41,,,,0.902428999
"1977-07-01",,11100,43000,56600,10.34,9.34,10.72,10.41,,,,0.891013999
"1977-08-01",,11200,43100,57100,12.34,9.67,10.9,10.41,,,,0.904403999
"1977-09-01",,11300,43200,57600,10.5,9.47,10.43,10.18,,,,0.905506999
"1977-10-01",,11300,43400,58300,9.87,8.86,10.02,10.01,,,,0.893601999
"1977-11-01",,11500,43800,58900,9.76,9.16,10.01,9.79,,,,0.886697999
"1977-12-01",,11400,44200,59400,7.91,9.15,9.75,9.5,,,,0.882072999
"1978-01-01",,11400,44500,59900,10.61,8.76,9.49,9.36,,,,0.877959999
"1978-02-01",6.6,11500,45000,60600,8.6,8.42,9.55,9.2,,,,0.879728999
"1978-03-01",6.3,11700,45600,61200,8.14,7.95,10.04,9.2,,,,0.878165999
"1978-04-01",6.3,11800,46100,62100,8.05,7.67,10.86,9.17,,,,0.876104999
"1978-05-01",6.2,12000,46700,62400,9.79,9.11,10.6,9.1,,,,0.886122999
"1978-06-01",6.3,12000,47000,63000,10.29,9.04,10.63,9.1,,,,0.878159999
"1978-07-01",6.2,12200,47500,63800,9.68,8.81,9.84,9.1,,,,0.870121999
"1978-08-01",6.5,12300,48000,64800,10.99,9.01,9.7,9,,,,0.865972999
"1978-09-01",6.3,12400,48500,65500,10.15,9.18,9.72,9,,,,0.867226999
"1978-10-01",6.2,12500,48800,66300,7.8,9.4,9.74,8.89,,,,0.856211999
"1978-11-01",6.3,12700,49300,67000,8.66,7.97,9.19,8.8,,,,0.871903999
"1978-12-01",6.4,12800,49700,67800,8.28,8.32,8.76,8.8,,,,0.876229999
"1979-01-01",6.4,13100,50500,68500,10.5,8.18,8.51,8.85,,,,0.876134999
"1979-02-01",6.3,13200,51200,69400,8.5,7.83,8.6,9,,,,0.883569999
"1979-03-01",6.3,13400,51800,70300,8.75,8.18,9.16,9.35,,,,0.891287999
"1979-04-01",6.5,13800,52400,71400,10,8.61,10.42,9.65,,,,0.901497999
"1979-05-01",6.2,13900,52900,72200,11,9.45,10.54,9.7,,,,0.904247999
"1979-06-01",6.3,14000,53200,73000,12,8.71,10.26,10,,,,0.899887999
"1979-07-01",6.3,14200,53500,73800,10,10.06,9.86,10.07,,,,0.886558999
"1979-08-01",6.1,14500,54000,74500,12.5,10.63,9.78,10.07,,,,0.886187999
"1979-09-01",6.2,14500,54400,75100,11,9.41,9.87,10.07,,,,0.887559999
"1979-10-01",6.4,14600,54900,75900,8.5,9.05,10.04,10.07,,,,0.897427999
"1979-11-01",6,14700,55700,76800,9.5,8.99,10.12,10.08,,,,0.914439999
"1979-12-01",6.1,14700,56300,77700,8,9.5,10.12,10.08,,,,0.906888999
"1980-01-01",6.1,15300,57600,79000,11,9.24,10.03,10.45,,,,0.901121999
"1980-02-01",6,15400,58300,80300,10,8.86,10.06,10.55,,,,0.905591999
"1980-03-01",5.9,15400,58600,81200,10,10.41,11.47,11.2,,,,0.917100999
"1980-04-01",6.1,15600,59000,81900,11,10.68,13.28,11.73,,,,0.916041999
"1980-05-01",6.2,15600,59600,82600,13.25,13.72,13.83,11.78,,,,0.884692999
"1980-06-01",6.3,15800,60200,83700,42.5,13.73,13.83,11.76,,,,0.867334999
"1980-07-01",6.1,16100,61100,84800,13.5,12.86,12.87,11.78,,,,0.863045999
"1980-08-01",6.2,16300,61700,85800,13,12.42,12.33,11.82,,,,0.864145999
"1980-09-01",6.1,16400,62200,86900,10.5,11.23,11.69,11.78,,,,0.854892999
"1980-10-01",6.1,16800,63100,88600,11.5,9.83,11.22,11.9,,,,0.851883999
"1980-11-01",5.8,17200,63800,90100,14.5,10.33,11.27,12.42,,,,0.856666999
"1980-12-01",6.1,17200,64500,91300,12.5,10.88,12.45,12.6,,,,0.856410999
"1981-01-01",5.9,17100,65000,92000,12,10.68,12.61,13.1,,,,0.847099999
"1981-02-01",5.6,17100,65500,92900,12.5,11,13.36,13.1,,,,0.860822999
"1981-03-01",5.7,17200,66100,93800,11.5,11.99,14.63,13.1,,,,0.860187999
"1981-04-01",5.6,17400,66700,95000,13.75,13.09,16.69,13.1,,,,0.866994999
"1981-05-01",5.6,17600,67500,96200,14.5,14.19,16.28,13.1,,,,0.876873999
"1981-06-01",5.4,17700,68300,97600,27.5,15.33,15.58,13.1,,,,0.877538999
"1981-07-01",5.8,18000,68800,99000,16.25,15.44,15.39,13.9,,,,0.875403999
"1981-08-01",5.8,18000,69300,100400,15.25,15,15.72,15,,,,0.878104999
"1981-09-01",5.8,18000,69900,101700,16.25,14.68,15.35,15,,,,0.871055999
"1981-10-01",5.9,18000,70600,102700,14.75,14.34,14.69,15,,,,0.874066999
"1981-11-01",6,18100,71200,103700,15,14.54,14.62,15,,,,0.873271999
"1981-12-01",6,18100,71700,105100,14.75,15.62,15.54,15,,,,0.881151999
"1982-01-01",6,18100,72400,106500,15.38,14.99,16.21,15,,,,0.896887999
"1982-02-01",6.3,18200,73000,107800,16.25,15.2,17.12,15.1,,,,0.921988999
"1982-03-01",6.3,18200,73600,108900,16.75,16.08,18.89,15.15,,,,0.942706999
"1982-04-01",6.3,18000,74400,110300,20.38,19.09,21.39,15.2,,,,0.950926999
"1982-05-01",6.6,18100,75800,112100,18.25,18.39,18.45,16.4,,,,0.943574999
"1982-06-01",6.8,18100,76000,113000,27.5,17.58,18.57,16.4,,,,0.967317999
"1982-07-01",6.9,17900,76400,114400,17,16.51,17.29,16.4,,,,0.988739999
"1982-08-01",7,18000,76800,115200,18.75,20.77,17.17,16.5,,,,1.021059999
"1982-09-01",7.4,18000,77700,116500,19,16.1,15.46,15.2,,,,1.042339999
"1982-10-01",8.3,17900,78000,117700,15.5,15.7,14.57,14.55,,,,1.058959999
"1982-11-01",8.7,17900,78900,118800,14.25,14,14.76,14.6,,,,1.061449999
"1982-12-01",9.4,18100,79900,120200,10.5,11.46,12.13,14,,,,1.034399999
"1983-01-01",9.3,18400,80500,121900,11.25,12.36,10.65,13,,,,1.017119999
"1983-02-01",9.7,18500,81400,123600,17.25,12.68,13.77,13.6,,,,1.03418
"1983-03-01",9.9,18700,83000,125300,13.88,16.73,15.26,14.4,,,,1.132839999
"1983-04-01",10.2,18700,83700,126700,14,12.61,13.92,14.1,,,,1.15264
"1983-05-01",10.3,18900,84800,128200,13.5,11.9,12.15,13.1,,,,1.138549999
"1983-06-01",10.2,19100,85700,129800,15.5,11.74,14.24,14.7,,,,1.139989999
"1983-07-01",10.5,19200,86500,130700,11.5,10.35,12.8,14.8,,,,1.142469999
"1983-08-01",10.2,19400,87400,132100,10,10.67,12.16,14.7,,,,1.137009999
"1983-09-01",10.3,19600,88300,133100,13.75,10.98,11.06,14.15,,,,1.127569999
"1983-10-01",10,19700,89100,133200,12.75,10.24,10.94,13.4,,,,1.094199999
"1983-11-01",9.7,20000,90100,134600,11.25,9.97,10.55,13.2,,,,1.092369999
"1983-12-01",9.5,20900,91300,137100,6,4.76,8.89,13.5,,,,1.111239999
"1984-01-01",9.5,20700,92400,138500,9.75,9.13,9.76,13.5,,,,1.104899999
"1984-02-01",9.4,20900,93700,139900,12.88,9.78,12.04,14,,,,1.068629999
"1984-03-01",9.2,20500,94500,142000,14.25,12.55,13.77,14.1,,,,1.051679999
"1984-04-01",9.4,20800,94900,143600,14.25,15.15,13.88,13.9,,,,1.082699999
"1984-05-01",8.9,20900,95600,144100,13.5,14.08,13.78,14.15,,,,1.104699999
"1984-06-01",9.1,21000,96400,146100,14.63,12.33,12.81,13.75,,,,1.133069999
"1984-07-01",8.9,21400,97600,146200,11.88,12.19,12.3,13.15,,,,1.197459999
"1984-08-01",8.8,21400,99000,147700,12.38,11.61,11.56,12.8,,736.349998474121,,1.18179
"1984-09-01",8.7,21600,1e+05,149100,12.13,11.07,10.53,13.1,,723.85,,1.20109
"1984-10-01",8.7,21700,101100,150600,12.75,11.14,11.17,13.2,,746.827270507812,,1.19666
"1984-11-01",8.7,22000,102700,152900,11.13,11.52,11.26,13.25,,768.95454268022,,1.163589999
"1984-12-01",8.5,22300,104100,154500,11.25,12.01,12.34,13.4,,724.433336046007,,1.187959999
"1985-01-01",8.5,22500,106000,156400,11.88,11.27,13.35,13.1,,739.842854817708,,1.22578
"1985-02-01",8.4,22900,107300,157900,14.25,11.64,13.81,13.7,,781.475,,1.351569999
"1985-03-01",8.7,23000,108800,159100,13.38,13.97,15.29,13.8,,801.128572009859,,1.436069999
"1985-04-01",8.4,23600,109900,161200,15.88,15.4,15.79,13.95,,854.184213738692,,1.517649999
"1985-05-01",8.4,23700,111400,163200,14.88,15.84,15.53,13.8,,884.839135211447,,1.479479999
"1985-06-01",8.6,23900,111500,164800,19.75,18.92,15.75,13.5,,855.12104556435,,1.505189999
"1985-07-01",8.3,23500,114400,167600,16.63,15.48,15.14,13.4,,908.943481445312,,1.43584
"1985-08-01",8.2,23700,115700,170000,16.13,16.5,16.25,13.95,,946.190909645774,,1.41405
"1985-09-01",8.1,24000,117200,173100,16.25,16.41,16.78,13.8,,954.895240420387,,1.4508
"1985-10-01",7.8,24400,117900,175200,16.38,16.09,16.36,14.55,,1030.55651855469,,1.42247
"1985-11-01",7.9,24200,118900,177000,18.75,18.12,18.18,15.05,,1004.66666666667,,1.47565
"1985-12-01",7.8,23900,119300,178100,19,19.39,19.56,14.85,,986.624996948242,,1.468189999
"1986-01-01",7.8,23700,119600,178700,18.75,18.91,18.97,14.1,,1051.42380196708,,1.434259999
"1986-02-01",8,23800,119800,180400,17,18.58,18.29,13.7,,1055.68999023438,,1.43007
"1986-03-01",7.9,24300,121600,183700,16.75,17.29,16.44,12.6,,1099.45789216694,,1.41382
"1986-04-01",7.9,24600,123800,187900,15.38,17.15,15.76,12.25,,1187.34286063058,,1.38547
"1986-05-01",7.8,24800,124900,189700,14.75,15.11,14.73,12.65,,1212.96365079013,,1.375339999
"1986-06-01",7.7,25500,125500,191700,19,15.44,14.68,12.95,,1210.7950012207,,1.450169999
"1986-07-01",8.1,26100,126300,193600,15.25,14.71,14.85,14.2,,1130.1869533373,,1.58376
"1986-08-01",8.2,26200,127200,195200,18.13,17.78,17.37,14.1,,1164.17619396391,,1.63378
"1986-09-01",8.3,26100,127600,196500,17.63,17.7,18.08,13.85,,1229.53182151101,,1.61064
"1986-10-01",8.3,26500,128700,199300,16,16.64,16.82,13.6,,1342.76522694463,,1.56699
"1986-11-01",8.3,26600,128700,200600,16,16.35,15.9,13.6,,1365.45999755859,,1.55127
"1986-12-01",8.4,27100,130200,202900,14.75,15.5,15.53,13.4,,1438.26191057478,,1.51612
"1987-01-01",8.2,27500,131900,205500,16.7,16.62,15.86,13.8,,1527.49498291016,,1.51548
"1987-02-01",8.2,27800,133000,207600,16.43,16.43,16.7,14,,1565.4799987793,,1.50086
"1987-03-01",8.4,28300,133300,209600,15.95,16.23,16.41,13.45,,1650.45000110973,,1.45578
"1987-04-01",8.3,28600,133800,211000,14.2,14.8,15.08,13.05,,1756.34000244141,,1.4065
"1987-05-01",8.2,29300,136000,214500,13.38,14.26,14.14,13,,1812.62856910342,,1.40044
"1987-06-01",8,29400,137500,217600,14.25,13.19,13.68,12.8,,1779.15239025298,,1.39362
"1987-07-01",8.1,30100,139400,221500,12.5,12.43,12.99,12.95,,1932.84782077955,,1.41153
"1987-08-01",8.1,30300,140700,225000,12.05,12.16,12.54,12.95,,2102.55716378348,,1.41379
"1987-09-01",7.8,31300,142200,227800,11.63,11.8,11.7,12.5,,2238.42270729759,,1.37577
"1987-10-01",8.1,32200,143900,230300,12.25,11.3,11.99,13.65,,1886.62273060192,,1.40109
"1987-11-01",7.9,32500,145900,233700,11.75,11.69,12.45,13.3,,1275.24286179315,,1.45643
"1987-12-01",7.7,32700,146600,237800,11.25,11.3,11.46,12.85,,1264.8190452939,,1.40687
"1988-01-01",7.6,32400,147300,244300,10.7,10.62,11.05,12.4,,1285.63888888889,,1.40387
"1988-02-01",7.4,33200,148200,246700,10.73,10.66,10.95,12.3,,1227.18570382255,,1.40032
"1988-03-01",7.5,34100,150100,250800,10.7,10.87,10.95,11.9,,1369.00869883662,,1.36554
"1988-04-01",7.9,34500,151400,254300,10.93,11.3,11.39,11.5,,1440.36666531033,,1.33733
"1988-05-01",7.4,34700,152800,257400,12.75,12.58,12.28,12.3,,1454.60910311612,,1.28445
"1988-06-01",7.6,35200,155200,261700,13.25,13.07,13.1,11.95,,1585.07618931362,,1.23591
"1988-07-01",6.8,35600,156200,264100,12.5,12.71,13.08,11.95,,1611.4380812872,,1.25125
"1988-08-01",7.1,36200,157900,266500,12.93,12.91,13.32,11.8,,1620.63912831182,,1.24059
"1988-09-01",6.9,36500,160400,270600,13.6,13.07,13.64,11.95,,1548.32272061435,,1.26132
"1988-10-01",6.8,36900,164000,275000,13.63,13.41,14,11.9,,1559.96000366211,,1.23641
"1988-11-01",6.6,37900,167100,279000,14.68,14.33,14.73,12.35,,1525.2045510032,,1.17755
"1988-12-01",6.8,38700,171100,284500,14.55,14.59,15.11,12.95,,1467.49000244141,,1.16436
"1989-01-01",6.8,40100,175100,285400,14.75,14.82,15.56,13.3,,1510.77620442708,,1.14941
"1989-02-01",6.6,41100,178800,288100,16.3,15.77,16.54,13.65,,1488.9549987793,,1.16929
"1989-03-01",6.3,40900,182100,290900,16.4,16.51,17.25,13.65,,1489.99522763207,,1.22596
"1989-04-01",6.2,40000,185400,294000,16.8,16.71,17.46,13.4,,1440.34737356085,,1.24329
"1989-05-01",6.3,41000,187900,296200,17.68,17.29,17.52,13.9,,1535.11304241678,,1.29425
"1989-06-01",6,40800,192900,301600,19.25,17.73,18.37,13.5,,1527.2190406436,,1.32362
"1989-07-01",6,40700,196100,303900,18.18,17.92,18.06,13.35,,1569.16665504092,,1.32089
"1989-08-01",5.9,41000,199900,306500,17.63,17.86,17.96,12.95,,1715.46521526834,,1.31218
"1989-09-01",6,40600,200100,306900,17.95,18.06,18.12,13.65,,1737.13333565848,,1.29533
"1989-10-01",5.9,40700,201900,308200,18.1,18.05,18.36,13.55,,1695.95907870206,,1.29064
"1989-11-01",5.8,40700,203400,310000,18.35,18.19,18.25,13.1,,1634.12726384943,,1.27777
"1989-12-01",5.8,42000,205200,313700,17.9,18.16,17.89,12.9,,1632.15788831209,,1.27253
"1990-01-01",6.1,39900,207100,311200,17.25,17.81,17.33,12.8,,1684.2799987793,,1.27872
"1990-02-01",6.4,40700,209600,312500,16.75,16.8,16.2,13.3,,1627.5700012207,,1.31632
"1990-03-01",6.2,40800,211700,313600,16.75,16.43,15.84,13.44,,1571.08180930398,,1.32324
"1990-04-01",6.3,41800,214200,315400,15.25,15.17,15.14,13.78,,1494.66666666667,,1.30888
"1990-05-01",6.5,42000,215000,316300,15.25,15.02,15.05,13.51,,1480.13477623981,,1.31277
"1990-06-01",6.6,42400,216600,317100,15.25,15.05,15.02,13.4,,1508.83500976562,,1.28488
"1990-07-01",7.1,42600,216900,317700,15.25,15.02,14.83,13.16,,1580.53181596236,,1.26181
"1990-08-01",7.2,42600,219100,320000,14,14.07,13.92,13.49,,1540.17391835088,,1.23695
"1990-09-01",7.4,43400,221600,321400,14,14.05,13.52,13.63,,1459.20001220703,,1.21239
"1990-10-01",7.6,43200,222900,322100,13,13.47,13.07,13.35,,1358.87390136719,,1.24652
"1990-11-01",7.9,43500,225300,323700,13,13.05,12.41,12.23,,1340.17727938565,,1.29133
"1990-12-01",8,45200,227100,324300,12,12.68,12.19,12.07,,1303.8777601454,,1.29887
"1991-01-01",8.4,43900,224900,323500,12,12.02,11.93,11.52,,1259.6809547061,,1.28346
"1991-02-01",8.6,43900,224700,323600,12,12.01,11.62,11.53,,1371.68999633789,,1.2751
"1991-03-01",9.2,44200,225700,323700,12,12.02,11.49,11.38,,1425.16499023438,,1.29561
"1991-04-01",9.9,44300,225900,322700,11.5,11.58,11.36,10.98,,1484.23000488281,,1.28247
"1991-05-01",9.5,45100,227400,321300,10.5,10.99,10.72,10.75,,1528.25652810802,,1.28984
"1991-06-01",9.5,45300,228300,321200,10.5,10.54,10.39,11.17,,1504.85264185855,,1.3151
"1991-07-01",9.7,45900,228900,320600,10.5,10.49,10.34,10.99,,1547.42607315727,,1.29696
"1991-08-01",9.8,47200,229700,319100,10.5,10.52,10.13,10.67,,1555.677273837,,1.27816
"1991-09-01",10,46800,231100,320900,9.5,9.59,9.58,10.31,,1561.6809547061,,1.26203
"1991-10-01",10,47500,230600,320200,9.5,9.49,8.97,9.82,,1607.96521526834,,1.2598
"1991-11-01",10.2,48100,230200,318900,8.5,8.64,8.34,9.78,,1656.89522879464,,1.27171
"1991-12-01",10.5,48600,231700,318600,8.5,8.52,7.84,9.39,,1592.69000854492,,1.29483
"1992-01-01",10.3,49300,231900,319200,7.5,7.75,7.45,10.11,,1650.26666550409,,1.33608
"1992-02-01",10.4,50000,232800,319600,7.5,7.52,7.52,10.04,,1615.96500244141,,1.33005
"1992-03-01",10.5,50200,231800,319000,7.5,7.54,7.51,9.89,,1591.48181152344,,1.31784
"1992-04-01",10.5,51100,233400,320400,7.5,7.51,7.18,9.43,,1587.40500488281,,1.31115
"1992-05-01",10.6,51600,234600,321300,6.5,6.69,6.56,9.12,,1672.30475725446,,1.32219
"1992-06-01",10.8,52000,234900,320800,6.5,6.57,6.42,8.9,,1652.67619977678,,1.32277
"1992-07-01",11.1,56300,236700,322200,5.75,5.93,5.64,8.3,,1631.39129373302,,1.34154
"1992-08-01",10.7,57100,238900,325100,5.75,5.86,5.73,8.97,,1567.27143205915,,1.37805
"1992-09-01",10.6,58300,238700,325200,5.75,5.74,5.94,8.94,,1511.22273393111,,1.38412
"1992-10-01",11.1,57900,238800,324800,5.75,5.74,5.86,8.86,,1447.09545898437,,1.39701
"1992-11-01",11.1,58400,240000,325200,5.75,5.77,5.88,9.14,1459.26668294271,1413.01428222656,,1.44895
"1992-12-01",11.2,58400,241000,324100,5.75,5.79,5.9,8.94,1509.05239141555,1497.08571079799,,1.45003
"1993-01-01",10.8,59400,242900,327300,5.75,5.75,5.88,8.6,1535.18000488281,1525.25500488281,,1.48373
"1993-02-01",11,60400,244500,328900,5.75,5.74,5.82,7.98,1592.59000244141,1582.26500244141,,1.46792
"1993-03-01",10.9,61400,245900,328800,5.25,5.62,5.38,7.82,1663.70869246773,1653.14347507643,,1.41377
"1993-04-01",10.8,62300,245800,328500,5.25,5.25,5.27,7.55,1696.98499755859,1689.18499755859,,1.40493
"1993-05-01",10.8,63100,246500,329700,5.25,5.26,5.15,7.71,1696.72856212798,1695.38571893601,,1.43293
"1993-06-01",11,64700,249800,331400,5.25,5.27,5.22,7.37,1722.2619047619,1722.64285132999,,1.47607
"1993-07-01",10.9,64700,250800,331400,4.75,5.24,5.05,6.88,1792.97728937322,1797.25909423828,,1.47608
"1993-08-01",11,63500,250100,331100,4.75,4.77,4.78,6.64,1889.00453879617,1893.89090798118,,1.47375
"1993-09-01",10.7,65200,252100,331800,4.75,4.72,4.86,6.84,1901.06818181818,1939.42727938565,,1.53348
"1993-10-01",11,66300,253400,332500,4.75,4.69,4.81,6.49,2000.81905691964,2045.33808826265,,1.51142
"1993-11-01",10.9,67200,254500,333300,4.75,4.71,4.78,6.81,2015.22272838246,2067.28181041371,,1.48632
"1993-12-01",10.8,68700,255600,334800,4.75,4.73,4.82,6.68,2025.12858072917,2081.95238095238,,1.48632
"1994-01-01",10.6,69900,258500,338600,4.75,4.71,4.81,6.36,2158.50525544819,2223.24209755345,83.80006755536,1.4376
"1994-02-01",10.4,70900,259900,337700,4.75,4.71,4.8,7.05,2178.90001220703,2246.83500976562,85.0914746706676,1.39649
"1994-03-01",10.4,72300,262900,340900,4.75,4.72,4.88,7.95,2076.53479003906,2146.42608907948,83.8660518605217,1.40514
"1994-04-01",10.1,72700,265000,343300,4.75,4.69,4.92,8.44,2006.54446072048,2072.31666395399,84.0828574346245,1.39571
"1994-05-01",9.8,73400,266800,345000,4.75,4.67,4.85,8.79,2008.34546453303,2068.52270507812,84.4693369362859,1.38114
"1994-06-01",9.8,74400,267800,347000,4.75,4.68,5.12,9.63,1981.07620093936,2040.22856212798,84.9972113775795,1.36369
"1994-07-01",9.6,74600,269100,349500,4.75,4.66,5.41,9.57,1961.8999953497,2019.86666434152,83.752935908816,1.36068
"1994-08-01",9.4,75000,271400,351900,5.5,5.01,5.6,9.36,2019.8173881199,2075.68263841712,84.1111364225509,1.35054
"1994-09-01",9.4,75500,271100,351900,5.5,5.44,5.93,10.33,1994.8090875799,2054.87728604403,83.4418670416251,1.34876
"1994-10-01",9.1,76000,274900,356100,6.5,5.71,6.45,10.51,1945.79998488653,2009.90952845982,82.4238234762731,1.35461
"1994-11-01",9.1,75800,278000,359700,6.5,6.43,7.16,10.47,1880.20909534801,1940.40454656428,84.5541739000652,1.32655
"1994-12-01",8.9,76200,280600,361700,7.5,6.96,7.95,10.04,1838.14001464844,1891.81999511719,87.9099471340031,1.2921
"1995-01-01",8.9,75600,280400,362900,7.5,7.49,8.37,10.3345,1817.275,1868.4,86.4300134325193,1.30584
"1995-02-01",8.8,75800,281800,364100,7.5,7.48,8.08,10.1465,1819.46499633789,1859.87999267578,83.8566255312129,1.34176
"1995-03-01",8.6,75800,285300,367100,7.5,7.49,8.13,10.1378260869565,1857.42173700747,1897.49129585598,80.6610998955248,1.35919
"1995-04-01",8.3,75600,286300,368400,7.5,7.51,7.89,9.79882352941176,1957.98234288833,1999.38236012178,78.7946866923796,1.35858
"1995-05-01",8.5,76200,288000,371500,7.5,7.5,7.7,9.10608695652174,1998.29565429687,2037.63478154721,78.4553388372623,1.37394
"1995-06-01",8.4,76200,288200,372300,7.5,7.51,7.55,8.85619047619048,1966.22856212798,2000.83808826265,77.5975428701602,1.38973
"1995-07-01",8.4,76900,290300,375000,7.5,7.51,7.56,9.08190476190476,2055.80000813802,2087.37618582589,79.077476571644,1.37581
"1995-08-01",8.3,77300,292900,377300,7.5,7.51,7.58,9.12434782608696,2091.49129585598,2126.89131496263,83.0742401985813,1.34919
"1995-09-01",8.4,77800,296300,380500,7.5,7.49,7.49,8.68619047619048,2101.15714518229,2142.62380254836,85.7418913929758,1.32594
"1995-10-01",8.6,78000,299200,383500,7.5,7.49,7.47,8.50863636363636,2050.77270507813,2094.3817915483,85.7136124050494,1.31921
"1995-11-01",8.5,80100,301600,387000,7.5,7.5,7.46,8.495,2077.65907981179,2123.66364080256,84.7427004862415,1.34072
"1995-12-01",8.1,81100,305900,390400,7.5,7.51,7.43,8.25473684210526,2157.88420024671,2202.4158228824,84.6107318759181,1.34848
"1996-01-01",8.5,82100,307000,393300,7.5,7.5,7.46,8.11238095238095,2197.5666968936,2253.51904296875,85.1103273292853,1.34774
"1996-02-01",8.3,82900,309200,398300,7.5,7.5,7.47,8.24857142857143,2212.68568638393,2273.23334030878,86.4488660911369,1.32359
"1996-03-01",8.4,84300,310900,401600,7.5,7.52,7.53,8.80809523809524,2189.7380952381,2253.9619140625,88.2681476477381,1.2963
"1996-04-01",8.6,85200,312600,403800,7.5,7.49,7.57,8.87368421052632,2197.95790501645,2263.61579975329,90.2382504732803,1.2709
"1996-05-01",8.4,85600,312600,404600,7.5,7.51,7.55,8.83217391304348,2204.36521314538,2270,91.7370368333818,1.25475
"1996-06-01",8.3,85900,316000,407200,7.5,7.51,7.57,8.93157894736842,2163.63686009457,2231.74739155016,91.5579365765143,1.26338
"1996-07-01",8.6,86500,319500,410300,7,7.51,7.56,8.6295652173913,2099.71740191916,2168.40872325068,91.1526044162353,1.26699
"1996-08-01",8.7,87300,321200,411400,7,7.01,6.92,8.04,2173.5136496804,2246.1454634233,89.8517709716189,1.27718
"1996-09-01",8.6,87700,320100,412200,7,7.01,6.91,8.00333333333333,2180.93811616444,2251.84762137277,91.067767452456,1.26114
"1996-10-01",8.8,89500,326800,418600,7,7,6.7,7.5504347826087,2271.39999787704,2338.98261294158,91.2468677093234,1.26289
"1996-11-01",8.5,92200,330200,421200,6.5,6.58,6.45,7.15666666666667,2302.94282459077,2370.13810221354,91.2374413800146,1.25606
"1996-12-01",8.6,92400,332200,423700,6,6.23,6.13,7.324,2304.69499511719,2361.27502441406,92.0386793712638,1.25344
"1997-01-01",8.6,92000,334100,426000,6,6.04,5.82,7.45904761904762,2367.40952845982,2421.66665504092,90.7284195973386,1.2836
"1997-02-01",8.7,94300,336900,428400,6,6.01,5.91,7.394,2407.90500488281,2465.96500244141,91.0394884645295,1.30374
"1997-03-01",8.6,94800,338000,430200,6,6.04,6.05,7.89947368421053,2361.62634919819,2424.17367393092,93.857960927865,1.26771
"1997-04-01",8.6,96200,341300,434500,6,6.05,6.04,7.92380952380952,2348.43333798363,2410.20950753348,92.6702434349544,1.28374
"1997-05-01",8.5,97100,343400,437800,5.5,5.91,5.87,7.67454545454545,2476.00457208807,2538.3545365767,90.8415355490444,1.28988
"1997-06-01",8.3,98000,345100,441100,5.5,5.57,5.35,7.151,2599.62999267578,2662.72998046875,87.8251101702238,1.32725
"1997-07-01",8.6,99700,346100,443100,5,5.44,5.19,6.64260869565217,2637.35654084579,2696.63909646739,87.4669096564888,1.34676
"1997-08-01",8.5,101300,347500,446300,5,4.98,4.9,6.65095238095238,2591.12855747768,2655.57142857143,88.9185643700463,1.34912
"1997-09-01",8.1,102000,347300,448300,5,4.98,4.77,6.31136363636364,2625.79543235085,2688.94998446378,87.0427248375922,1.38187
"1997-10-01",8,104300,350500,453400,5,4.98,4.83,6.18217391304348,2575.11303710938,2633.76955247962,87.1746934479156,1.3865
"1997-11-01",8,104800,351800,454300,5,5,4.95,6.031,2447.56000976562,2493.44501953125,84.9877850482707,1.43802
"1997-12-01",7.9,105000,354100,456000,5,5.03,5.07,6.13904761904762,2503.30952380952,2548.18570963542,84.7709794741679,1.51037
"1998-01-01",7.9,105900,355700,458700,5,5,4.99,5.806,2570.62999267578,2620.54499511719,86.7599349583278,1.52822
"1998-02-01",7.8,105900,357500,460200,5,4.98,4.97,5.887,2602.48999023438,2664.78000488281,87.2218250944597,1.48512
"1998-03-01",7.9,104900,358600,463300,5,5,4.96,5.865,2673.94544566761,2733.80909312855,86.4865714083721,1.49276
"1998-04-01",7.6,106800,361000,466000,5,4.98,4.92,5.685,2766.29001464844,2819.48000488281,83.9885941415363,1.53146
"1998-05-01",7.8,108300,362700,467200,5,5,4.96,5.63904761904762,2697.6428687686,2756.68570963542,81.7545540953473,1.58418
"1998-06-01",7.8,109100,366200,469700,5,5.07,5.32,5.57619047619048,2561.15716843378,2608.23332868304,80.1332254542312,1.65801
"1998-07-01",8,110300,371200,474300,5,4.98,5.17,5.52130434782609,2700.23042629076,2750.7521654212,82.1127546090823,1.61766
"1998-08-01",7.8,110100,373900,479600,5,4.97,5.19,5.63857142857143,2549.98095703125,2592.61904761905,78.7946866923796,1.69409
"1998-09-01",7.6,110300,376200,484800,5,4.97,5.03,5.34590909090909,2482.80000443892,2542.89999112216,76.3626937307055,1.69812
"1998-10-01",7.3,110800,377700,485300,5,4.97,4.83,4.96590909090909,2451.45909534801,2534.56363192472,77.3807372960574,1.61833
"1998-11-01",7.6,112100,378800,488700,5,4.98,4.88,5.13095238095238,2628.28098260789,2707.49049014137,79.5487930370847,1.57686
"1998-12-01",7.2,111800,382100,492700,4.75,4.75,4.8,4.8547619047619,2650.9619140625,2745.28094773065,77.1450790633371,1.61713
"1999-01-01",7.1,114000,385200,497600,4.75,4.72,4.79,5.12789473684211,2742.57894736842,2847.14210269325,78.3422228855565,1.58529
"1999-02-01",7.1,115200,387500,5e+05,4.75,4.72,4.77,5.3,2786.40496826172,2899.44998779297,80.4160153334957,1.56266
"1999-03-01",7,115200,391300,503100,4.75,4.74,4.81,5.52652173913043,2843.27394701087,2954.16087805706,80.3688836869516,1.58721
"1999-04-01",7,116000,396100,508200,4.75,4.74,4.76,5.3575,3001.68498535156,3083.20999755859,81.6414381436415,1.55805
"1999-05-01",7,116200,399900,511800,4.75,4.75,4.86,5.87571428571429,2914.60475957961,2983.46190243676,84.6107318759181,1.51027
"1999-06-01",6.7,116600,403100,515700,4.75,4.76,4.93,6.20666666666667,2906.69523111979,2962.98573521205,84.4976159242123,1.52458
"1999-07-01",6.7,117200,405500,518300,4.75,4.74,4.89,6.13590909090909,2996.02725497159,3063.52726606889,84.8652427672561,1.52028
"1999-08-01",6.9,118000,407900,519500,4.75,4.73,4.92,6.34,2936.82729270242,3003.75451660156,82.1975915728616,1.54966
"1999-09-01",7,119300,411000,520900,4.75,4.75,5.01,6.34136363636364,2874.96363414418,2945.37274724787,82.178738914244,1.54139
"1999-10-01",6.8,119800,414500,520000,4.75,4.75,5.31,6.60666666666667,2808.83809988839,2870.65237862723,81.9525070108324,1.53493
"1999-11-01",6.4,121000,417800,523500,5,4.98,5.44,6.55636363636364,2934.9863836115,2993.68636807528,80.8307738230835,1.56363
"1999-12-01",6.7,123000,417800,522500,5,4.97,5.65,6.73714285714286,3071.07000732422,3116.84000244141,81.264384971289,1.56145
"2000-01-01",6.8,124400,418800,528000,5,4.98,5.66,7.1778947368421,3078.5841771176,3100.58002929688,83.6775252743455,1.5206
"2000-02-01",6.6,124700,420600,532900,5.5,5.46,5.8,6.95761904761905,3126.68570963542,3128.60953776042,81.2266796540537,1.58952
"2000-03-01",6.6,124600,422800,535700,5.5,5.49,5.89,6.5704347826087,3210.53911557405,3213.87827997622,78.4836178251887,1.64038
"2000-04-01",6.4,126000,426300,540600,5.75,5.72,6.04,6.26470588235294,3122.48748779297,3099.1117589614,76.8057312082198,1.67269
"2000-05-01",6.4,127400,429600,545600,6,5.98,6.31,6.46565217391304,3055.92609969429,3022.13480808424,76.4003990479407,1.72897
"2000-06-01",6.1,127200,432000,549000,6,6,6.23,6.17238095238095,3162.00953311012,3115.87622070312,78.6909970699826,1.68439
"2000-07-01",6,127900,435000,554200,6,5.99,6.2,6.16190476190476,3300.37619745164,3258.75240652902,79.8033039284227,1.69864
"2000-08-01",6.1,131200,438300,556500,6.25,6.24,6.49,6.22739130434783,3324.07825237772,3284.28259808084,80.2934730524811,1.72017
"2000-09-01",6,130900,439900,559700,6.25,6.24,6.57,6.13619047619048,3291.20955403646,3244.52379789807,77.3995899546751,1.80617
"2000-10-01",6,133500,442300,564700,6.25,6.23,6.41,6.10795454545455,3261.93635697798,3212.78181596236,74.4868541982514,1.89533
"2000-11-01",6.3,133200,436600,561000,6.25,6.22,6.33,5.98954545454545,3306.85909756747,3254.01817737926,73.7327478535463,1.91473
"2000-12-01",6.2,134900,438400,558600,6.25,6.23,6.2,5.54315789473684,3263.1052760074,3208.43157637747,76.5794993048082,1.82633
"2001-01-01",6.1,136800,443300,563300,6.25,6.24,5.91,5.40547619047619,3279.73330543155,3224.85714285714,77.9368907252775,1.79966
"2001-02-01",6.5,138400,448700,567400,5.75,5.84,5.59,5.32125,3320.13502197266,3268.29503173828,75.6934243497796,1.8695
"2001-03-01",6.5,142100,453600,572400,5.5,5.54,5.14,5.13068181818182,3253.93179598722,3200.32724831321,72.6110146657973,1.98089
"2001-04-01",6.8,142200,458000,577000,5,5.05,4.86,5.57722222222222,3262.05555555556,3204.01668294271,73.0163468260764,1.99608
"2001-05-01",6.9,143400,463600,583800,5,4.99,4.89,5.94347826086957,3386.19133194633,3323.67824388587,75.7971139721766,1.92324
"2001-06-01",6.9,148800,468500,588800,5,5,4.97,5.89675,3417.47999267578,3352.39498291016,76.1930198031468,1.93008
"2001-07-01",6.9,149100,466800,585800,5,5,5.04,6.08636363636364,3371.3545254794,3316.89092462713,75.2975185188095,1.96028
"2001-08-01",6.9,150000,474300,587700,5,4.99,4.95,5.76152173913044,3359.86087168818,3302.1913001019,75.8348192894119,1.90554
"2001-09-01",6.8,154900,481000,593600,4.75,4.75,4.55,5.57825,3100.98000488281,3042.57498779297,72.7995412519736,1.97529
"2001-10-01",7.2,156100,488300,600900,4.5,4.51,4.36,5.40760869565217,3195.52271617543,3130.43182927912,73.6196319018405,1.98078
"2001-11-01",6.9,160800,494000,601000,4.5,4.49,4.28,5.45772727272727,3309.61362526634,3245.43633478338,76.3061357548526,1.93481
"2001-12-01",6.9,164000,498500,604400,4.25,4.27,4.25,5.81684210526316,3351.63161749589,3292.79474198191,76.6172046220435,1.94516
"2002-01-01",6.9,166000,503500,606700,4.25,4.24,4.26,5.85833333333333,3423.57620675223,3364.84759812128,77.7672167977188,1.93534
"2002-02-01",6.5,169500,506300,609900,4.25,4.24,4.31,5.94575,3448.53001708984,3391.45501708984,77.5975428701602,1.94915
"2002-03-01",6.4,168400,512600,609900,4.25,4.23,4.46,6.309,3442.30501708984,3388.69001464844,78.8606709975413,1.90592
"2002-04-01",6.3,201000,500200,589800,4.25,4.24,4.59,6.294,3381.14501953125,3331.47000732422,79.9069935508197,1.86786
"2002-05-01",6.4,203700,502800,592100,4.5,4.44,4.84,6.21521739130435,3365.1826171875,3314.8695758322,80.604541919672,1.81906
"2002-06-01",6.5,202900,496200,588900,4.75,4.72,5.07,6.00763157894737,3290.45263671875,3244.24497070313,82.075049291847,1.75566
"2002-07-01",6.2,201600,506200,597500,4.75,4.75,4.98,5.85978260869565,3144.28257685122,3092.34784731658,78.7098497286003,1.80389
"2002-08-01",6.3,203900,513100,604500,4.75,4.75,4.96,5.64840909090909,3114.8954634233,3064.48181152344,77.7200851511748,1.8447
"2002-09-01",6.3,205600,515900,603600,4.75,4.75,4.92,5.43571428571429,3087.04761904762,3039.58098493304,78.5118968131152,1.82811
"2002-10-01",6.1,207200,519300,607800,4.75,4.75,4.9,5.65913043478261,2986.91305409307,2942.27391516644,79.3885454388349,1.8193
"2002-11-01",6.2,208900,526200,614300,4.75,4.75,4.84,5.49952380952381,3016.84283156622,2978.28567940848,80.1426517835401,1.78212
"2002-12-01",6.2,210800,531500,617600,4.75,4.75,4.83,5.395,3010.57000732422,2977.61998291016,80.2840467231723,1.77564
"2003-01-01",6.1,212600,537500,623700,4.75,4.75,4.8,5.275,3037.47140066964,3010.33809988839,81.7451277660385,1.71735
"2003-02-01",6,213400,540600,626700,4.75,4.75,4.75,5.16775,2858.90498046875,2840.78498535156,83.2062088089047,1.6833
"2003-03-01",6.1,214400,547700,631900,4.75,4.75,4.76,5.27166666666667,2809.35714285714,2778.8999953497,84.0262994587716,1.66058
"2003-04-01",6,214100,553100,629400,4.75,4.75,4.79,5.34605263157895,2959.61051860609,2921.94208727385,84.7898321327856,1.63931
"2003-05-01",6.1,215900,563600,637900,4.75,4.75,4.78,5.02818181818182,2975.31363192472,2945.05455433239,88.0042104270913,1.54561
"2003-06-01",6.1,217700,564400,637500,4.75,4.75,4.67,4.80275,3065.08500976562,3031.98997802734,90.304234778442,1.50524
"2003-07-01",6.1,221000,557900,635100,4.75,4.75,4.72,5.23282608695652,3070.48262355638,3049.84782608696,90.860388207662,1.51068
"2003-08-01",5.8,223900,570800,647100,4.75,4.75,4.82,5.52404761904762,3159.89997209821,3153.00949823289,89.9554605940159,1.53609
"2003-09-01",5.8,226900,577800,656900,4.75,4.75,4.91,5.51295454545455,3201.95456764915,3207.02727716619,90.3325137663684,1.51191
"2003-10-01",5.8,229000,582400,653600,4.75,4.75,4.97,5.60869565217391,3256.3217242697,3263.71737007473,92.6985224228808,1.44164
"2003-11-01",5.7,230600,587200,657900,5,4.98,5.31,5.874,3205.80999755859,3217.45498046875,95.6395371672309,1.39703
"2003-12-01",5.7,232000,594200,665700,5.25,5.23,5.47,5.75738095238095,3233.0238327753,3237.80952380952,97.1383235273324,1.35423
"2004-01-01",5.5,234400,595400,666500,5.25,5.25,5.55,5.7005,3300.92000732422,3310.24500732422,100.0981909303,1.30049
"2004-02-01",5.6,236000,603800,671800,5.25,5.25,5.57,5.6205,3313.66501464844,3327.98498535156,100.824018287079,1.28582
"2004-03-01",5.4,235200,610700,676400,5.25,5.25,5.51,5.4154347826087,3409.23913043478,3409.83479110054,98.2694830443901,1.33372
"2004-04-01",5.5,234600,615900,684200,5.25,5.25,5.54,5.803,3439.16667829241,3443.15997314453,97.619066322082,1.34084
"2004-05-01",5.3,233900,616500,685800,5.25,5.25,5.51,5.95809523809524,3392.97142392113,3395.43329148066,93.6411553537623,1.41754
"2004-06-01",5.5,237100,621300,689300,5.25,5.25,5.49,5.84547619047619,3500.34088689631,3498.16194661458,91.520231259279,1.44057
"2004-07-01",5.5,237300,628300,695900,5.25,5.25,5.46,5.71772727272727,3527.91365189986,3530.15456321023,93.9522242209532,1.39589
"2004-08-01",5.5,239200,631700,698400,5.25,5.25,5.44,5.58318181818182,3516.87727494673,3527.31362082742,93.6128763658358,1.40866
"2004-09-01",5.4,242100,631900,700600,5.25,5.25,5.42,5.41204545454546,3614.93635697798,3624.15452991832,92.2931902626018,1.42582
"2004-10-01",5.1,244400,636600,708200,5.25,5.25,5.41,5.40142857142857,3711.39048549107,3721.50950985863,95.2153523483343,1.36459
"2004-11-01",5.2,245500,643600,715900,5.25,5.25,5.43,5.4,3862.1181862571,3873.19089577415,98.1375144340667,1.30059
"2004-12-01",5.1,247500,647100,722700,5.25,5.25,5.41,5.23190476190476,3975.82609757133,3976.87141927083,96.7424176963622,1.3025
"2005-01-01",5.1,250600,652000,727100,5.25,5.25,5.42,5.35184210526316,4064.43155067845,4065.04737613076,97.1194708687148,1.30603
"2005-02-01",5.1,251700,655700,732200,5.25,5.25,5.63,5.39775,4154.70998535156,4144.69495849609,98.8916207787719,1.28083
"2005-03-01",5.2,253700,657500,739700,5.5,5.49,5.81,5.65261904761905,4201.77135649182,4187.99521019345,98.8727681201543,1.27425
"2005-04-01",5.1,255900,663600,748600,5.5,5.5,5.75,5.472,4070.13497314453,4048.44001464844,98.1563670926844,1.2942
"2005-05-01",5.1,259200,670200,756400,5.5,5.5,5.68,5.28772727272727,4028.83637029474,3984.22273393111,97.817019237567,1.30517
"2005-06-01",4.9,260100,677000,764400,5.5,5.5,5.66,5.14047619047619,4241.6000046503,4197.48091052827,99.8625326975798,1.30441
"2005-07-01",5,264300,678500,765400,5.5,5.5,5.65,5.1902380952381,4308.64283389137,4268.03341238839,99.193263316654,1.329
"2005-08-01",4.9,264800,681200,770500,5.5,5.5,5.62,5.21869565217391,4433.3956139606,4396.70868716033,99.1744106580363,1.31367
"2005-09-01",5,267200,690100,782100,5.5,5.5,5.62,5.18636363636364,4539.71819513494,4494.49090021307,99.5326111717713,1.30671
"2005-10-01",5,267400,688200,776500,5.5,5.5,5.63,5.4002380952381,4447.32856677827,4406.6142578125,98.9764577425512,1.32576
"2005-11-01",4.9,270200,692300,782900,5.5,5.5,5.63,5.43522727272727,4588.27727716619,4533.66814630682,97.7887402496406,1.32576
"2005-12-01",5.1,273000,700100,790000,5.5,5.5,5.63,5.3465,4654.39499511719,4602.51494140625,98.2883357030078,1.34789
"2006-01-01",5.2,274900,708100,797100,5.5,5.5,5.63,5.2035,4841.81499023437,4790.15998535156,97.7604612617142,1.334899616
"2006-02-01",5.1,278000,711400,804300,5.5,5.5,5.61,5.272,4876.86003417969,4826.13000488281,97.3551291014352,1.34837
"2006-03-01",4.9,282000,722100,816400,5.5,5.5,5.61,5.34130434782609,4976.56519616168,4937.26526409647,95.7997847654808,1.3741
"2006-04-01",5,284700,736200,827300,5.5,5.5,5.69,5.57970588235294,5236.61764705882,5187.84702435662,96.3276592067744,1.36045167
"2006-05-01",4.8,286400,740200,834500,5.75,5.73,5.87,5.75,5183.30867866848,5139.17389181386,98.3448936788607,1.31006
"2006-06-01",4.8,288000,746300,840400,5.75,5.75,5.96,5.73785714285714,4969.53810918899,4933.52857607887,96.7329913670534,1.35051
"2006-07-01",4.7,290800,753000,848000,5.75,5.75,6.05,5.83404761904762,5025.22379557292,4993.46189081101,98.533420265037,1.33079
"2006-08-01",4.7,292700,761300,856300,6,5.99,6.19,5.77326086956522,5008.8260657269,4976.94352921196,99.4194952200655,1.31069
"2006-09-01",4.7,294800,767400,867200,6,6,6.21,5.60166666666667,5060.30475725446,5023.30954706101,98.580551911581,1.32166
"2006-10-01",4.5,298000,776600,874700,6,6,6.28,5.665,5285.76360529119,5251.42729048295,98.6276835581251,1.32698
"2006-11-01",4.5,299000,781700,879200,6.25,6.19,6.37,5.59954545454545,5429.66671316964,5401.81818181818,99.6834324407123,1.2951
"2006-12-01",4.6,303000,791400,888100,6.25,6.25,6.39,5.69657894736842,5533.5158305921,5515.11579975329,99.6740061114035,1.27207
"2007-01-01",4.6,306100,797800,898300,6.25,6.25,6.43,5.87761904761905,5665.62376767113,5644.46665736607,99.9285170027415,1.27545
"2007-02-01",4.6,309400,814200,909400,6.25,6.25,6.37,5.80925,5934.37502441406,5912.04494628906,99.2969529390509,1.27831
"2007-03-01",4.5,314100,826200,921400,6.25,6.25,6.43,5.73681818181818,5864.85455877131,5847.22722833807,99.9190906734327,1.26304
"2007-04-01",4.4,319500,838100,931600,6.25,6.25,6.48,5.90972222222222,6145.70559353299,6130.69997829861,103.453964164238,1.2119
"2007-05-01",4.3,321500,846600,944600,6.25,6.25,6.37,5.92086956521739,6299.91304347826,6306.13478685462,103.265437578062,1.21151
"2007-06-01",4.3,331900,869600,965100,6.25,6.25,6.42,6.20475,6309.89501953125,6337.57998046875,105.74456218628,1.1878
"2007-07-01",4.3,332100,880400,975300,6.25,6.25,6.47,6.14977272727273,6320.8817915483,6357.25909978693,107.394169815322,1.15271
"2007-08-01",4.3,340800,899100,995900,6.5,6.45,6.75,5.92590909090909,6010.76957370924,6022.59130859375,102.850679088474,1.2056
"2007-09-01",4.2,338600,913000,999900,6.5,6.5,6.94,5.99210526315789,6331.52497558594,6342.91501464844,103.887575312444,1.18314
"2007-10-01",4.3,340800,938400,1027800,6.5,6.5,6.91,6.17434782608696,6683.74344004755,6698.05218240489,108.84582452888,1.11225
"2007-11-01",4.4,343800,962600,1043600,6.75,6.7,7.15,6.02545454545455,6514.3682084517,6568.99094460227,106.875721703338,1.11331
"2007-12-01",4.3,342800,971800,1059200,6.75,6.75,7.29,6.20763157894737,6438.57367907072,6503.37893194901,104.424876083046,1.14585
"2008-01-01",4.2,345000,984300,1077700,6.75,6.75,7.18,6.07642857142857,5870.81905691964,5928.31898716518,104.566271022678,1.13423
"2008-02-01",4,343400,992000,1082700,6.9999,6.96,7.69,6.29452380952381,5640.09526134673,5712.28569103423,107.309332851543,1.09521
"2008-03-01",4.1,341900,1000600,1089000,7.2498,7.22,7.9,6.08552631578947,5270.81052117599,5345.38954564145,106.724900434397,1.0811
"2008-04-01",4.3,340700,1013100,1101400,7.25,7.25,7.84,6.17047619047619,5526.99521019345,5588.42857142857,106.828590056794,1.07458
"2008-05-01",4.3,338800,1016500,1112600,7.25,7.25,7.75,6.355,5769.37726384943,5853.83635919744,109.939278728702,1.05372
"2008-06-01",4.2,347000,1035600,1124400,7.25,7.25,7.81,6.58675,5400.93002929687,5513.47995605469,110.486005828614,1.05175
"2008-07-01",4.2,347700,1057000,1143200,7.25,7.25,7.75,6.36652173913044,4976.01301375679,5056.14780061141,111.240112173319,1.03893
"2008-08-01",4,350700,1069500,1150900,7.25,7.25,7.31,5.8625,4969.90480840774,5032.70949590774,104.773650267472,1.09746
"2008-09-01",4.3,355800,1089300,1168100,7,7.02,7.27,5.64590909090909,4895.00905539773,4945.60000887784,98.8633417908455,1.21875
"2008-10-01",4.3,361800,1103000,1182100,6,6.18,6.03,5.21522727272727,4208.40001910666,4182.78260869565,85.6004964533436,1.44219
"2008-11-01",4.5,384800,1129400,1200100,5.25,5.33,4.76,4.94075,3788.99001464844,3750.34998779297,84.0262994587716,1.52513
"2008-12-01",4.6,388400,1130800,1206700,4.25,4.35,4.39,4.21571428571429,3587.34283156622,3524.3142671131,84.5541739000652,1.49309
"2009-01-01",4.9,389900,1144900,1223200,4.25,4.25,3.74,4.08575,3590.15500488281,3534.98499755859,85.5722174654171,1.47528231538854
"2009-02-01",5.3,396200,1163700,1237900,3.25,3.35,3.16,4.253,3441.67998046875,3387.95001220703,83.80006755536,1.54079643767864
"2009-03-01",5.7,395000,1142900,1220900,3.25,3.25,3.16,4.32772727272727,3389.60908647017,3338.3818137429,86.3451764687399,1.50468504206279
"2009-04-01",5.5,405400,1160400,1236000,3,3.06,3.1,4.512,3714.4,3665.69998779297,91.0960464403824,1.40430611319984
"2009-05-01",5.8,413100,1167800,1242600,3,3,3.13,5.00428571428571,3823.83333333333,3808.3238234747,95.7243741310103,1.31136894428555
"2009-06-01",5.9,415100,1179000,1250100,3,3,3.25,5.55666666666667,3935.95712425595,3931.7761811756,99.5137585131536,1.24636006209139
"2009-07-01",5.7,414400,1181000,1248700,3,3,3.14,5.48782608695652,3964.81305197011,3964.63041355299,99.8342537096533,1.24433702731575
"2009-08-01",5.7,414400,1185300,1248600,3,3,3.3,5.53325,4374.13330078125,4381.18098958333,102.831826429856,1.19886963719921
"2009-09-01",5.7,415000,1184800,1245200,3,3,3.37,5.32363636363636,4603.58638139205,4606.15454101562,104.773650267472,1.16129304702181
"2009-10-01",5.6,417300,1183600,1244400,3.25,3.21,3.78,5.4502380952381,4744.29092684659,4747.68179598722,109.053203773674,1.10229276895944
"2009-11-01",5.6,410700,1182200,1240800,3.5,3.48,3.95,5.46666666666667,4671.36667596726,4686.73814174107,110.080673668335,1.0867
"2009-12-01",5.5,404400,1178400,1232600,3.75,3.74,4.13,5.47309523809524,4710.18096633185,4726.29050409226,108.911808834042,1.10997432581125
"2010-01-01",5.3,403100,1183000,1233700,3.75,3.75,4.2,5.5575,4835.42634662829,4861.6105571546,110.825353683731,1.09458804397117
"2010-02-01",5.3,407300,1196000,1247300,3.75,3.75,4.16,5.4775,4597.82998046875,4617.71994628906,108.789266553027,1.12832432554413
"2010-03-01",5.4,409500,1209200,1256900,4,3.98,4.33,5.62,4824.36090353261,4835.89998726223,111.730281297377,1.09648
"2010-04-01",5.5,410300,1217100,1264900,4.25,4.22,4.55,5.795,4921.33683696546,4946.99470600329,113.45529956089,1.08069
"2010-05-01",5.2,410500,1221500,1266000,4.5,4.48,4.81,5.48,4496.01908947173,4520.01904296875,108.723282247865,1.14753146712596
"2010-06-01",5.1,413800,1231600,1276500,4.5,4.5,4.89,5.3275,4446.41499023438,4467.46003417969,107.752370329057,1.173
"2010-07-01",5.3,422900,1242600,1286100,4.5,4.5,4.84,5.145,4392.67274058949,4410.85458096591,108.723282247865,1.1438
"2010-08-01",5,427600,1253000,1296800,4.5,4.5,4.74,4.97,4466.05457652699,4492.19999556108,110.533137475158,1.1111
"2010-09-01",5.1,431200,1260800,1303700,4.5,4.5,4.82,5.0025,4601.25909978693,4644.35458096591,113.681531464302,1.0686
"2010-10-01",5.3,432600,1273900,1313000,4.5,4.5,4.81,5.085,4656.69521949405,4722.47619047619,115.595076313991,1.0199
"2010-11-01",5.1,434000,1294300,1328100,4.75,4.73,5.02,5.3775,4672.83635919744,4755.14539683949,116.707383172431,1.0099
"2010-12-01",4.9,437200,1302300,1338500,4.75,4.75,5.03,5.555,4741.54285249256,4831.12381417411,118.507812070415,1.008
"2011-01-01",5,441400,1311500,1343200,4.75,4.75,4.96,5.52,4763.10002055921,4868.26318359375,118.140185227371,1.0048
"2011-02-01",5,444600,1325200,1356700,4.75,4.75,4.92,5.61,4872.15500488281,4963.98498535156,118.743470303135,0.9915
"2011-03-01",4.9,446900,1334500,1364700,4.75,4.75,4.92,5.435,4718.98180042614,4811.50452769886,118.130758898062,0.9901
"2011-04-01",5,450100,1341800,1369000,4.75,4.75,4.9,5.5125,4884.70000542535,4973.2555609809,121.873011633661,0.9447
"2011-05-01",5,447300,1347700,1378500,4.75,4.75,5,5.325,4709.53182705966,4784.94094016335,122.749660259381,0.9356
"2011-06-01",4.9,437900,1343600,1372500,4.75,4.75,4.99,5.16,4541.20475260417,4607.1095610119,121.88243796297,0.943161649332499
"2011-07-01",5.1,432900,1352700,1382000,4.75,4.75,4.96,5.02,4542.8619094122,4610.41903831845,123.362371664454,0.928887060603246
"2011-08-01",5.3,439300,1373300,1401700,4.75,4.75,4.86,4.4925,4203.46360085227,4272.42721280185,119.620118928855,0.9519
"2011-09-01",5.2,442900,1383800,1412700,4.75,4.75,4.81,4.2025,4075.38635253906,4152.21365633878,118.356990801474,0.9767
"2011-10-01",5.2,446300,1390400,1420200,4.75,4.75,4.73,4.37,4189.53682668585,4251.39995117187,117.716000408474,0.988309708025075
"2011-11-01",5.2,447400,1396000,1426000,4.5,4.51,4.62,4.0825,4191.4190499442,4257.85237630208,117.913953323959,0.9899
"2011-12-01",5.2,445500,1406600,1436900,4.25,4.3,4.51,3.825,4175.625,4232.03000488281,119.045112841017,0.988
"2012-01-01",5,446500,1416700,1447700,4.25,4.25,4.41,3.795,4199.7105520148,4256.05502929687,121.759895681956,0.9631
"2012-02-01",5.2,444700,1424100,1452500,4.25,4.25,4.37,3.97,4264.51906622024,4340.80003720238,123.843114459204,0.932351256676301
"2012-03-01",5.2,444800,1434100,1460600,4.25,4.25,4.44,4.15,4261.51819957386,4351.29552112926,121.863585304353,0.9485
"2012-04-01",5,448000,1438600,1460900,4.25,4.25,4.2,3.8575,4337.17055376838,4411.27218967014,119.554134623693,0.966957674881202
"2012-05-01",5.2,453700,1457400,1479000,3.75,3.77,3.66,3.2775,4208.43911345109,4264.66521951427,116.933615075843,1.00053479837699
"2012-06-01",5.2,460500,1465400,1488500,3.5,3.54,3.49,2.995,4065.42498779297,4111.54500732422,118.988554865164,1.00200400801603
"2012-07-01",5.2,473200,1472300,1495900,3.5,3.5,3.55,2.8875,4148.00458318537,4181.67267400568,123.701719519571,0.971568376332594
"2012-08-01",5.2,478200,1482900,1504800,3.5,3.5,3.62,3.1875,4318.3000169837,4342.69560971467,125.059110940041,0.955248676149933
"2012-09-01",5.5,481300,1488500,1511100,3.5,3.5,3.49,3.0925,4360.66496582031,4382.07495117188,122.193506830161,0.962033353696373
"2012-10-01",5.4,480400,1495500,1517200,3.25,3.27,3.16,3.0225,4493.08695652174,4514.75649626359,120.459062237339,0.970910671996825
"2012-11-01",5.3,482800,1500100,1522100,3.25,3.25,3.24,3.0875,4431.6317915483,4451.23641690341,122.212359488779,0.960593821635193
"2012-12-01",5.4,494600,1508400,1530900,3,3.03,3.11,3.2275,4586.72627981085,4597.12104235197,122.353754428411,0.955809730143053
"2013-01-01",5.4,501800,1519100,1538800,3,3,3,3.3975,4765.49525669643,4788.3619094122,123.032450138646,0.952799158222657
"2013-02-01",5.4,508300,1521900,1537700,3,3,2.94,3.4975,4998.73002929687,5017.95,121.052920983795,0.969067369563532
"2013-03-01",5.6,514300,1531700,1549200,3,3,3.05,3.5125,5041.48999023438,5055.0099609375,122.579986331822,0.967763788214573
"2013-04-01",5.6,517000,1546000,1563000,3,3,3.02,3.245,4994.91499023438,4990.69501953125,122.966465833484,0.963116996826092
"2013-05-01",5.6,526000,1560800,1571700,2.75,2.8,2.82,3.225,5115.75655995245,5095.76086956522,117.781984713636,1.0080821893792
"2013-06-01",5.7,530700,1561400,1573000,2.75,2.75,2.8,,4777.99997430099,4761.7789113898,112.73889853342,1.05978232071133
"2013-07-01",5.6,529800,1565800,1578800,2.75,2.75,2.76,,4941.23917289402,4924.93038807745,110.570842792393,1.0902540766022
"2013-08-01",5.8,535000,1567000,1580500,2.5,2.55,2.6,,5104.43636807528,5091.41364080256,108.826971870262,1.10591
"2013-09-01",5.7,541600,1578300,1591500,2.5,2.5,2.58,,5228.85242280506,5223.70954241071,111.541754711201,1.07783509123104
"2013-10-01",5.8,551400,1589800,1602100,2.5,2.5,2.58,,5286.73040506114,5285.21739130435,113.285625633331,1.05053965563046
"2013-11-01",5.8,557500,1599900,1610900,2.5,2.5,2.58,,5367.29524739583,5361.56663876488,111.975365859406,1.07170196478694
"2013-12-01",5.9,567200,1613700,1623600,2.5,2.5,2.6,,5207.75502929688,5208.11000976563,108.091718184175,1.11326454707844
"2014-01-01",5.9,569800,1622200,1628200,2.5,2.5,2.62,,5281.40950520833,5289.63327752976,107.035969301588,1.128418986876
"2014-02-01",5.9,573000,1632100,1637300,2.5,2.5,2.63,,5309.65786903783,5325.59499511719,108.110570842792,1.11531212009681
"2014-03-01",5.9,578300,1638100,1645400,2.5,2.5,2.65,,5376.78094773065,5391.18098958333,109.345419982247,1.10240271296058
"2014-04-01",5.8,585600,1647800,1653300,2.5,2.5,2.68,4.027,5446.53682668585,5440.23684210526,112.02249750595,1.07372260849837
"2014-05-01",5.9,589100,1661100,1667800,2.5,2.5,2.69,3.781,5474.87269176136,5454.85906427557,111.815118261156,1.07420825968496
"2014-06-01",6,599400,1669200,1676600,2.5,2.5,2.7,3.713,5438.90500488281,5419.90002441406,112.936851448905,1.06763194151411
"2014-07-01",6.2,601800,1680500,1687500,2.5,2.5,2.65,3.486,5527.36950152853,5516.08262567935,113.153657023008,1.06473594548552
"2014-08-01",6.1,605900,1693800,1699000,2.5,2.5,2.63,3.43,5571.10474795387,5565.44761439732,112.776603850656,1.07487255082612
"2014-09-01",6.2,613100,1706000,1709500,2.5,2.5,2.66,3.573,5481.4999778054,5483.05450994318,110.976174952672,1.10353683555796
"2014-10-01",6.4,617100,1712400,1718600,2.5,2.5,2.72,3.344,5329.40005095109,5320.75649626359,108.61016629616,1.13838280349038
"2014-11-01",6.3,622300,1716800,1722100,2.5,2.5,2.75,3.294,5427.03999023438,5411.475,108.581887308233,1.15602258868138
"2014-12-01",6.1,633900,1731200,1737300,2.5,2.5,2.75,2.964,5305.44282459077,5284.09526134673,104.924471536413,1.21311216013081
"2015-01-01",6.4,639100,1735300,1743300,2.5,2.5,2.7,2.622,5422.65,5397.08503417969,104.641681657149,1.24054087582186
"2015-02-01",6.2,655400,1756100,1762800,2.25,2.28,2.36,2.49,5840.62001953125,5802.07502441406,101.285908423211,1.28372176614441
"2015-03-01",6.1,660800,1759300,1765000,2.25,2.25,2.3,2.475,5888.3818359375,5856.56815962358,101.879767169666,1.29347091160302
"2015-04-01",6.1,670300,1769900,1776400,2.25,2.25,2.25,2.41,5903.40998535156,5875.52998046875,101.333040069755,1.29436129153723
"2015-05-01",5.9,676600,1772700,1778200,2,2.04,2.15,2.882,5705.26195126488,5703.2999906994,103.114616309121,1.26545664907079
"2015-06-01",6,682400,1781400,1790000,2,2,2.15,2.985,5563.9523344494,5562.33812313988,101.502713997313,1.29496318184226
"2015-07-01",6.3,693300,1795900,1807000,2,2,2.14,2.922,5587.01307744565,5572.87389605978,98.42973064264,1.34714054775906
"2015-08-01",6.1,701400,1799200,1807400,2,2,2.14,2.738,5372.11904761905,5373.4761672247,98.1375144340667,1.37117021090053
"2015-09-01",6.2,708000,1812300,1819600,2,2,2.17,2.724,5075.70001775568,5101.69999556108,95.5075685569075,1.41660180475087
"2015-10-01",5.9,718100,1818400,1826900,2,2,2.15,2.657,5236.63636363636,5272.34550337358,97.0534865635531,1.38845061533607
"2015-11-01",5.9,721700,1831500,1840000,2,2,2.22,2.889,5171.60479445685,5225.84286644345,97.8547245548023,1.3976798514466
"2015-12-01",5.7,722200,1836400,1845800,2,2,2.34,2.852,5135.67622302827,5185.17622302827,99.2592476218157,1.37952544324752
"2016-01-01",6,731200,1846000,1855300,2,2,2.3,2.708,4976,5030.46844161184,97.110044539406,1.42267747901551
"2016-02-01",5.7,736700,1853000,1862100,2,2,2.28,2.465,4910.39048549107,4965.15236700149,97.0346339049355,1.40292744192882
"2016-03-01",5.7,741000,1862900,1873000,2,2,2.31,2.561,5107.79048084077,5169.78571428571,100.861723604314,1.33619162149758
"2016-04-01",5.6,744700,1870100,1879900,2,2,2.26,2.512,5097.07502441406,5167.57004394531,101.832635523122,1.30527696452738
"2016-05-01",5.7,745400,1876200,1886100,1.75,1.77,2,2.322,5341.64996892756,5406.29996004972,98.0149721530522,1.36568771688052
"2016-06-01",5.7,750100,1884000,1893500,1.75,1.75,1.99,2.125,5246.10951450893,5323.5238327753,99.3252319269774,1.35189111131594
"2016-07-01",5.7,754700,1901500,1913100,1.75,1.75,1.93,1.936,5403.3857421875,5483.65239025298,101.92689881621,1.32874389410544
"2016-08-01",5.6,754100,1909600,1918800,1.5,1.52,1.76,1.892,5519.55216117527,5610.66956097147,102.549036550592,1.31149036624794
"2016-09-01",5.7,760300,1914200,1925200,1.5,1.5,1.73,2.004,5357.87271395597,5452.45461203835,102.124851731695,1.31669509531077
"2016-10-01",5.6,763100,1927200,1936400,1.5,1.5,1.74,2.231,5422.88090587798,5505.82377697173,103.717901384885,1.3129
"2016-11-01",5.8,777200,1943800,1954000,1.5,1.5,1.76,2.535,5345.10906427557,5418.34998668324,104.434302412355,1.32701993545858
"2016-12-01",5.8,783700,1963200,1973200,1.5,1.5,1.78,2.799,5560.39501953125,5614.09501953125,103.425685176312,1.36106608594514
"2017-01-01",5.7,794800,1975300,1987000,1.5,1.5,1.78,2.711,5710.43498535156,5764.07004394531,104.47200772959,1.3427898289774
"2017-02-01",5.9,800800,1985400,1996600,1.5,1.5,1.78,2.738,5724.63505859375,5774.03498535156,106.470389543059,1.3042828227969
"2017-03-01",5.8,804900,1990400,2001900,1.5,1.5,1.79,2.804,5772.74785580842,5813.96957795516,105.942515101765,1.31172971524059
"2017-04-01",5.6,813700,2005800,2016400,1.5,1.5,1.77,2.557,5878.58823529412,5912.21762982537,104.038396581385,1.32627753683736
"2017-05-01",5.5,821400,2014900,2026100,1.5,1.5,1.73,2.548,5815.0173658288,5849.13041355299,102.08714641446,1.34525738283101
"2017-06-01",5.6,825100,2029900,2041400,1.5,1.5,1.72,2.421,5737.80480375744,5774.06666201637,102.935516052253,1.32313317936875
"2017-07-01",5.6,828000,2032900,2045500,1.5,1.5,1.7,2.664,5732.47614397321,5777.1238374256,105.688004210427,1.28319503342418
"2017-08-01",5.5,829900,2038100,2050200,1.5,1.5,1.7,2.626,5738.01742951766,5791.41304347826,105.999073077618,1.26295212313234
"2017-09-01",5.5,832300,2045200,2056900,1.5,1.5,1.72,2.71,5698.6150390625,5759.95235770089,105.838825479368,1.25435290322966
"2017-10-01",5.4,838700,2054100,2067000,1.5,1.5,1.7,2.768,5821.74092240767,5888.06365411932,104.500286717516,1.2836146588794
"2017-11-01",5.5,850300,2058600,2071900,1.5,1.5,1.72,2.565,5977.64994673295,6056.78184925426,102.341657305798,1.31147540983607
"2017-12-01",5.6,856300,2055100,2068600,1.5,1.5,1.77,2.583,6023.4947317023,6112.85259046053,102.011735779989,1.3080363260374
"2018-01-01",5.5,861000,2061700,2074900,1.5,1.5,1.79,2.747,6060.14760044643,6170.98570033482,103.821591007282,1.25893997254312
"2018-02-01",5.6,864600,2062500,2075000,1.5,1.5,1.77,2.845,5944.96501464844,6047.70500488281,101.267055764593,1.26908384836986
"2018-03-01",5.5,868100,2060400,2071600,1.5,1.5,1.93,2.713,5913.53329613095,6015.7476515997,100.079338271683,1.28771155261221
"2018-04-01",5.5,868700,2058500,2070300,1.5,1.5,2.06,2.734,5851.5,5946.49470600329,99.2875266097421,1.29910088543981
"2018-05-01",5.4,874400,2062300,2073100,1.5,1.5,1.96,2.79,6065.68259595788,6166.20002547554,99.0235893890953,1.32856589975681
"2018-06-01",5.3,869800,2066300,2077400,1.5,1.5,2.07,2.697,6108.84501953125,6214.27998046875,99.7399904165652,1.33440975720415
"2018-07-01",5.3,864100,2071900,2083500,1.5,1.5,2.02,2.637,6247.21364524148,6335.32728160511,100.135896247535,1.35031456191499
"2018-08-01",5.2,870400,2088100,2101100,1.5,1.5,1.96,2.59,6289.36521314538,6384.93043053668,99.9567959906679,1.36504371242252
"2018-09-01",5,868000,2088500,2101400,1.5,1.5,1.93,2.631,6189.21999511719,6299.29995117188,98.1186617754491,1.3883200633074
"2018-10-01",5,869300,2096100,2107800,1.5,1.5,1.93,2.682,5938.04347826087,6044.09563943614,97.6379189806996,1.40789187390408
"2018-11-01",5.1,871200,2097700,2109200,1.5,1.5,1.94,2.683,5775.97727272727,5860.14089133523,100.145322576844,1.3800198221029
"2018-12-01",5,878900,2107600,2119000,1.5,1.5,2.02,2.431,5617.41051603618,5690.29469058388,98.7502258391397,1.39154380799625
"2019-01-01",5,880000,2117800,2129100,1.5,1.5,2.07,2.271,5795.57621837798,5857.99523344494,97.4399660652145,1.39975737538827
"2019-02-01",5,882200,2130000,2141300,1.5,1.5,1.96,2.126,6075.6349609375,6149.18953022204,96.6293017446564,1.39977603583427
"2019-03-01",5.1,885300,2145500,2157000,1.5,1.5,1.83,1.957,6183.15718005952,6267.69524274554,95.941179705113,1.41226790049564
"2019-04-01",5.2,895400,2145100,2156300,1.5,1.5,1.68,1.865,6268.01572779605,6358.65262643915,96.6293017446564,1.40542939566536
"2019-05-01",5.2,897900,2144200,2157000,1.5,1.5,1.54,1.655,6374.78258746603,6464.18694802989,95.3850262758929,1.43907398717347
"2019-06-01",5.3,907600,2146700,2160500,1.25,1.28,1.29,1.386,6545.31046977796,6626.05263157895,95.2530576655695,1.43907398717347
"2019-07-01",5.3,1017200,2122000,2128200,1,1.02,1.11,1.32,6717.41306470788,6804.19127887228,95.7432267896279,1.43122051996864
"2019-08-01",5.3,1026300,2127800,2135100,1,1,0.98,0.959,6543.64999112216,6627.30908203125,93.9993558674972,1.47672055524693
"2019-09-01",5.2,1036900,2134500,2141500,1,1,0.98,1.035,6665.71428571429,6773.59533110119,94.6497725898054,1.46884989053571
"2019-10-01",5.3,1055400,2145200,2152100,0.75,0.76,0.88,1.037,6654.20458984375,6757.9217688519,93.9333715623355,1.47148332207426
"2019-11-01",5.2,1066200,2153900,2159900,0.75,0.75,0.91,1.152,6746.77620442708,6852.90955171131,94.2255877709088,1.4642819788725
"2019-12-01",5,1075600,2158700,2163900,0.75,0.75,0.9,1.202,6764.84499511719,6872.89997558594,94.9702677863051,1.4541435821373
"2020-01-01",5.2,1089500,2168200,2174000,0.75,0.75,0.89,1.159,6957.67622302827,7071.58096168155,94.3387037226145,1.45553345301053
"2020-02-01",5.1,1099700,2178600,2185100,0.75,0.75,0.89,0.984,6982.31506347656,7077.81997070313,92.2366322867489,1.49845284743502
"2020-03-01",5.2,1186000,2240300,2246700,0.25,0.43,0.53,0.884,5426.19546786222,5472.33180930398,86.4582924204457,1.60533555161519
"2020-04-01",6.3,1228900,2305100,2310900,0.25,0.16,0.17,0.854,5313.88996582031,5367.95500488281,88.0796210615618,1.58784347039069
"2020-05-01",7,1238800,2310600,2317300,0.25,0.14,0.1,0.903,5502.3857421875,5598.90471540179,90.6530089628681,1.53619944257906
"2020-06-01",7.4,1258300,2329100,2334500,0.25,0.14,0.1,0.928,5929.54285249256,6044.7523484003,94.5272303087908,1.45094760697284
"2020-07-01",7.5,1279400,2354900,2359600,0.25,0.13,0.1,0.897,6011.52173913043,6127.13037109375,96.0825746447452,1.4227830874393
"2020-08-01",6.8,1298100,2380200,2385800,0.25,0.13,0.1,0.905,6089.36193266369,6239.57619512649,97.7887402496406,1.38904322702522
"2020-09-01",6.9,1315700,2394900,2400200,0.25,0.13,0.09,0.894,5920.16361860795,6105.69087357955,98.1186617754491,1.38162315600409
"2020-10-01",7,1336800,2407700,2412900,0.25,0.13,0.07,0.802,6081.88636363636,6286.36823064631,96.3370855360832,1.40303991982629
"2020-11-01",6.8,1359100,2422700,2427900,0.1,0.06,0.02,0.856,6407.91908482143,6616.19521949405,97.364555430744,1.37651662635439
"2020-12-01",6.5,1376200,2431500,2435700,0.1,0.04,0.02,0.976,6656.90955171131,6898.81905691964,99.1744106580363,1.3297030329893
"2021-01-01",6.3,1400300,2444900,2449700,0.1,0.03,0.01,1.053,6715.74740439967,6987.63160464638,101.021971202564,1.29435728348468
"2021-02-01",5.8,1415000,2455300,2459200,0.1,0.03,0.01,1.334,6816.40500488281,7088.87495117188,101.342466399064,1.28956548091121
"2021-03-01",5.7,1427100,2456900,2460300,0.1,0.03,0.03,1.707,6765.93480383832,7007.15219514266,102.190836036857,1.29687790740292
"2021-04-01",5.5,1441100,2467800,2472400,0.1,0.03,0.04,1.676,7009.09499511719,7265.99499511719,102.219115024783,1.29814495086521
"2021-05-01",5.1,1453500,2470500,2476300,0.1,0.03,0.04,1.66,7067.01904296875,7306.50002325149,102.190836036857,1.28875469474925
"2021-06-01",5,1481200,2510300,2515700,0.1,0.03,0.03,1.531,7297.60951450893,7552.80001395089,100.937134238785,1.30802003139248
"2021-07-01",4.7,1510100,2539500,2543800,0.1,0.03,0.02,1.254,7337.18634588068,7612.92726828835,99.1744106580363,1.34684257246931
"2021-08-01",4.6,1531400,2550300,2556400,0.1,0.03,0.01,1.135,7522.08180930398,7793.82275390625,97.7887402496406,1.36969325393461
"2021-09-01",4.7,1556100,2587900,2593900,0.1,0.03,0.01,1.282,7397.56369850852,7696.62271395597,97.8452982254935,1.36573858521898
"2021-10-01",5.3,1578500,2602600,2609600,0.1,0.03,0.04,1.71,7338.58098493304,7643.82861328125,99.3158055976685,1.35081285163347
"2021-11-01",4.6,1604200,2621400,2628900,0.1,0.04,0.04,1.806,7385.88634144176,7710.84090909091,98.533420265037,1.36739387158928
"2021-12-01",4.2,1630100,2656600,2664100,0.1,0.04,0.06,1.609,7351.28094773065,7665.70482235863,97.4682450531409,1.39848963119831
"2022-01-01",4.2,1644500,2655800,2664600,0.1,0.05,0.07,1.888,7299.34202816612,7613.84734786184,97.8641508841111,1.39289039418798
"2022-02-01",4,1653000,2664100,2673200,0.1,0.05,0.07,2.111,7162.76000976562,7451.10998535156,97.4682450531409,1.39710659224746
"2022-03-01",4,1669900,2686300,2695500,0.1,0.05,0.17,2.5,7234.36954398777,7514.17387058424,101.229350447358,1.35710028971141
"2022-04-01",3.8,1683700,2700000,2707700,0.1,0.06,0.41,3.008,7469.97222222222,7763.72222222222,102.784694783312,1.35180804325786
"2022-05-01",3.9,1692600,2723900,2732900,0.35,0.29,1,3.381,7164.02281605114,7408.92278497869,100.890002592241,1.41803743618832
"2022-06-01",3.6,1688300,2759500,2768300,0.85,0.69,1.6,3.767,6794.62381417411,6992.96186755952,100.918281580167,1.42240766203594
"2022-07-01",3.5,1668900,2771600,2780300,1.35,1.24,2.07,3.429,6701.21907552083,6903.48567708333,100.399833468182,1.45881960653551
"2022-08-01",3.5,1656400,2779000,2789000,1.85,1.77,2.31,3.361,7032.10432235054,7273.11737856658,102.586741867827,1.43677222588672
"2022-09-01",3.6,1655300,2777000,2790200,2.35,2.21,2.76,3.747,6736.57149832589,6961.59047154018,101.427303362843,1.4953324266397
"2022-10-01",3.4,1650300,2795200,2807900,2.6,2.54,2.95,3.919,6735.63332403274,6933.83805338542,98.2883357030078,1.57210457639642
"2022-11-01",3.5,1643100,2811200,2823500,2.85,2.8,3.06,3.696,7102.79088245739,7297.1318581321,100.692049676755,1.51654063294891
"2022-12-01",3.5,1641600,2824500,2837800,3.1,3.01,3.17,3.551,7177.92497558594,7365.75002441406,100.607212712976,1.48105362154637
"2023-01-01",3.7,1646400,2844500,2858700,3.1,3.07,3.32,3.604,7309.41499023438,7518.62998046875,101.568698302475,1.43911810842316
"2023-02-01",3.6,1638700,2844400,2858000,3.35,3.26,3.46,3.702,7405.22497558594,7610.42004394531,101.879767169666,1.44621525467851
"2023-03-01",3.6,1629700,2863400,2877300,3.6,3.51,3.64,3.468,7110.18259595788,7304.20439877717,99.2026896459628,1.49540974226938
"2023-04-01",3.7,1626000,2869400,2882700,3.6,3.57,3.66,3.343,7311.45298138787,7505.40587660846,98.731373180522,1.49371759950795
"2023-05-01",3.6,1629800,2879900,2895500,3.85,3.8,3.9,3.5,7229.68259595788,7418.64351222826,99.2686739511245,1.50354313207646
"2023-06-01",3.5,1620300,2874500,2890500,4.1,4.02,4.25,3.916,7177.28571428571,7367.0333891369,101.502713997313,1.49073613970327
"2023-07-01",3.7,1603800,2880400,2896300,4.1,4.07,4.3,4.036,7268.83333333333,7477.92857142857,101.540419314549,1.48421432054789
"2023-08-01",3.7,1618800,2899700,2917200,4.1,4.07,4.15,4.128,7253.28265115489,7467.03040081522,99.0141630597865,1.5412638363458
"2023-09-01",3.6,1620700,2918200,2932900,4.1,4.07,4.13,4.211,7164.64281063988,7365.2000093006,99.240394963198,1.55651252251384
"2023-10-01",3.8,1628100,2920500,2935200,4.1,4.07,4.21,4.633,6944.46821732955,7135.06367631392,98.8256364736102,1.57476772176104
"2023-11-01",3.9,1637400,2940700,2956900,4.35,4.26,4.38,4.578,7011.45907315341,7214.84093128551,100.201880552697,1.54038971859881
"2023-12-01",4,1638400,2961300,2976400,4.35,4.32,4.35,4.187,7344.43156352796,7564.25267269737,102.040014767916,1.49640469083491
"2024-01-01",4.1,1646600,2972700,2988200,4.35,4.32,4.35,4.148,7503.63334728423,7739.52852957589,102.077720085151,1.50323194868968
"2024-02-01",3.7,1657900,2990600,3005300,4.35,4.32,4.34,4.141,7632.65715680804,7878.06666201637,100.597786383667,1.531382
"2024-03-01",3.9,1660000,2999900,3015200,4.35,4.32,4.35,4.045,7750.79001464844,8009.21000976562,101.333040069755,1.52463427835248
"2024-04-01",4.1,1667900,3019800,3035100,4.35,4.32,4.37,4.268,7719.88000488281,7977.01999511719,101.974030462754,1.53570907527278
"2024-05-01",4,1670800,3024800,3040700,4.35,4.32,4.36,4.325,7744.18696925951,8013.365234375,103.661343409032,1.51108015951751
"2024-06-01",4.1,1677000,3029400,3045500,4.35,4.32,4.39,4.242,7767.88946854441,8015.11574835526,104.594550010605,1.50427133888066
"2024-07-01",4.2,1696800,3052200,3067500,4.35,4.34,4.46,4.326,7908.19567340353,8148.40000849185,105.047013817428,1.49853729729025
"2024-08-01",4.1,1701200,3063900,3078500,,4.34,4.38,3.976,7921.77277166193,8140.56354314631,,
"2024-09-01",4.1,1706800,3077100,3091800,,4.34,4.42,3.922,8106.47142392113,8332.12376767113,,
"2024-10-01",4.1,1732000,3105900,3120800,,4.34,4.41,4.267,8228.66531504755,8495.16083559783,,
"2024-11-01",3.9,1741500,3111500,3124300,,4.34,4.42,4.544,8295.29996744792,8546.65234375,,
"2024-12-01",4,1759400,3122800,3134300,,4.34,4.44,4.313,8314.19504394531,8570.51499023437,,
"2025-01-01",4.1,1769900,3131700,3143700,,4.34,4.33,4.481,8344.73802548363,8591.97154017857,,
"2025-02-01",4,1778700,3149700,3160200,,4.24,4.17,4.423,8403.33508300781,8666.21997070312,,
"2025-03-01",4.1,1788700,3152700,3162200,,4.09,4.12,4.421,7946.23335193452,8169.71905226935,,
"2025-04-01",,,,,,4.09,4.02,,7787.3263774671,7988.33167146382,,
"2025-05-01",,,,,,,,,8177.13330078125,8397.78336588542,,
