"date","pce_nom","gdp_nom","pce_defl","gdp_defl","cpi","ur","m1p","m1pp","m2p","m2pp","m2","m3","policy","ommfr_1d","tb_3m","gov_10y","gov_long","osptx","tsx60","reer","rrppi","xr_usd","hfwh","hnfwh","hhwh"
"1914-01-01",,,,,4.70122012334087,,,,,,,,,,,,,,,,,,,,
"1914-04-01",,,,,4.71204093498491,,,,,,,,,,,,,,,,,,,,
"1914-07-01",,,,,4.72722597235323,,,,,,,,,,,,,,,,,,,,
"1914-10-01",,,,,4.79098683699728,,,,,,,,,,,,,,,,,,,,
"1915-01-01",,,,,4.78016460249898,,,,,,,,,,,,,,,,,,,,
"1915-04-01",,,,,4.81820656006346,,,,,,,,,,,,,,,,,,,,
"1915-07-01",,,,,4.83123348059438,,,,,,,,,,,,,,,,,,,,
"1915-10-01",,,,,4.89524821772332,,,,,,,,,,,,,,,,,,,,
"1916-01-01",,,,,5.06877967167966,,,,,,,,,,,,,,,,,,,,
"1916-04-01",,,,,5.16315618854083,,,,,,,,,,,,,,,,,,,,
"1916-07-01",,,,,5.27440938625194,,,,,,,,,,,,,,,,,,,,
"1916-10-01",,,,,5.55075311823619,,,,,,,,,,,,,,,,,,,,
"1917-01-01",,,,,5.85458565032567,,,,,,,,,,,,,,,,,,,,
"1917-04-01",,,,,6.19590492907961,,,,,,,,,,,,,,,,,,,,
"1917-07-01",,,,,6.31984502142448,,,,,,,,,,,,,,,,,,,,
"1917-10-01",,,,,6.46820634939182,,,,,,,,,,,,,,,,,,,,
"1918-01-01",,,,,6.668401139172,,,,,,,,,,,,,,,,,,,,
"1918-04-01",,,,,6.88761144685059,,,,,,,,,,,,,,,,,,,,
"1918-07-01",,,,,7.17775216206081,,,,,,,,,,,,,,,,,,,,
"1918-10-01",,,,,7.35984077777669,,,,,,,,,,,,,,,,,,,,
"1919-01-01",,,,,7.40279688460895,,,,,,,,,,,,,,,,,,,,
"1919-04-01",,,,,7.60725240382436,,,,,,,,,,,,,,,,,,,,
"1919-07-01",,,,,7.82666701166946,,,,,,,,,,,,,,,,,,,,
"1919-10-01",,,,,7.93483676961062,,,,,,,,,,,,,,,,,,,,
"1920-01-01",,,,,8.52916907159715,,,,,,,,,,,,,,,,,,,,
"1920-04-01",,,,,9.17168378422161,,,,,,,,,,,,,,,,,,,,
"1920-07-01",,,,,9.18947911183941,,,,,,,,,,,,,,,,,,,,
"1920-10-01",,,,,8.90216674182132,,,,,,,,,,,,,,,,,,,,
"1921-01-01",,,,,8.4479861702056,,,,,,,,,,,,,,,,,,,,
"1921-04-01",,,,,7.90649334679827,,,,,,,,,,,,,,,,,,,,
"1921-07-01",,,,,7.64314775460559,,,,,,,,,,,,,,,,,,,,
"1921-10-01",,,,,7.45997315264424,,,,,,,,,,,,,,,,,,,,
"1922-01-01",,,,,7.29305959824171,,,,,,,,,,,,,,,,,,,,
"1922-04-01",,,,,7.24498601031111,,,,,,,,,,,,,,,,,,,,
"1922-07-01",,,,,7.23024152456015,,,,,,,,,,,,,,,,,,,,
"1922-10-01",,,,,7.22308066522935,,,,,,,,,,,,,,,,,,,,
"1923-01-01",,,,,7.23500774936455,,,,,,,,,,,,,,,,,,,,
"1923-04-01",,,,,7.29758418215058,,,,,,,,,,,,,,,,,,,,
"1923-07-01",,,,,7.23878459185548,,,,,,,,,,,,,,,,,,,,
"1923-10-01",,,,,7.22019385754914,,,,,,,,,,,,,,,,,,,,
"1924-01-01",,,,,7.20371882453999,,,,,,,,,,,,,,,,,,,,
"1924-04-01",,,,,7.06015225248397,,,,,,,,,,,,,,,,,,,,
"1924-07-01",,,,,7.06002179116745,,,,,,,,,,,,,,,,,,,,
"1924-10-01",,,,,7.11404922942395,,,,,,,,,,,,,,,,,,,,
"1925-01-01",,,,,7.20089640879889,,,,,,,,,,,,,,,,,,,,
"1925-04-01",,,,,7.16750911949008,,,,,,,,,,,,,,,,,,,,
"1925-07-01",,,,,7.16667511133342,,,,,,,,,,,,,,,,,,,,
"1925-10-01",,,,,7.24361416619293,,,,,,,,,,,,,,,,,,,,
"1926-01-01",,,,,7.20104752000246,,,,,,,,,,,,,,,,,,,,
"1926-04-01",,,,,7.30074291394046,,,,,,,,,,,,,,,,,,,,
"1926-07-01",,,,,7.27024275584582,,,,,,,,,,,,,,,,,,,,
"1926-10-01",,,,,7.21738395369462,,,,,,,,,,,,,,,,,,,,
"1927-01-01",,,,,7.17792751508463,,,,,,,,,,,,,,,,,,,,
"1927-04-01",,,,,7.14268065154537,,,,,,,,,,,,,,,,,,,,
"1927-07-01",,,,,7.13272615975707,,,,,,,,,,,,,,,,,,,,
"1927-10-01",,,,,7.113357636205,,,,,,,,,,,,,,,,,,,,
"1928-01-01",,,,,7.18335101495236,,,,,,,,,,,,,,,,,,,,
"1928-04-01",,,,,7.16826089450338,,,,,,,,,,,,,,,,,,,,
"1928-07-01",,,,,7.20482909353431,,,,,,,,,,,,,,,,,,,,
"1928-10-01",,,,,7.21961235087399,,,,,,,,,,,,,,,,,,,,
"1929-01-01",,,,,7.21597600073035,,,,,,,,,,,,,,,,,,,,
"1929-04-01",,,,,7.27271635449264,,,,,,,,,,,,,,,,,,,,
"1929-07-01",,,,,7.24998454408178,,,,,,,,,,,,,,,,,,,,
"1929-10-01",,,,,7.32720789958878,,,,,,,,,,,,,,,,,,,,
"1930-01-01",,,,,7.35240360662746,,,,,,,,,,,,,,,,,,,,
"1930-04-01",,,,,7.2957206561404,,,,,,,,,,,,,,,,,,,,
"1930-07-01",,,,,7.16631147595917,,,,,,,,,,,,,,,,,,,,
"1930-10-01",,,,,6.96456221113245,,,,,,,,,,,,,,,,,,,,
"1931-01-01",,,,,6.75465578548191,,,,,,,,,,,,,,,,,,,,
"1931-04-01",,,,,6.57845805242712,,,,,,,,,,,,,,,,,,,,
"1931-07-01",,,,,6.40218300073791,,,,,,,,,,,,,,,,,,,,
"1931-10-01",,,,,6.20795688286478,,,,,,,,,,,,,,,,,,,,
"1932-01-01",,,,,6.0242202753106,,,,,,,,,,,,,,,,,,,,
"1932-04-01",,,,,5.91387377386161,,,,,,,,,,,,,,,,,,,,
"1932-07-01",,,,,5.82542726834522,,,,,,,,,,,,,,,,,,,,
"1932-10-01",,,,,5.73836466109213,,,,,,,,,,,,,,,,,,,,
"1933-01-01",,,,,5.63125068715028,,,,,,,,,,,,,,,,,,,,
"1933-04-01",,,,,5.62174599888038,,,,,,,,,,,,,,,,,,,,
"1933-07-01",,,,,5.64390426430441,,,,,,,,,,,,,,,,,,,,
"1933-10-01",,,,,5.58118913667631,,,,,,,,,,,,,,,,,,,,
"1934-01-01",,,,,5.68296824128432,,,,,,,,,,,,,,,,,,,,
"1934-04-01",,,,,5.72532526010443,,,,,,,,,,,,,,,,,,,,
"1934-07-01",,,,,5.67438220469884,,,,,,,,,,,,,,,,,,,,
"1934-10-01",,,,,5.65706434084574,,,,,,,,,,,,,,,,,,,,
"1935-01-01",,,,,5.65621675297421,,,,,,,,,,,,,,,,,,,,
"1935-04-01",,,,,5.70040838100066,,,,,,,,,,,,,,,,,,,,
"1935-07-01",,,,,5.7031957591967,,,,,,,,,,,,,,,,,,,,
"1935-10-01",,,,,5.78315889846836,,,,,,,,,,,,,,,,,,,,
"1936-01-01",,,,,5.81548764153484,,,,,,,,,,,,,,,,,,,,
"1936-04-01",,,,,5.78016236404805,,,,,,,,,,,,,,,,,,,,
"1936-07-01",,,,,5.8355439189389,,,,,,,,,,,,,,,,,,,,
"1936-10-01",,,,,5.88256464818917,,,,,,,,,,,,,,,,,,,,
"1937-01-01",,,,,5.97665255804144,,,,,,,,,,,,,,,,,,,,
"1937-04-01",,,,,6.01944304176537,,,,,,,,,,,,,,,,,,,,
"1937-07-01",,,,,6.04427906346259,,,,,,,,,,,,,,,,,,,,
"1937-10-01",,,,,6.11339067864827,,,,,,,,,,,,,,,,,,,,
"1938-01-01",,,,,6.08766060393001,,,,,,,,,,,,,,,,,,,,
"1938-04-01",,,,,6.12442273970519,,,,,,,,,,,,,,,,,,,,
"1938-07-01",,,,,6.11938917539672,,,,,,,,,,,,,,,,,,,,
"1938-10-01",,,,,5.95377491370532,,,,,,,,,,,,,,,,,,,,
"1939-01-01",,,,,5.99060099055027,,,,,,,,,,,,,,,,,,,,
"1939-04-01",,,,,6.01870781371443,,,,,,,,,,,,,,,,,,,,
"1939-07-01",,,,,5.98168526490753,,,,,,,,,,,,,,,,,,,,
"1939-10-01",,,,,6.10906977121608,,,,,,,,,,,,,,,,,,,,
"1940-01-01",,,,,6.18419870515922,,,,,,,,,,,,,,,,,,,,
"1940-04-01",,,,,6.2534239280007,,,,,,,,,,,,,,,,,,,,
"1940-07-01",,,,,6.31589323800872,,,,,,,,,,,,,,,,,,,,
"1940-10-01",,,,,6.37020277656753,,,,,,,,,,,,,,,,,,,,
"1941-01-01",,,,,6.4832703296486,,,,,,,,,,,,,,,,,,,,
"1941-04-01",,,,,6.54089538263975,,,,,,,,,,,,,,,,,,,,
"1941-07-01",,,,,6.75514659264753,,,,,,,,,,,,,,,,,,,,
"1941-10-01",,,,,6.84093775727755,,,,,,,,,,,,,,,,,,,,
"1942-01-01",,,,,6.91257498362039,,,,,,,,,,,,,,,,,,,,
"1942-04-01",,,,,6.95866393224706,,,,,,,,,,,,,,,,,,,,
"1942-07-01",,,,,6.96078565294886,,,,,,,,,,,,,,,,,,,,
"1942-10-01",,,,,7.02631220903629,,,,,,,,,,,,,,,,,,,,
"1943-01-01",,,,,6.96941422952048,,,,,,,,,,,,,,,,,,,,
"1943-04-01",,,,,7.11370688334726,,,,,,,,,,,,,,,,,,,,
"1943-07-01",,,,,7.16777217390149,,,,,,,,,,,,,,,,,,,,
"1943-10-01",,,,,7.21248470083532,,,,,,,,,,,,,,,,,,,,
"1944-01-01",,,,,7.20732559957945,,,,,,,,,,,,,,,,,,,,
"1944-04-01",,,,,7.18975895546805,,,,,,,,,,,,,,,,,,,,
"1944-07-01",,,,,7.14220186901602,,,,,,,,,,,,,,,,,,,,
"1944-10-01",,,,,7.11178521489107,,,,,,,,,,,,,,,,,,,,
"1945-01-01",,,,,7.17762679696766,,,,,,,,,,,,,,,,,,,,
"1945-04-01",,,,,7.21370851746603,,,,,,,,,,,,,,,,,,,,
"1945-07-01",,,,,7.22452096214387,,,,,,,,,,,,,,,,,,,,
"1945-10-01",,,,,7.21901714593751,,,,,,,,,,,,,,,,,,,,
"1946-01-01",,,,,7.27689570200683,,,,,,,,,,,,,,,,,,,,
"1946-04-01",,,,,7.31874127721922,,,,,,,,,,,,,,,,,,,,
"1946-07-01",,,,,7.51780291488614,,,,,,,,,,,,,,,,,,,,
"1946-10-01",,,,,7.6124354228774,,,,,,,,,,,,,,,,,,,,
"1947-01-01",,,,,7.69193598041831,,,,,,,,,,,,,,,,,,,,
"1947-04-01",,,,,7.95116456563682,,,,,,,,,,,,,,,,,,,,
"1947-07-01",,,,,8.17924495618887,,,,,,,,,,,,,,,,,,,,
"1947-10-01",,,,,8.57947019461592,,,,,,,,,,,,,,,,,,,,
"1948-01-01",,,,,8.94979153506554,,,,,,,,,,,,,,,,,,,,
"1948-04-01",,,,,9.18945905346565,,,,,,,,,,,,,,,,,,,,
"1948-07-01",,,,,9.39252713699825,,,,,,,,,,,,,,,,,,,,
"1948-10-01",,,,,9.49224616908548,,,,,,,,,,,,,,,,,,,,
"1949-01-01",,,,,9.55022897844665,,,,,,,,,,,,,,,,,,,,
"1949-04-01",,,,,9.55835665988427,,,,,,,,,,,,,,,,,,,,
"1949-07-01",,,,,9.58314189950531,,,,,,,,,,,,,,,,,,,,
"1949-10-01",,,,,9.6208258050927,,,,,,,,,,,,,,,,,,,,
"1950-01-01",,,,,9.62478831514334,,,,,,,,,,,,,,,,,,,,
"1950-04-01",,,,,9.71788971152812,,,,,,,,,,,,,,,,,,,,
"1950-07-01",,,,,9.87510781421057,,,,,,,,,,,,,,,,,,,,
"1950-10-01",,,,,10.1162638937886,,,,,,,,,,,,,,,,,,,,
"1951-01-01",,,,,10.4370801120314,,,,,,,,,,,,,,,,,,,,
"1951-04-01",,,,,10.8271235293348,,,,,,,,,,,,,,,,,,,,
"1951-07-01",,,,,11.0294448501808,,,,,,,,,,,,,,,,,,,,
"1951-10-01",,,,,11.188548580175,,,,,,,,,,,,,,,,,,,,
"1952-01-01",,,,,11.2770577920672,,,,,,,,,,,,,,,,,,,,
"1952-04-01",,,,,11.1730769851707,,,,,,,,,,,,,,,,,,,,
"1952-07-01",,,,,11.1033175116414,,,,,,,,,,,,,,,,,,,,
"1952-10-01",,,,,11.0591587419993,,,,,,,,,,,,,,,,,,,,
"1953-01-01",,,,,11.041541608206,,,,,,,,,,,,,,,,,,,,
"1953-04-01",,,,,10.9909073651225,,,,,,,,,,,,,,,,,,,,
"1953-07-01",,,,,11.044889758551,,,,,,,,,,,,,,,,,,,,
"1953-10-01",,,,,11.0871627968615,,,,,,,,,,,,,,,,,,,,
"1954-01-01",,,,,11.0972077992991,,,,,,,,,,,,,,,,,,,,
"1954-04-01",,,,,11.0957077426101,,,,,,,,,,,,,,,,,,,,
"1954-07-01",,,,,11.1462752569219,,,,,,,,,,,,,,,,,,,,
"1954-10-01",,,,,11.1146243939354,,,,,,,,,,,,,,,,,,,,
"1955-01-01",,,,,11.126959270125,,,,,,,,,,,,,,,,,,,,
"1955-04-01",,,,,11.1455989225135,,,,,,,,,,,,,,,,,,,,
"1955-07-01",,,,,11.1188982282817,,,,,,,,,,,,,,,,,,,,
"1955-10-01",,,,,11.1424397164952,,,,,,,,,,,,,,,,,,,,
"1956-01-01",,,,,11.1560431081618,,,,,,,,,,,,,553.23,,,,,,,
"1956-04-01",,,,,11.1929250151876,,,,,,,,,,,,,573.03,,,,,,,
"1956-07-01",,,,,11.3568777454729,,,,,,,,,,,,,596.136666666667,,,,,,,
"1956-10-01",,,,,11.4324305827594,,,,,,,,,,,,,547.873333333333,,,,,,,
"1957-01-01",,,,,11.525007285492,,,,,,,,,,,,,559.046666666667,,,,0.958361156666667,,,
"1957-04-01",,,,,11.6353412004244,,,,,,,,,,,,,596.066666666667,,,,0.95617625,,,
"1957-07-01",,,,,11.7273935189842,,,,,,,,,,,,,526.933333333333,,,,0.952687976666667,,,
"1957-10-01",,,,,11.7480014107442,,,,,,,,,,,,,446.066666666667,,,,0.968152076666667,,,
"1958-01-01",,,,,11.866676991576,,,,,,,,,,,,,450.15,,,,0.98101693,,,
"1958-04-01",,,,,11.9203236576694,,,,,,,,,,,,,470.51,,,,0.966422419666667,,,
"1958-07-01",,,,,11.9403908963409,,,,,,,,,,,,,518.236666666667,,,,0.967152779666667,,,
"1958-10-01",,,,,12.0125936203534,,,,,,,,,,,,,541.686666666667,,,,0.967883773333333,,,
"1959-01-01",,,,,12.0488384724356,,,,,,,,,,,,,563.943333333333,,,,0.97053571,,,
"1959-04-01",,,,,11.9960978618282,,,,,,,,,,,,,570.086666666667,,,,0.96174479,,,
"1959-07-01",,,,,12.0989706617913,,,,,,,,,,,,,569.606666666667,,,,0.954471276666667,,,
"1959-10-01",,,,,12.1735028350345,,,,,,,,,,,,,544.883333333333,,,,0.949703236666667,,,
"1960-01-01",,,,,12.2050068540217,,,,,,,,,,,,,518.026666666667,,,,0.951880943333333,,,
"1960-04-01",,,,,12.2303687439948,,,,,,,,,,,,,508.72,,,,0.974429923333333,,,
"1960-07-01",,,,,12.2027090367078,,,,,,,,2.54,,,,,506.953333333333,,,,0.973528353333333,,,
"1960-10-01",,,,,12.3360099860998,,,,,,,,3.6,,,,,521.456666666667,,,,0.979227926666667,,,
"1961-01-01",6385,10150,13.2229188947034,11.5250909343677,12.3889194869484,,,,,,,,3.37,,,,,591.87,,,,0.989936463333333,,,
"1961-04-01",6512,10374,13.2335582023537,11.4885332802561,12.3849740199232,,,,,,,,3.25666666666667,,,,,643.4,,,,0.993964313333333,,,
"1961-07-01",6676,10651,13.2417831755674,11.5150829667389,12.3565524405872,,,,,,,,2.71666666666667,,,,,665.463333333333,,,,1.03212269,,,
"1961-10-01",6726,10851,13.2893455819203,11.5738484433365,12.3422855913194,,,,,,,,2.91333333333333,,,,,684.02,,,,1.03622659666667,,,
"1962-01-01",6900,11156,13.3243037597302,11.5907423920199,12.3902324214768,,,,,,,,3.38,,3.12,,,685.216666666667,,,,1.04771306966667,,,
"1962-04-01",6983,11283,13.3986860918347,11.6302581356239,12.4866002896883,,,,,,,,4.36333333333333,,3.92333333333333,,,617.473333333333,,,,1.07332653666667,,,
"1962-07-01",6995,11517,13.4671077121576,11.7215517856146,12.5345467330982,,,,,,,,5.83333333333333,,5.05666666666667,,,586.066666666667,,,,1.07777119,,,
"1962-10-01",7175,11783,13.5620022615129,11.7614872399595,12.5857032018158,,,,,,,,4.33333333333333,,3.97666666666667,,,611.953333333333,,,,1.0762661,,,
"1963-01-01",7249,11896,13.608842466989,11.7994622468112,12.6296114407957,,,,,,,,4,,3.64333333333333,,,651.953333333333,,,,1.07756779666667,,,
"1963-04-01",7435,12139,13.7071717679686,11.8678874775528,12.613814401842,,,,,,,,3.66666666666667,,3.34,,,688.02,,,,1.07743087,,,
"1963-07-01",7523,12338,13.7905569733064,11.9714672682146,12.7634650556112,,,,,,,,3.83333333333333,,3.56,,,665.886666666667,,,,1.08079024666667,,,
"1963-10-01",7696,12840,13.8711640842639,12.0804908783123,12.8040647318976,,,,,,,,4,,3.65333333333333,,,689.296666666667,,,,1.07826846333333,,,
"1964-01-01",7849,13144,13.8904594871778,12.0644886032154,12.8688027430236,,,,,,,,4,,3.81666666666667,,,726.663333333333,,,,1.08023248333333,,,
"1964-04-01",7907,13355,13.9540811617413,12.2124238059778,12.9250857514526,,,,,,,,4,,3.62666666666667,,,787.743333333333,,,,1.080884,,,
"1964-07-01",8101,13645,14.0199200194422,12.3458456064664,12.9661006737491,,,,,,,,4,,3.72333333333333,,,822.063333333333,,,,1.07868055666667,,,
"1964-10-01",8242,13831,14.1545473933841,12.4516748663512,13.0230453386089,,,,,,,,4.16666666666667,,3.79666666666667,,,850.096666666667,,,,1.07459663666667,,,
"1965-01-01",8330,14317,14.1746880521291,12.4918373148555,13.1077398224829,,,,,,,,4.25,,3.69,,,896.13,,,,1.07691168333333,,,
"1965-04-01",8609,14664,14.3106014682571,12.6785244496919,13.210373419587,,,,,,,,4.25,,3.85333333333333,,,889.156666666667,,,,1.08031013333333,,,
"1965-07-01",8791,15016,14.378843212112,12.8041720973539,13.2731922762751,,,,,,,,4.25,,4.05666666666667,,,856.906666666667,,,,1.07943993333333,,,
"1965-10-01",9057,15554,14.5146826164757,12.9456477304912,13.3987698986765,,,,,,,,4.41666666666667,,4.29,,,877.916666666667,,,,1.07527538666667,,,
"1966-01-01",9228,16080,14.6890312449389,13.1279845757962,13.5838428614954,,,,,,,,4.91666666666667,,4.77,,,898.663333333333,,,,1.07573120333333,,,
"1966-04-01",9386,16622,14.8654042458404,13.2837312163803,13.7325045569353,,,,,,,,5.25,,5.04666666666667,,,869.966666666667,,,,1.07673802333333,,,
"1966-07-01",9630,16841,14.9721051476177,13.4651806697925,13.7910287299418,,,,,,,,5.25,,5.02333333333333,,,794.753333333333,,,,1.07540448,,,
"1966-10-01",9758,17162,15.1641695306667,13.5538627402538,13.9049579733221,,,,,,,,5.25,,5.08333333333333,,,778.72,,,,1.08149256,,,
"1967-01-01",9909,17371,15.2669729801329,13.7499054153528,14.0059880629482,,,,,,,,5,,4.47666666666667,,,858.273333333333,,,,1.08070754666667,,,
"1967-04-01",10225,17936,15.4689884867483,13.9073919325013,14.1777923119222,,,,,,,,4.5,,4.18333333333333,,,883.213333333333,,,,1.08163494,,,
"1967-07-01",10335,18095,15.6584204627539,13.98658757201,14.3355493183323,,,,,,,,4.66666666666667,,4.45333333333333,,,914.196666666667,,,,1.07630299,,,
"1967-10-01",10637,18410,15.8082702129675,14.1683438379656,14.4614923671256,,,,,,,,5.66666666666667,,5.43666666666667,,,886.18,,,,1.07619622,,,
"1968-01-01",10889,18829,16.0228649792797,14.3683265849034,14.6381876414944,,,23400,31422,37350,25914,,7.16666666666667,,6.66333333333333,,,841.246666666667,,,,1.08560065,,,
"1968-04-01",11039,19413,16.1777580398057,14.4261429200629,14.6768247564867,,,23521,32550,38469,26892,,7.5,,6.82666666666667,,,897.313333333333,,,,1.07828116,,,
"1968-07-01",11348,19862,16.3185437962791,14.5570510094022,14.882484608721,,,24134,33786,39792,28017,,6.33333333333333,,5.76333333333333,,,951.066666666667,,,,1.07305824,,,
"1968-10-01",11621,20370,16.4931824314691,14.7254697036502,15.0951410020196,,,24733,34788,40751,28964,,6.16666666666667,,5.84666666666667,,,1036.13666666667,,,,1.07294555333333,,,
"1969-01-01",11960,20949,16.5964459829628,14.9394944564063,15.1888811026834,,,25117,35667,41664,29818,,6.66666666666667,,6.42,,,1067.33333333333,,,,1.0746018,,,
"1969-04-01",12095,21369,16.8550576844397,15.1765714843146,15.4674734404618,,,25401,36170,42228,30144,,7.16666666666667,,6.88,,,1080.68333333333,,,,1.07757440666667,,,
"1969-07-01",12334,21785,17.0194108759093,15.3022536664007,15.5868338335487,,,25462,37126,43207,30996,,8,,7.68,,,980.356666666667,,,,1.07898809666667,,,
"1969-10-01",12619,22327,17.2047199845956,15.4644407088066,15.7533639622134,,,26017,37888,44141,31569,,8,,7.72666666666667,,,1018.90666666667,,,,1.07595774666667,,,
"1970-01-01",12645,22844,17.3986580752479,15.7253497044336,15.9493100922517,,,26330,38541,44905,32020,38738,8,,7.385,,,997.563333333333,,,32.047978232067,1.07285144,,,
"1970-04-01",12809,23056,17.4961328011875,15.869964373911,15.9962004116093,,,26368,39505,46055,32799,39358,7.5,,6.37333333333333,,,852.236666666667,,,31.8901573295653,1.06133049,,,
"1970-07-01",13085,23524,17.5430479510236,16.0262410280909,16.0570333627393,,,26841,40186,47046,33422,40530,6.83333333333333,,5.57,,,875.653333333333,,,31.8913433159502,1.02308802333333,,,
"1970-10-01",13263,23729,17.6153242196129,16.1413923399599,16.0683398742068,,,27840,41435,48332,34420,41835,6.16666666666667,,4.81,,,917.8,,,32.9654234140821,1.01960502333333,,,
"1971-01-01",13289,24072,17.769027922884,16.4593858582734,16.1560141814369,,,28480,43056,50491,35893,42842,5.5,,3.85,,,983.453333333333,,,33.0652156970381,1.00847849,,,
"1971-04-01",13918,25078,17.986793731949,16.6607759195569,16.3417556810606,,,30330,44295,52115,36891,43328,5.25,,3.14,,,992.3,,,33.0262475729636,1.01252027333333,,,
"1971-07-01",14363,25906,18.1558891302334,16.7480268042103,16.5548487571561,,,31429,45810,53978,37999,44696,5.25,,3.76666666666667,,,973.93,,,32.3257531860677,1.01578057,,,
"1971-10-01",14833,26609,18.3633299622668,17.016527078453,16.7488222396611,,,31841,46709,55956,38429,45905,4.75,,3.38,,,919.163333333333,,,33.7572387526134,1.00246284333333,,,
"1972-01-01",15051,27037,18.5517277295856,17.3482794753255,16.9699045638095,,,33211,48543,57932,39841,48064,4.75,,3.44,,,1093.84333333333,,,34.0627996733455,1.00296669666667,,,
"1972-04-01",15577,28066,18.7420178050611,17.5120847835921,17.1066652480547,,,33430,50178,59895,40919,50479,4.75,,3.65333333333333,,,1110.94,,,33.7489368479193,0.98787784,,,
"1972-07-01",15970,28596,19.0587330675968,17.7899993336037,17.3942950088856,,,34587,52335,62455,42404,51249,4.75,,3.52333333333333,,,1162.19666666667,,,33.5201261889514,0.982987546666667,,,
"1972-10-01",16525,29822,19.2817496181347,18.1269302133289,17.6116880814995,,,36058,54119,64481,43639,53134,4.75,,3.61666666666667,,,1183.35333333333,,,34.8238640791832,0.98881814,,,
"1973-01-01",17205,31189,19.5681217445667,18.4834616136689,17.9426358162064,,,36824,56270,66878,45501,55071,4.75,,4.10666666666667,,,1245.33,,,35.9725766062491,0.99707803,,,
"1973-04-01",17698,32510,19.9923679065944,19.0842596894168,18.3173165863852,,,37619,58196,69212,46886,57120,5.75,,5.33,,,1166.86,,,37.0369146733624,0.999802036666667,,,
"1973-07-01",18266,33631,20.4724513579368,19.6509481216099,18.7844882191907,,,38739,60924,72284,48923,59714,6.75,,6.11666666666667,,,1224.26,,,38.6306262346965,1.00378636333333,,,
"1973-10-01",18977,35636,20.8892699146374,20.4453860185652,19.2095929659481,,,39872,64614,74626,51894,64506,7.25,,6.43,,,1229.87,,,41.5407826832434,0.99969413,,,
"1974-01-01",19964,37325,21.3892977385109,21.2386354211654,19.6808433000178,,,40826,68188,78266,54743,68579,7.25,,6.23,,,1217.7,,,44.8794190699834,0.980029999333333,,,
"1974-04-01",20738,38990,22.0853114242245,21.9607916669139,20.3391903657362,,,41541,71076,81102,57256,72156,8.58333333333333,,8.22,,,1046.96333333333,,,45.3205212918441,0.965267676333333,,,
"1974-07-01",21458,40561,22.7667780613465,22.8412544755339,20.8570977389789,,,42212,74315,84321,59997,76476,9.25,,9.02333333333333,,,941.343333333333,,,43.6107524914185,0.980704546666667,,,
"1974-10-01",21930,41300,23.540833254573,23.3792129790335,21.543357747496,,,43292,75276,87528,60489,78141,8.91666666666667,,7.65333333333333,,,860.51,,,42.4851666988577,0.98606788,,,
"1975-01-01",22954,41861,24.1154580153757,23.8265957731219,21.9713719150769,,30683,47549,79242,91752,63548,80735,8.25,6.51783333333333,6.32,,,991.843333333333,,,43.9279191360597,0.99852515,,,
"1975-04-01",23691,43406,24.5851643316512,24.3930403926913,22.4631546652606,,31152,49813,82187,95222,65396,82868,8.25,6.8274,6.82333333333333,,,1031.50666666667,,,44.3054016597032,1.02186219666667,,,
"1975-07-01",24781,45554,25.2606574880955,25.1182651352682,23.1161832014335,,32411,51924,85977,99567,68202,86022,8.5,7.6012,7.84666666666667,,,1022.31333333333,,,44.2610118835836,1.03073795,,,
"1975-10-01",25766,47107,25.8274556526395,25.6774521633112,23.6677176697179,,33978,53820,88814,103562,70033,89286,9,8.70833333333333,8.45333333333333,,,955.093333333333,,,45.1544831979615,1.01751175666667,,,
"1976-01-01",26264,49062,26.3329257823698,26.2850382320978,24.0511289599072,6.93333333333333,33801,53566,91777,106871,72183,94023,9.16666666666667,9.29763333333333,8.8,,9.71,1055.96666666667,,,46.4253523226696,0.995293809666667,,,
"1976-04-01",27387,51563,26.7640391260071,27.0418006817342,24.3471138576414,6.86666666666667,34189,55209,95575,111136,74924,99051,9.5,9.0119,8.95333333333333,,9.84666666666667,1068.83,,,46.2926065608767,0.978981413333333,,,
"1976-07-01",27943,52112,27.2030908938859,27.2041143265332,24.6440713544646,7.16666666666667,34397,56512,99024,115034,77972,102293,9.5,9.35713333333333,9.09,,9.7,1042.39,,,45.6890242042879,0.977480663333333,,,
"1976-10-01",28924,53249,27.5927339247918,27.7528221532641,25.0596281860603,7.43333333333333,34804,58327,102768,118293,80853,107176,9,8.93476666666667,8.59666666666667,,9.18666666666667,973.723333333333,,,46.7453992199598,0.99235733,,,
"1977-01-01",29577,54978,28.3165590755526,28.2210953177747,25.6281494648779,7.76666666666667,36028,60596,107702,123856,84262,111344,8.16666666666667,8.00003333333333,7.76666666666667,,9.15666666666667,1009.21,,,46.1966263770149,1.02994732,,,
"1977-04-01",30116,56202,28.8942201464042,28.7029226064655,26.2287733227625,7.83333333333333,37116,63175,111918,128629,86721,115322,7.66666666666667,7.0476,7.25,,9.22,1002.40666666667,,,45.200906093598,1.05236678666667,,,
"1977-07-01",31297,57431,29.5846391710698,29.1591879489838,26.7228196464293,8.2,37416,64489,115651,132844,89678,120113,7.5,7.09523333333333,7.13666666666667,,9.07666666666667,1012.3,,,44.1132718653533,1.06971289333333,,,
"1977-10-01",32136,58990,30.1011197121735,29.4835251422147,27.3488180304388,8.46666666666667,38662,66997,118714,136421,91825,123277,7.5,6.78,7.21666666666667,,9.15666666666667,1015.86666666667,,,44.4543276643184,1.10173944333333,,,
"1978-01-01",33050,60330,30.7309496969954,29.8950912076719,27.9400561202871,8.36666666666667,39982,69000,123284,141552,94674,127221,7.66666666666667,6.8512,7.38333333333333,,9.50333333333333,1022.46,,,43.4244679156798,1.11329294666667,,,
"1978-04-01",33858,62171,31.27227813212,30.5990834527004,28.529154816662,8.46666666666667,40163,70026,127634,146492,97419,132317,8.5,7.23833333333333,8.21666666666667,,9.5,1112.14,,,43.6659855716285,1.12734894,,,
"1978-07-01",34835,63801,32.009991152026,31.1111148164612,29.1936585974579,8.36666666666667,41174,72145,132853,152062,100896,138087,9.16666666666667,7.88713333333333,8.84333333333333,,9.43,1236.88666666667,,,42.5357405468414,1.14369086966667,,,
"1978-10-01",35785,65773,32.7794790312286,31.7714685314554,29.7707664286431,8.26666666666667,41785,73652,137433,157179,104413,145170,10.5833333333333,8.08333333333333,10.23,,9.85666666666667,1264.88,,,43.8016115860704,1.17830392666667,,,
"1979-01-01",36987,67850,33.4026705651484,32.515344074586,30.434568684186,8.03333333333333,41672,74427,143006,162649,108556,151152,11.25,11.6964333333333,10.8366666666667,,10.2333333333333,1402.37666666667,,,44.3466570432343,1.18638485,,,
"1979-04-01",37930,71043,34.2222851189688,33.5997728033729,31.1983621346465,7.66666666666667,43225,77521,149222,169418,112770,158547,11.25,10.3988333333333,10.8466666666667,,9.94,1540.79666666667,,,44.0961597760858,1.15807623333333,,,
"1979-07-01",38819,73230,34.9443161767619,34.382068858898,31.7705688075068,7.1,43891,80046,155682,176026,118071,164703,11.9166666666667,9.97023333333333,11.4166666666667,,10.43,1668.43,,,43.0610478020284,1.16641304333333,,,
"1979-10-01",39821,75485,35.7424879862618,35.2046122080633,32.584583524268,7.2,43622,82223,161670,180094,123787,172629,14,12.8452333333333,13.5333333333333,,11.4133333333333,1697.35333333333,,,43.9509611572516,1.17482385666667,,,
"1980-01-01",41011,77446,36.562833225152,35.8701233793117,33.3254088972143,7.56666666666667,45486,86720,169391,187688,130468,179719,14.4966666666667,11.2262,13.9966666666667,,13.2833333333333,2005.95333333333,,,43.6465015095912,1.16432120666667,,,
"1980-04-01",41943,79307,37.5459383181501,36.7481334761616,34.1572101063998,7.73333333333333,45315,88486,175206,193008,134370,187166,12.71,17.1785666666667,12.4166666666667,,11.8633333333333,1967.67,,,44.1954437791626,1.17007459666667,,,
"1980-07-01",43818.5,81191,38.5687140210585,37.6523999825995,35.1059997116362,7.5,47473,93754,181582,199997,140038,190468,10.75,9.79166666666667,10.39,,12.8333333333333,2225.14333333333,,,44.7386255434359,1.15855215666667,,,
"1980-10-01",45465.5,84838,39.7567678197484,38.80675171007,36.1622550218008,7.26666666666667,49726,99670,188740,205710,145702,197235,14.4566666666667,14.9226333333333,14.0666666666667,,13.3133333333333,2303.69333333333,,,46.2905734413597,1.18395950666667,,,
"1981-01-01",47040,88998,41.0375090646541,39.8510939035759,37.4231639311346,7.4,49255,99459,195814,212137,150734,205457,16.96,17.2797666666667,16.7966666666667,,13.6666666666667,2246.42,,,46.468810252344,1.19357965333333,,,
"1981-04-01",48102,91998,42.0203906958137,40.7488871910964,38.431217496814,7.16666666666667,49121,100645,202345,218818,155501,210709,18.4533333333333,17.3633,18.3166666666667,,15.3333333333333,2346.26,,,45.4828319999458,1.19857022333333,,,
"1981-07-01",49043,93205,43.0831655173185,41.6580540331816,39.5677890433216,7.46666666666667,49335,103117,210366,227136,162543,219262,20.4133333333333,20.9107,20.2933333333333,,17.6233333333333,2104.67666666667,,,45.2800283281319,1.21170713666667,,,
"1981-10-01",50073,94157,43.9000895311413,42.2779885144668,40.6342369042596,8.43333333333333,48593,103116,209826,233936,161525,218795,16.0633333333333,17,15.8633333333333,,15.7366666666667,1936.31666666667,,,44.8266426758564,1.19175547,,,
"1982-01-01",50437,95751,44.9033028794831,43.49144380295,41.6771443889227,8.93333333333333,49437,106792,215527,240493,166103,218327,14.8433333333333,14.3216666666667,14.65,,15.8166666666667,1682.02666666667,94.2433333333333,,41.9467288801239,1.20894687333333,,,
"1982-04-01",51561,96629,46.2790446325132,44.4014335652147,42.863019280078,10.4,51531,109605,219854,246394,169413,220653,15.7466666666667,15.2505,15.49,16.39,15.7166666666667,1479.55,83.1766666666667,,38.9815087779935,1.24464987666667,,,
"1982-07-01",52611,97390,47.4011402000979,45.1515261828919,43.7662781972008,12.1,51216,110132,222442,250544,170649,223386,14.1433333333333,15.8895,13.9366666666667,14.5566666666667,14.9233333333333,1542.41,87.36,,37.4443009965674,1.24989949,,,
"1982-10-01",53577,98411,48.4367030117849,46.0498241158366,44.5581739169897,12.9666666666667,53794,114498,226470,257577,173573,224280,10.8266666666667,11.96,10.6033333333333,11.9233333333333,12.55,1856.81,104.963333333333,,37.6653180307204,1.23144340666667,,,
"1983-01-01",54941,100809,48.9897699714416,46.4134100723306,44.874686420906,12.6333333333333,56394,118831,231877,264320,177360,225865,9.57666666666667,10.2523666666667,9.35666666666667,11.32,12.17,2092.63333333333,117.68,,39.9574908594335,1.22731187333333,,,
"1983-04-01",56229,103951,49.5464874703951,46.934113506556,45.3828563797742,12.4,58148,121649,235193,269580,178843,223878,9.43,9.45526666666667,9.18666666666667,11.0166666666667,11.67,2402.81,130.83,,39.403126937817,1.23103484666667,,,
"1983-07-01",57978,107240,50.4926619698236,47.8811882794774,46.1041234485776,11.6666666666667,59760,124659,240034,276261,182606,226508,9.51666666666667,9.35713333333333,9.24666666666667,11.7733333333333,12.2966666666667,2486.76333333333,132.016666666667,,38.2820309508561,1.23281924966667,,,
"1983-10-01",59292,109316,51.0889775101413,48.2087574650608,46.63849085093,11.3,61074,125684,242111,278840,183901,227632,9.69333333333333,9.30093333333333,9.46666666666667,11.6266666666667,12.1766666666667,2484.77333333333,130.75,,38.0721960740462,1.23848134,,,
"1984-01-01",60536,111960,51.718359568669,48.534162849715,47.1806186666371,11.3,60887,125939,246049,284412,186526,229131,10.2666666666667,9.65236666666667,10,12.3333333333333,12.7,2423.60333333333,122.11,,37.5895843287148,1.25543909666667,,,
"1984-04-01",61585,114888,52.0708651643285,48.8553315145077,47.4813004621757,11.5,62604,126605,251500,290824,190557,234664,11.58,10.2509666666667,11.2933333333333,13.69,13.9033333333333,2258.01,113.556666666667,,37.4919098785889,1.29250974666667,,,
"1984-07-01",62319,116295,52.6279271278259,49.2419329148583,47.8627994950399,11.4333333333333,65077,126947,256767,296114,194220,237930,12.5433333333333,12.1495,12.2733333333333,13.0433333333333,13.2133333333333,2307.15,116.86,,36.4962743084852,1.31390349666667,,,
"1984-10-01",63831,118843,52.9841140226102,49.5475338951638,48.3544545066424,11.2666666666667,68928,129681,262475,303372,198799,242621,10.85,11.6374,10.6166666666667,11.8533333333333,12.19,2374.04333333333,121.2,,36.6684117609187,1.31841010333333,,,
"1985-01-01",65401,121524,53.6063624755668,49.8986440415192,48.8813242303826,10.8,73407,133299,269383,312316,203588,245780,10.64,9.99403333333333,10.36,11.7466666666667,12.1433333333333,2600.94666666667,132.946666666667,,37.0151433518686,1.35341989666667,,,
"1985-04-01",66802,123838,54.2614403777483,50.6857593838342,49.3699790832483,10.7,77747,136249,276120,320805,208615,249825,9.78666666666667,10.0540333333333,9.55,10.91,11.2766666666667,2694.70666666667,137.083333333333,,37.4335424057903,1.36929272,,,
"1985-07-01",68617,125968,54.692754692681,50.9112339122319,49.8305622161433,10.3,82850,140146,283497,329629,214664,254071,9.17,8.8512,8.94666666666667,10.67,11.0033333333333,2743.61,139.44,,37.2614896666701,1.36000271666667,,,
"1985-10-01",69796,128697,55.0597376187634,51.233086973986,50.3576029135126,10.2333333333333,87466,144508,289877,338005,219948,258806,9.12333333333333,9.3631,8.90333333333333,9.99333333333333,10.3766666666667,2810.87333333333,142.033333333333,,38.5379498700498,1.37931423333333,,,
"1986-01-01",71013,129653,56.0857930904129,51.6398293997556,50.9791880880034,9.83333333333333,89949,146872,295463,344984,222244,266648,11.0133333333333,12.1964666666667,10.66,9.69,10.03,2915.35,144.7,,40.2567829949884,1.40365575,,,
"1986-04-01",72187,130961,56.365820051683,51.8627149936421,51.3101025740342,9.6,93786,152083,304941,356199,230075,267918,8.89666666666667,8.59523333333333,8.57,8.95333333333333,9.06666666666667,3095.45333333333,149.99,,41.9405448082599,1.38418700333333,,,
"1986-07-01",74035,132555,57.0146626673344,52.4280444010036,51.8994502768465,9.56666666666667,96591,156943,312417,365169,236110,274030,8.56333333333333,8.1488,8.36333333333333,8.96,9.09,2980.94333333333,143.886666666667,,42.1613077024733,1.38532091666667,,,
"1986-10-01",74913,133461,57.6863450196327,53.1712875114639,52.5768621293717,9.43333333333333,100528,163168,323032,373227,244868,285662,8.51,8.25,8.3,8.88333333333333,9.03,3050.62333333333,149.556666666667,,44.6174007922389,1.38472056666667,,,
"1987-01-01",76470,138121,58.3329019158154,53.784666509336,53.0214465006666,9.46666666666667,105443,168572,332190,385293,254413,294108,7.35666666666667,7.51493333333333,7.14666666666667,8.29666666666667,8.62,3529.08333333333,173.95,,47.9212200072515,1.33780588666667,,,
"1987-04-01",78395,141855,58.8547376677827,54.5400232428696,53.6958530452677,9,108195,174200,342043,397248,260581,302536,8.43666666666667,7.82456666666667,8.16333333333333,9.41,9.58,3714.05666666667,181,,46.6750024566861,1.33288959333333,,,
"1987-07-01",79632,145420,59.2815217293818,55.0693049838453,54.2591843331151,8.56666666666667,108634,178332,349191,404677,266095,307013,9.34333333333333,8.73396666666667,9.10333333333333,10.3033333333333,10.5266666666667,3975.44,192.816666666667,,46.1787518679286,1.322222,,,
"1987-10-01",81359,148940,59.8691445863592,55.6829384316755,54.7938211509084,8.16666666666667,106064,175296,350148,412293,265919,308821,8.43666666666667,8.0576,8.23333333333333,9.97333333333333,10.28,3052.55333333333,151.233333333333,,48.3802814515118,1.31101284666667,,,
"1988-01-01",82584,152737,60.376277215111,56.2824605834626,55.1959277828154,7.9,107487,178733,358979,429933,272413,314991,8.65666666666667,8.4695,8.42666666666667,9.35,9.74,3191.94666666667,156.366666666667,,52.4066205148536,1.26741572,,,
"1988-04-01",84592,155292,60.9827197344325,56.7206339377114,55.8183449831881,7.7,109757,184787,370749,443696,281543,326927,9.24333333333333,8.65563333333333,8.96333333333333,9.8,10.1666666666667,3343.49,163.3,,52.8456049038843,1.22978434333333,,,
"1988-07-01",86127,157848,61.7074948816772,57.6456566150494,56.4078878190203,7.8,111822,189770,384145,457460,291440,338360,10.05,9.50046666666667,9.84,10.1866666666667,10.3,3315.42,162.206666666667,,52.8018081209571,1.21938634666667,,,
"1988-10-01",88156,161017,62.3548605131121,58.4021828618167,57.0434437283889,7.7,113654,194108,396365,468873,300376,345363,10.8566666666667,10.2390333333333,10.6233333333333,9.99666666666667,9.98,3360.06333333333,165.366666666667,,56.6482161070505,1.20621697666667,,,
"1989-01-01",89367,164040,62.7540003886509,58.8190156011143,57.6530190807276,7.53333333333333,115362,198349,408236,479929,309219,355836,11.8933333333333,11.0506,11.59,10.3366666666667,10.1033333333333,3588.99333333333,175.35,,61.5703137442268,1.19190648666667,,,
"1989-04-01",92044,167448,63.7986058585643,59.8083512763353,58.5708906737256,7.66666666666667,115295,200071,423597,493789,320689,366853,12.45,12.3125,12.2333333333333,9.76666666666667,9.69,3698.73333333333,181.326666666667,,55.3041546797329,1.19320832666667,,,
"1989-07-01",92880,169783,64.5646240002701,60.4241993256665,59.4019346838599,7.36666666666667,118450,206690,437346,507944,331421,377193,12.4166666666667,12.1666333333333,12.17,9.52,9.47666666666667,3974.7,196.546666666667,,55.8075211867996,1.18227453666667,,,
"1989-10-01",94125,170308,65.008723819556,60.731919570866,60.0237036591382,7.46666666666667,122426,215635,451917,522665,342158,390101,12.45,12.1130666666667,12.2,9.55666666666667,9.38,3943.76333333333,196.306666666667,,58.5876426995761,1.16849898666667,,,
"1990-01-01",96436,172982,65.5772204659964,61.0978967799868,60.7671158611397,7.63333333333333,123363,219129,466016,534431,352152,397280,13.0166666666667,13.0565333333333,12.88,10.4833333333333,10.2666666666667,3676.96666666667,184.146666666667,,56.7196294300827,1.18255408333333,1111252,1413406,470665
"1990-04-01",96220,173906,66.1699434897169,61.6716951314415,61.2723390262414,7.66666666666667,123019,219413,474533,540112,356279,405656,13.85,13.2529666666667,13.57,11.0033333333333,10.8633333333333,3488.99666666667,176.056666666667,,52.4256810103249,1.17041248333333,1127000,1383575,459764
"1990-07-01",97387,174421,66.938258966734,62.3008219693438,61.8756017085075,8.16666666666667,121651,218753,484031,549122,363225,413872,13.0166666666667,13.1845333333333,12.82,10.93,10.91,3355.63333333333,170.956666666667,,52.1917875525646,1.15314093666667,1142880,1395325,460915
"1990-10-01",98336,174192,67.8097788415289,62.7780034344128,62.9998493542629,9.13333333333333,125114,222378,495504,560414,370573,421678,12.2133333333333,12.1012,11.96,10.6333333333333,10.73,3163.05333333333,163.13,,51.8413285758337,1.16098700333333,1164381,1417951,482124
"1991-01-01",98379,173502,69.2239707698292,63.442015258589,64.6676529953757,10.1666666666667,127798,224896,507663,571038,378484,429564,10.2066666666667,10.4493666666667,10,9.73,9.94,3410.35666666667,175.106666666667,,52.8223087427528,1.15579318333333,1195366,1456502,498238
"1991-04-01",100699,175393,69.6836515591306,63.8271262250585,65.0772707994106,10.3333333333333,128764,225330,515448,580854,381438,433590,9.15,9.0744,8.93333333333333,9.75666666666667,9.98,3493.64,179.15,,54.3005560581879,1.148895,1217085,1464724,496183
"1991-07-01",101382,176199,70.190133791733,64.0355090098923,65.4823842745848,10.4333333333333,129273,227239,523715,590884,385573,434731,8.77,8.71726666666667,8.53666666666667,9.61,9.83333333333333,3481.80333333333,180.623333333333,,50.9367598174259,1.14355686,1246164,1469702,500320
"1991-10-01",101520,176679,69.8786310124035,64.0973212426576,65.568441021205,10.3333333333333,131166,226356,529959,601837,387836,441320,7.79,7.64883333333333,7.57,8.57666666666667,9.10666666666667,3492.21,182.26,,51.634458664986,1.13465833333333,1272080,1496193,511287
"1992-01-01",102162,177502,70.2989262188682,64.3504742579245,65.8194508461184,10.6,132511,227292,538047,611569,392743,448832,7.42666666666667,7.03276666666667,7.12666666666667,8.43,9.00666666666667,3530.06666666667,183.59,,52.2816683778756,1.17721303,1300278,1513570,518298
"1992-04-01",102984,178686,70.5734564868893,64.7059723963344,66.2935405280832,11,132825,224416,544394,620813,394188,452198,6.38333333333333,6.23513333333333,6.14666666666667,8.5,9.1,3377.06333333333,177.38,,52.4147529929214,1.19415011666667,1341176,1527467,520259
"1992-07-01",104275,180415,71.0783401911527,64.9801101516767,66.5305853690656,11.5333333333333,137031,228347,556843,637000,400887,458884,5.39333333333333,5.74996666666667,5.9,7.53333333333333,8.26333333333333,3381.40666666667,178.06,,52.3133511570144,1.20162282,1376034,1543073,525746
"1992-10-01",105134,181833,71.4023373256645,65.1197993949901,66.7939685257128,11.7333333333333,136592,223615,558058,641923,400820,466303,7.49333333333333,7.55356666666667,7.1,7.75,8.35666666666667,3323.13,174.733333333333,,53.2124135500639,1.26190571333333,1385239,1572890,538869
"1993-01-01",106070,183488,71.6549684890818,65.2979141325522,67.2417198920129,11.1333333333333,136031,220991,561186,646294,402996,472341,6.08666666666667,5.7262,5.91,7.65,8.27333333333333,3453.2,179.26,,53.292044064477,1.26138674,1418775,1591907,550104
"1993-04-01",107037,186340,72.0456155157313,65.7142707305854,67.4524264173306,11.6333333333333,141466,224830,571197,663338,408896,473616,5.16333333333333,4.41366666666667,4.90333333333333,7.45666666666667,8.11,3879.48666666667,199.833333333333,,53.1880161158607,1.27023439333333,1487269,1603140,553616
"1993-07-01",108149,187517,72.316240761717,65.5029126297834,67.689471258313,11.4333333333333,145372,228169,575944,676715,410679,477011,4.76666666666667,4.25296666666667,4.44,6.99333333333333,7.63,4031.79666666667,203.63,,51.8124413360306,1.30387936333333,1518167,1631499,562857
"1993-10-01",109412,189692,72.9759086490462,65.9804509340235,68.0055310462895,11.3,148243,228585,576901,688418,411462,479717,4.36,4.1012,4.11666666666667,6.76,7.41666666666667,4252.39333333333,216.746666666667,,52.1872977469647,1.32485103,1562780,1655630,577733
"1994-01-01",110771,193164,72.6942066368049,66.211835873775,67.5841179956541,11.0333333333333,153076,230613,575039,701322,409985,482142,4.54,3.95536666666667,4.31333333333333,7.09333333333333,7.67333333333333,4436.10333333333,227.94,103.278661982093,54.8305225456012,1.34125,1612097,1661853,584961
"1994-04-01",111166,195915,72.8394236257099,66.1885538887658,67.3734114703364,10.6333333333333,153745,229198,576491,707579,413231,491963,6.11666666666667,5.74403333333333,6.12666666666667,8.49,8.69,4206.38,216.27,98.4893868497321,54.5644380288229,1.38240290666667,1602653,1677677,587112
"1994-07-01",112263,200196,73.2381778210233,66.7787315173234,67.7684862053071,10.1333333333333,152752,226279,584343,717572,419883,500904,5.25333333333333,5.247,5.49333333333333,8.99333333333333,9.13333333333333,4294.21666666667,223.24,98.0068973333549,53.4120828292891,1.37125778666667,1651750,1698272,595051
"1994-10-01",113951,202697,73.4802882211037,67.1253683103804,68.0318693619542,9.76666666666667,153048,222091,586972,724717,422101,504205,5.35666666666667,5.26786666666667,6.13,9.12333333333333,9.25,4199.55666666667,220.023333333333,97.8352735456503,53.8824111442058,1.36778309666667,1671933,1704562,605475
"1995-01-01",114254,205993,73.7038961536193,67.5957986154984,68.6903272535721,9.63333333333333,152863,219508,592900,726219,427895,508602,7.81,7.72026666666667,8.16666666666667,8.89,9.01,4151.96666666667,219.25,95.6106406748377,51.9070661068811,1.40692515333333,1705882,1706990,611548
"1995-04-01",115640,207214,74.0302643250339,67.9675891286998,69.2170935668663,9.5,152645,221096,602164,737435,433633,517061,7.58333333333333,7.6486,7.33333333333333,8,8.32333333333333,4418.42,233.2,96.2938976409825,50.1825571899578,1.37130081333333,1739395,1712410,615958
"1995-07-01",117052,208244,74.1271667698308,68.2152808574494,69.3487851451899,9.43333333333333,155578,223482,611001,750255,439200,525577,6.33333333333333,6.36856666666667,6.52333333333333,8.05333333333333,8.44666666666667,4553.83333333333,239.823333333333,97.9518481939025,50.5686804715482,1.35550909,1774321,1721169,617608
"1995-10-01",117319,210170,74.2694796923087,68.5694587026306,69.427800092184,9.3,157156,223779,613954,758114,441103,531128,5.97,5.9524,6.17666666666667,7.38666666666667,7.84666666666667,4611.29333333333,244.85,98.1914738597542,50.6306059035014,1.35604661666667,1819835,1726778,620034
"1996-01-01",119300,211052,74.5060587122999,68.7574388891855,69.6911832488312,9.5,162558,225156,623642,773213,446272,540003,5.25,5.20713333333333,5.11666666666667,7.39333333333333,7.95333333333333,4957.66,263.203333333333,97.1066819940741,49.8097338985406,1.36912785333333,1878303,1732337,625187
"1996-04-01",120426,213226,75.0669825507294,68.9746509169981,70.1916112464607,9.43333333333333,167373,229417,630806,788386,449427,547095,4.75,4.7476,4.72,7.75,8.17333333333333,5145.64666666667,272.973333333333,97.3754513219889,50.4785455062976,1.36454523,1917148,1745385,628384
"1996-07-01",121376,216136,75.3420362584491,69.3336576088742,70.3233028247843,9.66666666666667,169398,230586,632459,799162,449021,549298,4.16666666666667,4.19763333333333,4.09,7.37333333333333,7.88,5121.21666666667,273.913333333333,96.5594287842236,49.7083320626336,1.37013967333333,1959318,1766457,634080
"1996-10-01",124053,219420,75.6188994272682,69.8338354831992,70.8500691380785,9.83333333333333,175978,238661,635118,814573,448420,558040,3.08333333333333,3.14426666666667,2.91666666666667,6.29666666666667,6.98666666666667,5847.50666666667,316.993333333333,98.1299483509545,49.6954556390264,1.35027378666667,2053069,1771257,642189
"1997-01-01",126467,222937,75.7758127205232,70.0150358020648,71.1924672417198,9.43333333333333,180693,242770,636955,831940,447800,569036,3,2.98193333333333,2.97333333333333,6.54,7.23333333333333,6039.21333333333,328.56,98.4116704175639,50.0025413993962,1.35854954666667,2084486,1781364,647874
"1997-04-01",128007,224853,76.0431896021619,69.8309261851117,71.2978205043787,9.3,185297,246491,637007,844923,449574,569771,3.08333333333333,2.98616666666667,2.99666666666667,6.49,7.02,6265.49666666667,346.653333333333,96.4104722892346,51.1108456760631,1.38614441666667,2148580,1800446,651816
"1997-07-01",129842,228141,76.1399870395063,70.0219427886459,71.5348653453611,8.86666666666667,188084,246252,631397,854330,445832,576499,3.25,3.24856666666667,3.08666666666667,5.85333333333333,6.40333333333333,6843.23333333333,375.98,96.9674400531062,50.0899655386242,1.38482151666667,2215492,1813157,656231
"1997-10-01",131494,230995,76.585087326241,70.2193094893513,71.5612036610258,8.76666666666667,193323,251539,628743,865834,445465,589295,3.83333333333333,3.80953333333333,3.75,5.55333333333333,5.98666666666667,6684.86,373.01,95.785502647216,50.0629419917117,1.40887663333333,2259507,1818870,665720
"1998-01-01",131882,233653,76.7642248193368,70.0383701738081,71.9826167116612,8.6,195396,251871,622601,875778,440915,585540,4.75,4.55953333333333,4.42,5.40666666666667,5.76333333333333,7117.06333333333,407.79,95.8405517866684,49.3233947674281,1.43035242333333,2341583,1825639,672597
"1998-04-01",133837,233803,76.9697569813508,70.0462408745805,71.9826167116612,8.33333333333333,196538,252403,622664,889239,441642,594174,4.75,4.73476666666667,4.82333333333333,5.39333333333333,5.63,7540.55333333333,436.123333333333,94.4837524083999,49.6215856299113,1.44670318333333,2350009,1839471,678449
"1998-07-01",135137,234718,77.2790120763827,69.6853979634042,72.0616316586553,8.2,200328,254348,629453,904383,445747,595663,5.33333333333333,5.07236666666667,4.92,5.36333333333333,5.58666666666667,6025.42,346.936666666667,90.5946926153198,48.5831698366388,1.51475496333333,2237486,1853905,686135
"1998-10-01",136035,238374,77.5601913766284,69.8247307192563,72.3776914466319,8.03333333333333,200484,254344,635534,915580,449237,607467,5.08333333333333,5.09906666666667,4.71666666666667,5.02333333333333,5.38333333333333,6346.03,368.393333333333,87.3014588021955,49.1851426402768,1.54221063666667,2362330,1869758,694695
"1999-01-01",138327,243810,77.7265509578172,70.1504501741918,72.5883979719496,7.9,204180,258400,643488,928876,455243,601635,4.91666666666667,4.9938,4.72666666666667,5.06666666666667,5.34,6546.68,383.366666666667,89.2119877596619,49.3253431736318,1.51132666666667,2300111,1891992,705310
"1999-04-01",140429,248543,78.1122367995682,70.9272788892795,73.1415026009086,7.9,207591,263066,651765,942725,458635,613265,4.58333333333333,4.65523333333333,4.54666666666667,5.34,5.54,6955.52333333333,407.32,92.2720722762819,50.7035440661713,1.47283888,2346854,1919140,715815
"1999-07-01",142995,255327,78.5659111571098,71.73877821873,73.6155922828734,7.5,211581,266868,660775,956947,465086,619129,4.5,4.6043,4.68333333333333,5.64666666666667,5.77666666666667,7003.18666666667,410.32,91.3686187523275,49.9208777654661,1.48598381,2389067,1937732,722478
"1999-10-01",145181,260247,79.005852035149,72.1109081156369,74.0896819648383,6.96666666666667,215489,271962,672445,970406,476000,636424,4.66666666666667,4.7119,4.81666666666667,6.15333333333333,6.23,7731.06666666667,459,91.6309117108949,50.4652455161243,1.47266992,2542998,1960432,732964
"2000-01-01",147337,267547,79.3335842907227,72.9908067653441,74.5637716468031,6.86666666666667,225082,281804,684357,991819,487562,651616,5,4.99666666666667,5.09333333333333,6.22,5.98,9024.16333333333,529.136666666667,92.8549455175429,50.4608404238377,1.45352642666667,2633736,1985316,742962
"2000-04-01",149393,274862,79.7507094783936,74.1141600978017,74.9061697504444,6.66666666666667,230062,287216,693689,1009955,495552,653492,5.58333333333333,5.58716666666667,5.54333333333333,6.01,5.72,9598.35,578.04,91.8575846380519,50.9925858908283,1.48024132333333,2727544,1983055,746350
"2000-07-01",152517,280442,80.3878721575016,74.8514898117217,75.5909659577269,6.9,235280,291561,701014,1026621,502641,675445,5.75,5.74046666666667,5.58333333333333,5.79333333333333,5.57666666666667,10677.38,647.903333333333,92.34978870845,50.4071321832654,1.48215666666667,2757294,2005792,752574
"2000-10-01",153940,283220,80.9477882243297,75.4437430501039,76.407453743333,6.9,241495,300146,711964,1046507,511192,688257,5.75,5.76713333333333,5.57333333333333,5.53666666666667,5.56,9131.05666666667,541.11,90.4522124896783,50.5844371478044,1.52565196333333,2641445,2038242,764148
"2001-01-01",155322,287481,81.0470805509676,76.1501390280318,76.591821952986,7,246074,303302,723282,1067552,515343,692182,5.33333333333333,5.3247,4.85333333333333,5.38666666666667,5.72333333333333,8336.19666666667,490.16,89.9341029418908,50.341818218784,1.52782318333333,2562870,2064761,777888
"2001-04-01",157450,288215,82.0065940918026,76.105226234079,77.5926779482451,7.1,250389,309988,729935,1079790,516575,693018,4.58333333333333,4.6359,4.35666666666667,5.78333333333333,5.96333333333333,7948.28333333333,458.31,90.4781179670677,51.6318325522766,1.54111159666667,2576999,2100897,790637
"2001-07-01",158020,284701,82.0727235662193,75.2302099103305,77.6190162639098,7.16666666666667,259557,322689,746637,1101762,526466,709759,3.91666666666667,3.96503333333333,3.64,5.48,5.82333333333333,7309.15666666667,424.56,90.2093486391529,51.7240006370441,1.54606854,2511796,2125746,799992
"2001-10-01",159780,284146,81.969077412592,74.6359243687601,77.2239415289392,7.63333333333333,269505,339915,769981,1126978,536726,718035,2.41666666666667,2.52703333333333,2.12,5.22,5.53,7333.25333333333,423.96,87.4568916665317,52.8851660211512,1.5803565,2626793,2162956,814029
"2002-01-01",162765,289660,82.2473988208639,74.9878107661981,77.7770461578981,7.93333333333333,274278,350234,781453,1143280,543650,729597,2,1.99273333333333,2.10333333333333,5.50666666666667,5.78333333333333,7712.48666666667,440.713333333333,87.4212716351213,54.8316238186728,1.59438545333333,2691007,2197998,830446
"2002-04-01",166318,296473,82.9705365525187,76.3007573642355,78.6198722591689,7.7,277003,356866,785387,1152518,548749,733926,2.33333333333333,2.32916666666667,2.55666666666667,5.5,5.81333333333333,7488.37666666667,421.47,89.6005699205026,56.1492546922704,1.55423318333333,2616782,2235013,844937
"2002-07-01",168470,301036,83.8642479055666,76.8109066240541,79.4890366761045,7.53333333333333,282817,363362,797614,1165418,557401,753634,2.75,2.74376666666667,2.86666666666667,5.09666666666667,5.58,6465.93,362.64,89.004743940547,55.0868650313609,1.56323982,2568955,2269715,861994
"2002-10-01",171050,306525,84.316538628566,77.7842310912937,80.1738328833871,7.56666666666667,283074,367049,806266,1173175,565105,757843,2.75,2.74396666666667,2.69,5.07333333333333,5.54333333333333,6477.91666666667,365.713333333333,88.7683564593689,56.5547773225849,1.56951288,2619086,2311654,880098
"2003-01-01",172611,312522,84.7151974449162,78.8672425242029,81.2010271943109,7.46666666666667,283057,369138,816639,1179055,572100,765642,2.83333333333333,2.8276,2.95,5.02666666666667,5.51,6489.3,367.893333333333,91.9320628855463,57.0024871828757,1.50975939333333,2554259,2342268,896072
"2003-04-01",173708,309430,84.5444793746138,78.2003762988019,80.7796141436755,7.66666666666667,286165,375768,823908,1188512,580734,788484,3.25,3.24126666666667,3.14,4.59,5.18666666666667,6809.67,385.56,97.8644172077133,58.9753755341174,1.39841555666667,2648498,2385114,916810
"2003-07-01",176108,314574,84.9745253347184,79.204272552742,81.2010271943109,7.8,294963,388052,836033,1206106,592427,796039,2.91666666666667,2.91363333333333,2.7,4.79333333333333,5.35666666666667,7396.45666666667,416.296666666667,99.1985492932662,59.9916811526432,1.38013066333333,2703595,2425354,942737
"2003-10-01",176158,318221,84.9031578736547,79.575503532503,81.5434252979522,7.43333333333333,297280,394915,843270,1218512,600177,810034,2.75,2.74846666666667,2.62666666666667,4.76666666666667,5.29,7950.99333333333,444.39,102.880365267231,61.6522315180965,1.31575257666667,2828219,2472491,965504
"2004-01-01",179523,324054,85.4418095136226,80.4491406749779,81.9385000329229,7.3,306122,408685,855273,1236770,611051,835855,2.41666666666667,2.41286666666667,2.12,4.45,5.12,8631.93666666667,480.94,101.487945857552,62.3744125131729,1.31776884,2896823,2512317,988320
"2004-04-01",181758,332037,86.1276548937877,81.4657326659561,82.570619608876,7.16666666666667,315344,425580,868669,1256560,622156,851468,2,1.9983,1.98,4.77,5.32,8402.29,464.086666666667,99.0981655683824,64.530112194312,1.35947912666667,2944064,2559020,1014931
"2004-07-01",183792,337870,86.2697848433784,81.9282084319715,82.7813261341937,7,316179,427350,873033,1266995,625984,868257,2.08333333333333,2.0816,2.22,4.69333333333333,5.16,8501.13,472.336666666667,102.57921409258,62.8933662698695,1.30716984333333,2966322,2593460,1033549
"2004-10-01",185813,341770,86.497066453629,82.2800699331225,83.4134457101468,7.13333333333333,321653,434950,883719,1283475,637757,894835,2.5,2.49786666666667,2.55666666666667,4.45,4.94,9049.22333333333,503.153333333333,108.547188446157,65.0168748919905,1.22070857,2955714,2630167,1051027
"2005-01-01",189354,345081,86.9087576993456,82.7872596328813,83.7295054981234,6.93333333333333,328193,444261,898080,1303468,649721,922918,2.5,2.4915,2.48333333333333,4.29333333333333,4.75666666666667,9494.91666666667,524.233333333333,107.203341806583,67.0712574505359,1.227035,3090200,2677124,1071048
"2005-04-01",191990,349902,87.354626273807,83.3414979844105,84.0982419174294,6.83333333333333,333710,451878,908226,1321988,657102,944141,2.5,2.49186666666667,2.46333333333333,3.99,4.44666666666667,9626.45666666667,537.99,106.086168094166,68.1714292491351,1.24391407,3207309,2728008,1092500
"2005-07-01",194331,359248,87.8150769692255,84.5430094601282,84.9147297030355,6.7,335806,456906,914081,1340123,661578,954995,2.58333333333333,2.57416666666667,2.72333333333333,3.87666666666667,4.21333333333333,10701.2333333333,601.82,110.224568107119,68.8825975134948,1.20145273666667,3320628,2783031,1115332
"2005-10-01",196325,367359,87.8693949029671,85.6016405751897,85.3361427536709,6.53333333333333,340190,466397,928320,1364428,674957,963354,3.08333333333333,3.0731,3.24666666666667,4.05,4.19,10826.5733333333,610.453333333333,112.94140504833,69.8159687983925,1.17321873,3353366,2841152,1142561
"2006-01-01",199891,369000,88.2293753265265,85.2915377036888,85.8629090669652,6.6,350940,476184,944946,1391026,689823,992329,3.58333333333333,3.49983333333333,3.68333333333333,4.14666666666667,4.19333333333333,11914.8633333333,671.5,114.129818823568,72.2560510719623,1.15452668666667,3516347,2931988,1175815
"2006-04-01",202447,372679,88.5717467921734,86.0988552113995,86.2316454862711,6.33333333333333,359272,482252,957106,1411163,700337,1005672,4.16666666666667,4.0921,4.17666666666667,4.53333333333333,4.58,11853.8533333333,665.39,116.571410067516,75.1140241195745,1.12236092333333,3499815,3043372,1215208
"2006-07-01",205101,376234,88.7951204662029,86.6761646683464,86.2843221176006,6.5,367115,492352,980588,1441384,718867,1031983,4.25,4.24446666666667,4.14333333333333,4.16,4.24,11888.66,674.266666666667,116.059776889076,77.1162232771853,1.12122621333333,3547594,3120580,1251489
"2006-10-01",206982,378691,88.7163463005293,86.8961572860634,86.521366958583,6.36666666666667,376251,507286,1003238,1476017,735677,1058337,4.25,4.2431,4.16666666666667,4.05333333333333,4.12,12668.4533333333,726.176666666667,113.809238540874,77.8651736792347,1.13926508,3699476,3178680,1292864
"2007-01-01",210540,386819,89.5434655654519,88.1983575078736,87.443208006848,6.33333333333333,384263,517706,1023033,1512870,747167,1085524,4.25,4.2461,4.17333333333333,4.1,4.17333333333333,13081.5466666667,747.896666666667,110.237520845814,79.6152660167461,1.17160636333333,3816207,3272903,1324837
"2007-04-01",214603,394153,89.9261464512896,89.0109787878903,88.0489892671364,6.2,393690,530483,1037365,1539885,757182,1108208,4.25,4.2453,4.29,4.41666666666667,4.38333333333333,13793.3433333333,789.84,116.953515859009,81.8992216540783,1.09810555666667,3907395,3359819,1339486
"2007-07-01",217017,395562,90.0996944379124,88.9957210367399,88.0753275828011,6,402146,542499,1060296,1572251,776318,1162545,4.5,4.46116666666667,4.12333333333333,4.45666666666667,4.47666666666667,13876,803.393333333333,121.493450771497,83.7164069356484,1.04463782,3942168,3416762,1356475
"2007-10-01",221264,401127,90.1960069301379,90.1293059010334,88.6811088430895,6.1,402643,546625,1078416,1602108,784841,1188088,4.41666666666667,4.42626666666667,3.91,4.15666666666667,4.26333333333333,14049.06,818.616666666667,126.690737172741,83.9920640568189,0.981832746666667,3947940,3457167,1383288
"2008-01-01",224136,409324,90.5990313786288,91.9021308801318,88.9708303154013,6.13333333333333,411393,562502,1115939,1645436,807091,1222484,3.83333333333333,3.8213,2.79,3.71666666666667,4.11,13362.64,783.743333333333,121.318588799119,84.9671142918136,1.00408084333333,3997631,3533701,1416422
"2008-04-01",226156,419362,91.2285204170154,93.8140563875762,90.1560545203134,6.16666666666667,424607,578686,1141843,1676755,825350,1262242,3,3.0067,2.65333333333333,3.65666666666667,4.08333333333333,14372.9333333333,855.84,119.722163754999,83.7501228343042,1.00999704,4177635,3604872,1457936
"2008-07-01",228181,423628,91.9590032639193,93.9959866594256,91.209587146902,6.23333333333333,435155,593437,1169534,1708662,849019,1281350,3,3.0034,2.25,3.66333333333333,4.1,13039.02,780.253333333333,116.917895827599,81.1850884237563,1.04179523,3867572,3639130,1485283
"2008-10-01",223973,404727,91.3319105878557,90.8563795523243,90.3140844143017,6.7,451954,620500,1222161,1753974,895153,1298711,2,1.99956666666667,1.50333333333333,3.26333333333333,3.88666666666667,9340.36,565.396666666667,104.690510499814,79.0984300928797,1.21247456,3764863,3589366,1480715
"2009-01-01",222538,389308,91.0517561731904,89.4126677886058,90.0243629419898,8,459321,648076,1266526,1795731,927771,1287670,0.833333333333333,0.830166666666667,0.63,2.96,3.71666666666667,8512.77,513.84,102.705503294853,76.8237929200001,1.24531788,3748672,3557366,1473617
"2009-04-01",224167,387122,91.0239526861964,89.8801401097812,90.2350694673076,8.63333333333333,472537,675922,1284252,1820292,943288,1291247,0.25,0.244133333333333,0.22,3.36666666666667,3.97333333333333,10023.27,609.303333333333,108.343182811716,77.888808693619,1.16716489333333,4036548,3629135,1486531
"2009-07-01",227237,391981,91.3962721505254,90.6030659479115,90.4457759926253,8.66666666666667,491861,712119,1303291,1850418,966364,1303000,0.25,0.241966666666667,0.22,3.41,3.93,11016.7733333333,662.696666666667,113.359130871234,80.5483831617042,1.09738305666667,4216303,3714226,1502608
"2009-10-01",230721,402923,92.2221811926728,92.0625422158314,91.025218937249,8.6,506972,735998,1310820,1869819,979443,1313515,0.25,0.2431,0.21,3.43333333333333,3.96,11368.02,673.736666666667,116.425691757201,82.7505057384798,1.05627579365079,4272050,3781429,1516929
"2010-01-01",233426,411008,92.2749659788583,92.7857273061855,91.4729703035491,8.36666666666667,519057,755064,1320106,1888579,993037,1328711,0.25,0.245366666666667,0.2,3.45333333333333,4.02666666666667,11587.2233333333,678.7,118.715088321487,84.9555085679045,1.0409197826087,4324755,3869073,1538270
"2010-04-01",235515,413310,92.3071386029914,92.8193655746568,91.4729703035491,8.13333333333333,532427,775769,1335117,1910682,1008586,1371729,0.333333333333333,0.328166666666667,0.446666666666667,3.33,3.79,11756.0366666667,689.91,121.593834496381,85.867362671248,1.02763790666667,4290591,3931897,1562341
"2010-07-01",238455,416343,92.7126293082274,92.8505104635532,92.1314281951669,8.2,540594,789050,1351493,1936179,1024560,1389809,0.833333333333333,0.828566666666667,0.713333333333333,2.93,3.52333333333333,11998.6466666667,698.05,119.848452957272,84.441552896687,1.03905237809524,4511012,3968572,1585648
"2010-10-01",242223,425387,93.2846004680375,93.8150345271695,93.0532692434319,7.93333333333333,550280,802829,1358464,1956537,1032767,1408501,1,0.996333333333333,0.963333333333333,3.08,3.56333333333333,13024.1133333333,746.026666666667,121.017437624468,83.6042465089644,1.01284087333333,4677745,4017743,1606143
"2011-01-01",244148,434488,93.8205382189586,95.0979116038316,93.7117271350497,7.8,558922,818978,1374943,1984852,1044725,1440200,1,0.993833333333333,0.94,3.30666666666667,3.74,13934.8633333333,800.933333333333,123.151401324418,85.2893637352472,0.9859971,4758883,4111081,1623158
"2011-04-01",246930,439963,94.4563126919363,96.1217658281828,94.60722986765,7.73333333333333,567932,832998,1386989,2008478,1053258,1462006,1,0.997266666666667,0.95,3.14666666666667,3.59,13682.8466666667,783.64,124.080760325761,86.9898987845334,0.967647063333333,4788967,4197591,1651432
"2011-07-01",248892,446437,94.7984218215084,96.2196605859948,94.9232896556265,7.43333333333333,588000,862312,1417049,2047976,1079193,1501224,1,0.9984,0.893333333333333,2.52,3.09333333333333,12446.0566666667,709.526666666667,122.497288020336,87.9865509143955,0.980245454545455,4693533,4270351,1675480
"2011-10-01",251780,453175,95.3278809052931,96.9017881357971,95.5290709159149,7.53333333333333,596155,884948,1439760,2079770,1100377,1517889,1,0.999133333333333,0.86,2.16333333333333,2.73666666666667,12137.0866666667,691.466666666667,119.016239496138,87.9758770369316,1.02314301666667,4815732,4318976,1695648
"2012-01-01",253751,453780,95.5384969462941,96.9699370426844,95.976822282215,7.56666666666667,611193,897399,1452436,2104236,1111460,1545758,1,0.998166666666667,0.903333333333333,2.04666666666667,2.63666666666667,12496.1133333333,711.666666666667,120.959150300342,89.4731001345248,1.00121500515151,4924169,4422120,1723900
"2012-04-01",254654,454746,95.746156860168,96.8614964774857,96.0294989135445,7.46666666666667,632008,924457,1479884,2142798,1135736,1570168,1,1.0021,0.953333333333333,1.87,2.43333333333333,11800.82,673.303333333333,120.768097404595,90.6348585118243,1.01018077952381,4934422,4521270,1753470
"2012-07-01",256524,457659,95.8636118054284,97.3487432037938,96.0821755448739,7.36666666666667,636174,938093,1496604,2175885,1150032,1581847,1,0.9985,0.98,1.71666666666667,2.30666666666667,11977.1433333333,683.933333333333,122.222042323074,89.8626966619566,0.99478965969697,5056322,4584234,1781466
"2012-10-01",258677,461016,96.1494402632621,97.8614135544199,96.4772502798446,7.36666666666667,645790,952493,1518638,2213756,1171286,1604408,1,0.9997,0.953333333333333,1.77333333333333,2.35,12365.2666666667,709.296666666667,121.42544889335,88.7113580221813,0.99127353,5162723,4623539,1800253
"2013-01-01",261965,469211,96.7239119374713,98.7173565543081,96.8723250148153,7.16666666666667,669691,980945,1548803,2259692,1200981,1633529,1,1.00616666666667,0.953333333333333,1.87,2.53,12752.3233333333,732.55,119.200816022538,89.2988448492611,1.00890306333333,5300004,4682459,1803902
"2013-04-01",264726,471648,96.8551735404868,98.6618946221961,96.714295120827,7.16666666666667,676324,996112,1556993,2285196,1210824,1666725,1,1.00553333333333,1.01,2.09666666666667,2.66333333333333,12412.01,710.833333333333,117.937923999806,90.63104641273,1.02333984666667,5265891,4769364,1824830
"2013-07-01",267803,478107,97.300941411838,99.1973120112457,97.1357081714624,7.23333333333333,687343,1015073,1576326,2320501,1233111,1699143,1,0.997466666666667,0.99,2.55,3.05,12642.58,724.9,116.270258892865,90.8900997245123,1.03847487825397,5337724,4858222,1851059
"2013-10-01",270021,483281,97.5258524170557,99.2322753223101,97.3990913281096,7.26666666666667,705300,1038120,1600397,2362428,1254733,1750176,1,1.0001,0.916666666666667,2.56,3.11666666666667,13459.4033333333,774.36,114.249631656493,91.3725420432174,1.04983166666667,5537305,4921485,1869540
"2014-01-01",273002,490863,98.3239531650627,100.619049873761,98.1629024823862,7.23333333333333,717899,1053056,1615975,2399578,1267833,1776042,1,0.997266666666667,0.876666666666667,2.41666666666667,2.95333333333333,14079.9466666667,806.43,109.223969042955,92.5404844923809,1.10347190877193,5733559,4991735,1889582
"2014-04-01",277168,497101,98.9220426316432,100.977276095422,98.9003753209982,7.2,725893,1064334,1627337,2435253,1278517,1801838,1,0.998133333333333,0.943333333333333,2.29333333333333,2.83666666666667,14800.68,846.74,110.872205041854,93.4018494610539,1.09052381047619,5889866,5087851,1922990
"2014-07-01",280032,503448,99.2055901774288,101.295563598641,99.1900967933101,7.03333333333333,740468,1089448,1652471,2486094,1302096,1844178,1,0.998166666666667,0.94,2.12,2.66666666666667,15305.66,882.276666666667,111.419458251704,93.8850541995778,1.08927471079365,5957599,5147326,1954561
"2014-10-01",282877,503486,99.4671382341072,100.607840526471,99.3217883716336,6.76666666666667,753656,1105069,1668270,2527245,1314444,1865811,1,1.0046,0.9,1.92333333333333,2.46666666666667,14663.4866666667,855.796666666667,108.498615676052,94.6825453300939,1.13571809947368,6056650,5191339,1976964
"2015-01-01",283117,496075,99.3832107314497,99.6819640648962,99.2164351089748,6.86666666666667,766809,1123086,1687822,2574265,1330652,1902570,0.75,0.755166666666667,0.566666666666667,1.33333333333333,1.95,14936.7533333333,872.34,101.902433495782,97.093062657355,1.24114598212121,6311312,5243363,1991949
"2015-04-01",285599,496230,99.7185249533356,99.9860663895367,99.7958780535985,6.93333333333333,781445,1146697,1701372,2613654,1343616,1922859,0.75,0.740233333333333,0.623333333333333,1.67666666666667,2.27333333333333,14930.6466666667,869.793333333333,103.243041950682,99.368292823427,1.22940127857143,6280653,5348307,2016957
"2015-07-01",289581,500216,100.351362869333,100.429575204009,100.401659313887,7.06666666666667,806454,1184186,1740128,2675108,1379701,1997829,0.5,0.501566666666667,0.403333333333333,1.47333333333333,2.20333333333333,13878.1733333333,817.786666666667,98.1526156436702,100.9321005852,1.30934144269841,6207672,5433197,2043564
"2015-10-01",292357,497920,100.546901445882,99.9023943415583,100.58602752354,7.13333333333333,815904,1197366,1755968,2717786,1392942,2027196,0.5,0.506666666666667,0.47,1.48666666666667,2.23666666666667,13336.3166666667,783.61,96.7019089098651,102.606543934019,1.33525611111111,6355506,5551977,2062186
"2016-01-01",292790,499605,100.562332459874,99.6508538556639,100.744057417528,7.23333333333333,831456,1220565,1787117,2766319,1419961,2048144,0.5,0.504166666666667,0.46,1.20333333333333,1.99333333333333,13058.9466666667,767.016666666667,94.6618525654518,107.845723502523,1.37484772727273,6349944,5694843,2087765
"2016-04-01",294554,500538,100.687927155567,100.336760812797,101.349838677817,7.13333333333333,844136,1241769,1816995,2813056,1444972,2109875,0.5,0.500466666666667,0.523333333333333,1.33333333333333,1.94333333333333,14027.2566666667,818.056666666667,100.48087042404,113.532443504691,1.28854191761905,6546713,5820188,2123136
"2016-07-01",296901,508855,100.803759684518,100.956260846038,101.639560150128,6.96666666666667,875023,1283066,1861401,2877891,1483977,2155200,0.5,0.4991,0.516666666666667,1.02333333333333,1.65333333333333,14635.5166666667,852.416666666667,99.496462283244,116.793482496535,1.30511101010101,6761388,5909210,2161657
"2016-10-01",300374,516537,101.268437886899,101.908630903762,102.008296569434,6.86666666666667,894327,1312364,1889279,2924911,1508490,2190288,0.5,0.4904,0.493333333333333,1.48666666666667,2.10666666666667,15052.57,885.576666666667,98.1429010896491,117.428917058889,1.33396,6829952,6011609,2185980
"2017-01-01",304829,526987,101.697858536225,102.678426390821,102.640416145388,6.73333333333333,912897,1338006,1920747,2975590,1534473,2216138,0.5,0.4925,0.486666666666667,1.70666666666667,2.38333333333333,15444.3166666667,910.78,99.3798876349918,124.360245058672,1.32294404,7009786,6280856,2211566
"2017-04-01",308979,532505,101.779900809054,102.672869899583,102.693092776717,6.53333333333333,943034,1373017,1952846,3031465,1563292,2245676,0.5,0.492666666666667,0.563333333333333,1.5,2.09,15372.7433333333,905.976666666667,96.8055308194226,130.660713015015,1.3449190600638,7063745,6295399,2248245
"2017-07-01",311567,535438,101.65719154736,103.205975943218,103.035490880358,6.23333333333333,946322,1376638,1960985,3060857,1567799,2248901,0.833333333333333,0.8276,0.81,1.97666666666667,2.37,15330.2266666667,901.846666666667,102.077295468161,132.210712506735,1.25241353544444,7111391,6316186,2298432
"2017-10-01",315688,545711,102.410569321177,104.655123342318,103.878316981629,6.16666666666667,965481,1395718,1995276,3115349,1597259,2291263,1,0.9947,0.95,1.96666666666667,2.27,16100.7333333333,952.966666666667,100.73668701326,131.386197829306,1.27146675033333,7283611,6354992,2330880
"2018-01-01",319320,551767,102.898672651596,104.600526413907,104.7211430829,5.9,970515,1406375,2010087,3149135,1607651,2316912,1.25,1.24283333333333,1.14333333333333,2.21,2.32666666666667,15587.2133333333,922.433333333333,100.014571831032,130.923747852518,1.26484446366667,7382582,6441500,2356701
"2018-04-01",322644,560017,103.364288266492,105.342795595958,105.037202870876,5.9,981100,1413569,2028414,3180140,1620043,2343123,1.25,1.2453,1.24666666666667,2.22666666666667,2.30333333333333,15982.37,945.733333333333,98.9265417806778,131.524365243144,1.29114718633333,7437466,6467505,2390900
"2018-07-01",325684,564738,103.766411673686,105.697682751007,105.721999078159,5.9,989883,1424176,2055888,3220497,1642131,2374265,1.5,1.49626666666667,1.48333333333333,2.34,2.34666666666667,16256.6766666667,965.796666666667,99.1402619691401,131.155269337508,1.30692677933333,7504770,6459970,2424231
"2018-10-01",326514,559153,104.016302972691,104.406432290836,106.011720550471,5.63333333333333,1010018,1447962,2103853,3275496,1682962,2438312,1.75,1.74883333333333,1.70666666666667,2.26666666666667,2.36,14849.32,889.23,98.3566212781115,131.041753497813,1.32035328320802,7397568,6441577,2445608
"2019-01-01",329532,567228,104.413042079371,105.659931561593,106.459471916771,5.76666666666667,1004632,1455531,2132783,3312659,1704927,2487854,1.75,1.74593333333333,1.66333333333333,1.79,2.05666666666667,15880.5666666667,947.553333333333,97.4305004614413,129.60137303338,1.32911929824561,7656662,6547313,2453715
"2019-04-01",332700,578170,105.160114831646,106.531870222064,107.328636333706,5.6,1028655,1487259,2169619,3363079,1735698,2519987,1.75,1.7446,1.67666666666667,1.58,1.84666666666667,16333.4733333333,978.673333333333,97.5891715104512,129.006177294799,1.33737278195489,7869538,6636568,2476578
"2019-07-01",334833,580619,105.330941128663,106.684800319336,107.750049384342,5.66666666666667,1059748,1521416,2211921,3422577,1772508,2571121,1.75,1.7468,1.63666666666667,1.33666666666667,1.54666666666667,16502.42,986.703333333333,99.3636967116235,128.907486284915,1.32073140350877,7999948,6703566,2502464
"2019-10-01",339123,587546,105.921200200064,107.65023395229,108.197800750642,5.7,1086012,1548271,2260897,3491125,1814695,2630269,1.75,1.74793333333333,1.66,1.51,1.61666666666667,16862.2633333333,1006.62333333333,98.696630668847,130.459264756212,1.31994996693122,8134116,6827721,2530560
"2020-01-01",332425,572004,106.028553684994,106.886854404611,108.382168960295,6.6,1149523,1626070,2327592,3564677,1867061,2741592,1.25,1.4126,1.24666666666667,1.13333333333333,1.38666666666667,15653.43,941.67,97.1584929488529,132.731021676443,1.34422251461988,7665225,6981838,2605614
"2020-04-01",282968,503983,105.118985911647,105.815871011683,107.328636333706,13.5,1279250,1794224,2501700,3749548,2015528,2930252,0.25,0.2349,0.23,0.546666666666667,1.09,15162.93,914.336666666667,95.5329242426696,136.291522230468,1.3853343079922,8118010,7206418,2627322
"2020-07-01",321241,561621,105.988281021216,108.09836931426,108.092447487983,10.0333333333333,1359120,1887078,2588679,3859310,2090795,2969475,0.25,0.230833333333333,0.14,0.553333333333333,1.06,16268.34,975.486666666667,97.5049787089358,137.445995262832,1.33160701754386,8399641,7483168,2700070
"2020-10-01",325153,582919,106.701532712049,110.129071243245,109.040626851913,8.83333333333333,1399798,1948971,2644364,3967888,2139468,2935197,0.25,0.2138,0.0933333333333333,0.663333333333333,1.21,16734.75,995.726666666667,98.3890031248482,140.265508466249,1.3034468487395,8778185,7918858,2792080
"2021-01-01",328682,607847,107.42167892263,112.915051640005,110.094159478501,8.46666666666667,1457942,2023177,2691801,4052539,2184010,2991021,0.25,0.183266666666667,0.0866666666666667,1.22,1.76666666666667,18032.65,1072.39,100.54239593284,142.2936298977,1.26624644945698,9060152,8560757,2912952
"2021-04-01",331392,622004,108.366382094454,115.680460643608,110.857970632778,8.13333333333333,1542072,2127023,2766834,4176926,2252192,3037757,0.25,0.180466666666667,0.116666666666667,1.45666666666667,1.98333333333333,19668.3,1176.04666666667,103.612195003481,149.63344549376,1.22900627530364,9322282,8768821,3066603
"2021-07-01",352584,640826,109.508326533181,116.827481493104,112.411931256996,7.16666666666667,1584965,2177230,2810669,4262459,2294647,3114666,0.25,0.192666666666667,0.156666666666667,1.31,1.84333333333333,20313.6633333333,1216.94,101.462040380163,151.050783937,1.26127925696594,9322779,9247573,3139308
"2021-10-01",360862,665141,110.933350249074,119.127432244166,114.202936722197,6.16666666666667,1598639,2197662,2845914,4376373,2325550,3167540,0.25,0.179233333333333,0.126666666666667,1.61333333333333,1.91666666666667,20973.3,1266.87,101.640140537215,152.599597442336,1.25897562678063,9638676,9912056,3248930
"2022-01-01",369017,693777,112.865309595525,123.205420194689,116.547046816356,5.76666666666667,1622754,2217491,2881833,4423169,2353965,3245344,0.333333333333333,0.2656,0.423333333333333,2.08,2.23666666666667,21371.6033333333,1294.35,101.410229425384,168.835920477919,1.26654282566319,9447174,10261323,3353104
"2022-04-01",383503,722546,115.008193679182,127.122560641379,119.233555014157,5.16666666666667,1622234,2214793,2916926,4452301,2378151,3317524,1.16666666666667,1.10576666666667,1.59333333333333,2.95,2.92,20117.5666666667,1218.92,102.877127082558,160.453792276179,1.27514897660819,9020438,9754881,3443463
"2022-07-01",386243,718002,115.765490017012,125.563111407045,120.392440903404,5.03333333333333,1592183,2155971,2935769,4467844,2392172,3375757,2.75,2.71993333333333,3.14,2.98666666666667,2.94,19155.9833333333,1198.26666666667,101.834431617635,144.94566488091,1.30605286143165,9054565,9434024,3525298
"2022-10-01",390757,716615,117.060669412421,125.500392585005,121.735695002305,5.03333333333333,1539338,2086878,2961171,4500722,2408287,3424697,3.91666666666667,3.7441,4.05666666666667,3.17666666666667,3.23666666666667,19754.7733333333,1195.23666666667,98.1914738597542,137.633719964895,1.35847443527118,9333847,9325448,3575291
"2023-01-01",397621,720784,117.99136344094,125.022011724954,122.60485941924,5.06666666666667,1511154,2047875,2990270,4515990,2428222,3467225,4.5,4.4061,4.39,3.03,3.08333333333333,20362.82,1224.85,96.4946650907501,136.938731943357,1.35165392344498,9615786,9592538,3614951
"2023-04-01",401904,726105,119.001337602815,125.685127515796,123.421347204846,5.23333333333333,1503352,2038826,3002360,4527566,2432826,3490465,4.58333333333333,4.57386666666667,4.62,3.08333333333333,3.07333333333333,20121.3566666667,1212.42333333333,97.7154607127245,141.6797125169,1.34306203703704,9727895,9782862,3646031
"2023-07-01",405954,737792,119.942061662811,127.884920762204,124.843616250741,5.5,1514102,2037927,3047716,4566041,2469856,3540023,5,4.99303333333333,5.05,3.70333333333333,3.52333333333333,20153.51,1208.63333333333,98.5832942052685,139.747655982624,1.34134545454545,9579150,9674891,3675970
"2023-10-01",410410,749129,120.864150366645,129.622847514062,125.607427405017,5.73333333333333,1494260,2009087,3093284,4624999,2502047,3595835,5,5.0154,4.99,3.56,3.39333333333333,,,97.3301167365575,134.280174035031,1.36357314814815,9971109,9558230,3740554
"2024-01-01",415891,750563,121.391298386776,129.283660392862,126.134193718312,5.9,1507961,2023572,3132367,4654499,2535829,3641269,5,5.0122,4.96333333333333,3.43666666666667,3.34,,,97.3074494438418,134.471541409562,1.34869799603175,10345399,9813307,3786417
"2024-04-01",420869,763380,122.547201334302,130.596148238624,126.818989925594,6.3,1557052,2078294,3190101,4718806,2587921,3718216,4.91666666666667,4.9211,4.78666666666667,3.67,3.55333333333333,,,96.9577254990852,,1.36891938997821,10452158,9818370,3796728
"2024-07-01",426526,771495,122.940893134449,131.264108238193,127.424771185883,6.56666666666667,1573004,2089000,3213925,4767380,2604045,3749315,4.5,4.4297,4.2,3.09,3.2,,,97.2912585204734,,1.37207,10857355,9739831,3799300
"2024-10-01",435246,783644,123.776025105474,132.474373020723,128.004214130506,6.73333333333333,1610510,2142120,3272134,4897857,2654380,3817118,,3.60416666666667,3.36,3.25666666666667,3.32333333333333,,,,,,11079410,9797239,3854583
"2025-01-01",,,,,128.912886020939,6.63333333333333,,,,,,,,2.99793333333333,2.79,3.09333333333333,3.29333333333333,,,,,,,,
