"date","pce_nom","gdp_nom","pce_defl","gdp_defl","cpi","ur","m1","m2","m3","policy","saron_1d","mmdrc_3m","gov_10y","smi","spi","reer","rrppi","xr_usd","hfwh","hhwh"
"1921-01-01",,,,,20.7153160940044,,,,,,,,,,,,,,,
"1921-04-01",,,,,19.948987688758,,,,,,,,,,,,,,,
"1921-07-01",,,,,19.1329527336579,,,,,,,,,,,,,,,
"1921-10-01",,,,,18.1872450677007,,,,,,,,,,,,,,,
"1922-01-01",,,,,17.099011813053,,,,,,,,,,,,,,,
"1922-04-01",,,,,15.7467155356487,,,,,,,,,,,,,,,
"1922-07-01",,,,,15.4877773911459,,,,,,,,,,,,,,,
"1922-10-01",,,,,15.4964643071961,,,,,,,,,,,,,,,
"1923-01-01",,,,,15.5853006061369,,,,,,,,,,,,,,,
"1923-04-01",,,,,15.9834035881917,,,,,,,,,,,,,,,
"1923-07-01",,,,,16.0701665028978,,,,,,,,,,,,,,,
"1923-10-01",,,,,16.1469177008143,,,,,,,,,,,,,,,
"1924-01-01",,,,,16.3825204373112,,,,,,,,5.21333333333333,,,,,,,
"1924-04-01",,,,,16.3886129316594,,,,,,,,5.39666666666667,,,,,,,
"1924-07-01",,,,,16.3964917315251,,,,,,,,5.34333333333333,,,,,,,
"1924-10-01",,,,,16.5438698670607,,,,,,,,5.29,,,,,,,
"1925-01-01",,,,,16.4914811831088,,,,,,,,5.15333333333333,,,,,,,
"1925-04-01",,,,,16.4626848004602,,,,,,,,5.12666666666667,,,,,,,
"1925-07-01",,,,,16.3904605032426,,,,,,,,4.98666666666667,,,,,,,
"1925-10-01",,,,,16.1535713780277,,,,,,,,4.94,,,,,,,
"1926-01-01",,,,,16.0094360683069,,,,,,,,4.78,,,,,,,
"1926-04-01",,,,,15.8460124193578,,,,,,,,4.77,,,,,,,
"1926-07-01",,,,,15.7043357110307,,,,,,,,4.74,,,,,,,
"1926-10-01",,,,,15.5752254077323,,,,,,,,4.89666666666667,,,,,,,
"1927-01-01",,,,,15.5372974666826,,,,,,,,4.73,,,,,,,
"1927-04-01",,,,,15.6035929395367,,,,,,,,4.76666666666667,,,,,,,
"1927-07-01",,,,,15.6102910532124,,,,,,,,4.83666666666667,,,,,,,
"1927-10-01",,,,,15.6592988190568,,,,,,,,4.84,,,,,,,
"1928-01-01",,,,,15.6411286238183,,,,,,,,4.67666666666667,,,,,,,
"1928-04-01",,,,,15.7133458195486,,,,,,,,4.73333333333333,,,,,,,
"1928-07-01",,,,,15.6539805037583,,,,,,,,4.78,,,,,,,
"1928-10-01",,,,,15.6880832734354,,,,,,,,4.73666666666667,,,,,,,
"1929-01-01",,,,,15.6925365747006,,,,,,,,4.66666666666667,,,,,,,
"1929-04-01",,,,,15.6828115570516,,,,,,,,4.64666666666667,,,,,,,
"1929-07-01",,,,,15.7154562393697,,,,,,,,4.68,,,,,,,
"1929-10-01",,,,,15.678922006182,,,,,,,,4.65666666666667,,,,,,,
"1930-01-01",,,,,15.581674974618,,,,,,,,4.39333333333333,,,,,,,
"1930-04-01",,,,,15.4767893988564,,,,,,,,4.29666666666667,,,,,,,
"1930-07-01",,,,,15.4261113680486,,,,,,,,3.90666666666667,,,,,,,
"1930-10-01",,,,,15.2089915587445,,,,,,,,3.86666666666667,,,,,,,
"1931-01-01",,,,,15.0468122262789,,,,,,,,3.79333333333333,,,,,,,
"1931-04-01",,,,,14.7250450743693,,,,,,,,3.8,,,,,,,
"1931-07-01",,,,,14.5260130213282,,,,,,,,3.87333333333333,,,,,,,
"1931-10-01",,,,,14.1796464346698,,,,,,,,4.01333333333333,,,,,,,
"1932-01-01",,,,,13.8847996103743,,,,,,,,3.87333333333333,,,,,,,
"1932-04-01",,,,,13.5954245227657,,,,,,,,3.74666666666667,,,,,,,
"1932-07-01",,,,,13.3219062708921,,,,,,,,3.75666666666667,,,,,,,
"1932-10-01",,,,,13.1191783215647,,,,,,,,3.80333333333333,,,,,,,
"1933-01-01",,,,,12.9285431613907,,,,,,,,3.67,,,,,,,
"1933-04-01",,,,,12.7968139225521,,,,,,,,4.17666666666667,,,,,,,
"1933-07-01",,,,,12.7318863643728,,,,,,,,4.21,,,,,,,
"1933-10-01",,,,,12.7286137598209,,,,,,,,4.07333333333333,,,,,,,
"1934-01-01",,,,,12.7229389424712,,,,,,,,4.15,,,,,,,
"1934-04-01",,,,,12.6604048735974,,,,,,,,4.25,,,,,,,
"1934-07-01",,,,,12.5408802971938,,,,,,,,4.15666666666667,,,,,,,
"1934-10-01",,,,,12.4957992866668,,,,,,,,4.10666666666667,,,,,,,
"1935-01-01",,,,,12.4201652013064,,,,,,,,4.11666666666667,,,,,,,
"1935-04-01",,,,,12.377426701695,,,,,,,,4.71666666666667,,,,,,,
"1935-07-01",,,,,12.5218139940821,,,,,,,,4.78,,,,,,,
"1935-10-01",,,,,12.583188977756,,,,,,,,5.06,,,,,,,
"1936-01-01",,,,,12.6206074021446,,,,,,,,4.64333333333333,,,,,,,
"1936-04-01",,,,,12.6715805657937,,,,,,,,4.74333333333333,,,,,,,
"1936-07-01",,,,,12.6970514753481,,,,,,,,4.63,,,,,,,
"1936-10-01",,,,,12.7933901376148,,,,,,,,3.62666666666667,,,,,,,
"1937-01-01",,,,,13.1819613897898,,,,,,,,3.54333333333333,,,,,,,
"1937-04-01",,,,,13.3348998590745,,,,,,,,3.47,,,,,,,
"1937-07-01",,,,,13.3604590301018,,,,,,,,3.34333333333333,,,,,,,
"1937-10-01",,,,,13.365003895752,,,,,,,,3.28333333333333,,,,,,,
"1938-01-01",,,,,13.3778616089647,,,,,,,,3.16666666666667,,,,,,,
"1938-04-01",,,,,13.3090188973194,,,,,,,,3.25,,,,,,,
"1938-07-01",,,,,13.3461908778258,,,,,,,,3.30666666666667,,,,,,,
"1938-10-01",,,,,13.2999688808536,,,,,,,,3.33333333333333,,,,,,,
"1939-01-01",,,,,13.2597899264679,,,,,,,,3.41666666666667,,,,,,,
"1939-04-01",,,,,13.3250040678012,,,,,,,,3.59666666666667,,,,,,,
"1939-07-01",,,,,13.4274068235488,,,,,,,,3.96,,,,,,,
"1939-10-01",,,,,13.7283027565316,,,,,,,,4.21333333333333,,,,,,,
"1940-01-01",,,,,14.0772766172904,,,,,,,,4.27,,,,,,,
"1940-04-01",,,,,14.4394788436827,,,,,,,,4.53166666666667,,,,,,,
"1940-07-01",,,,,14.7886780229265,,,,,,,,3.95,,,,,,,
"1940-10-01",,,,,15.4056645947059,,,,,,,,3.67333333333333,,,,,,,
"1941-01-01",,,,,15.8947726537616,,,,,,,,3.57333333333333,,,,,,,
"1941-04-01",,,,,16.689482867209,,,,,,,,3.44666666666667,,,,,,,
"1941-07-01",,,,,17.3253133216384,,,,,,,,3.22666666666667,,,,,,,
"1941-10-01",,,,,17.8111928067732,,,,,,,,3.25666666666667,,,,,,,
"1942-01-01",,,,,18.281404691916,,,,,,,,3.12333333333333,,,,,,,
"1942-04-01",,,,,18.6765720857829,,,,,,,,3.10333333333333,,,,,,,
"1942-07-01",,,,,19.0442078940741,,,,,,,,3.13666666666667,,,,,,,
"1942-10-01",,,,,19.3033908338861,,,,,,,,3.25666666666667,,,,,,,
"1943-01-01",,,,,19.5990837088791,,,,,,,,3.32,,,,,,,
"1943-04-01",,,,,19.7301256841919,,,,,,,,3.34333333333333,,,,,,,
"1943-07-01",,,,,19.8609643938352,,,,,,,,3.28666666666667,,,,,,,
"1943-10-01",,,,,19.9448205800426,,,,,,,,3.3,,,,,,,
"1944-01-01",,,,,20.0723764199578,,,,,,,,3.22666666666667,,,,,,,
"1944-04-01",,,,,20.1943671773625,,,,,,,,3.26666666666667,,,,,,,
"1944-07-01",,,,,20.2864963448583,,,,,,,,3.26333333333333,,,,,,,
"1944-10-01",,,,,20.240948395103,,,,,,,,3.33,,,,,,,
"1945-01-01",,,,,20.3366660833899,,,,,,,,3.32,,,,,,,
"1945-04-01",,,,,20.4093991804801,,,,,,,,3.31666666666667,,,,,,,
"1945-07-01",,,,,20.4643657204216,,,,,,,,3.25666666666667,,,,,,,
"1945-10-01",,,,,20.1341960881061,,,,,,,,3.26,,,,,,,
"1946-01-01",,,,,20.0636345832586,,,,,1.5,,,3.17333333333333,,,,,,,
"1946-04-01",,,,,20.0833309932424,,,,,1.5,,,3.05,,,,,,,
"1946-07-01",,,,,20.1896362373298,,,,,1.5,,,3.04,,,,,,,
"1946-10-01",,,,,20.5577127181054,,,,,1.5,,,3.14666666666667,,,,,,,
"1947-01-01",,,,,20.6866285550018,,,,,1.5,,,3.12,,,,,,,
"1947-04-01",,,,,21.0061720380693,,,,,1.5,,,3.06666666666667,,,,,,,
"1947-07-01",,,,,21.2031901874888,,,,,1.5,,,3.12666666666667,,,,,,,
"1947-10-01",,,,,21.6320854825259,,,,,1.5,,,3.38333333333333,,,,,,,
"1948-01-01",,,,,21.7638122822373,,,,,1.5,,,3.43,,,,,,,
"1948-04-01",,,,,21.7606171324701,,,,,1.5,,,3.46666666666667,,,,,,,
"1948-07-01",,,,,21.7185671536097,,,,,1.5,,,3.37666666666667,,,,,,,
"1948-10-01",,,,,21.7802254985436,,,,,1.5,,,3.37666666666667,,,,,,,
"1949-01-01",,,,,21.7203216599594,,,,,1.5,,,3.14,,,,,,,
"1949-04-01",,,,,21.6092382311488,,,,,1.5,,,2.86666666666667,,,,,,,
"1949-07-01",,,,,21.5810588309192,,,,,1.5,,,2.86333333333333,,,,,,,
"1949-10-01",,,,,21.4026158907592,,,,,1.5,,,2.80333333333333,,,,,,,
"1950-01-01",,,,,21.181099643816,,13778.4192403221,,,1.5,,,2.59666666666667,,,,,,,
"1950-04-01",,,,,21.1588561511622,,14121.9869012387,,,1.5,,,2.56666666666667,,,,,,,
"1950-07-01",,,,,21.2704678220674,,14224.432377737,,,1.5,,,2.67333333333333,,,,,,,
"1950-10-01",,,,,21.3839225964839,,14306.0756838336,,,1.5,,,2.85333333333333,,,,,,,
"1951-01-01",,,,,21.7501440602517,,14432.9931757259,,,1.5,,,2.86666666666667,,,,,,,
"1951-04-01",,,,,22.18620643427,,14493.0203164274,,,1.5,,,2.99,,,,,,,
"1951-07-01",,,,,22.4406871500322,,14512.3422829365,,,1.5,,,2.96666666666667,,,,,,,
"1951-10-01",,,,,22.6803098743868,,14703.9751459818,,,1.5,,,2.99,,,,,,,
"1952-01-01",,,,,22.8428873005903,,14747.3655523152,,,1.5,,,2.82333333333333,,,,,,,
"1952-04-01",,,,,22.8650824696295,,14708.0945747112,,,1.5,,,2.87666666666667,,,,,,,
"1952-07-01",,,,,22.8483182629703,,14905.0306227475,,,1.5,,,2.84666666666667,,,,,,,
"1952-10-01",,,,,22.7538112691411,,15099.4831024861,,,1.5,,,2.81,,,,,,,
"1953-01-01",,,,,22.6985041175015,,15016.5023449281,,,1.5,,,2.61,,,,,,,
"1953-04-01",,,,,22.6760260758832,,15533.6354788317,,,1.5,,,2.54,,,,,,,
"1953-07-01",,,,,22.6454228133337,,15570.3780429315,,,1.5,,,2.50666666666667,,,,,,,
"1953-10-01",,,,,22.6510556106985,,15315.7062196233,,,1.5,,,2.50333333333333,,,,,,,
"1954-01-01",,,,,22.7032930986597,,15730.5643691294,,,1.5,,,2.48333333333333,,,,,,,
"1954-04-01",,,,,22.7707164723245,,15849.9411964966,,,1.5,,,2.65333333333333,,,,,,,
"1954-07-01",,,,,22.8780126227668,,15924.9514774917,,,1.5,,,2.64666666666667,,,,,,,
"1954-10-01",,,,,22.9863821749957,,15915.0160085435,,,1.5,,,2.71666666666667,,,,,,,
"1955-01-01",,,,,23.0227602892018,,16035.7351208703,,,1.5,,,2.76333333333333,,,,,,,
"1955-04-01",,,,,23.0393460879553,,16054.1642297906,,,1.5,,,2.96666666666667,,,,,,,
"1955-07-01",,,,,23.0367489733194,,16156.8887705154,,,1.5,,,3.10666666666667,,,,,,,
"1955-10-01",,,,,23.0871044869586,,16325.6191286416,,,1.5,,,3.09333333333333,,,,,,,
"1956-01-01",,,,,23.1715637316265,,16633.1050785324,,,1.5,,,2.94,,,,,,,
"1956-04-01",,,,,23.3603529560899,,16710.5568324202,,,1.5,,,3.12666666666667,,,,,,,
"1956-07-01",,,,,23.4818759036652,,17041.060049833,,,1.5,,,3.21,,,,,,,
"1956-10-01",,,,,23.5652356557053,,17324.5159362158,,,1.5,,,3.22333333333333,,,,,,,
"1957-01-01",,,,,23.666014687191,,17228.313119015,,,1.5,,,3.32333333333333,,,,,4.37295000337295,,
"1957-04-01",,,,,23.7752253989475,,17479.7924202599,,,2.16666666666667,,,3.70666666666667,,,,,4.37295000337295,,
"1957-07-01",,,,,23.9086696472245,,17476.7151093785,,,2.5,,,3.86333333333333,,,,,4.37295000337295,,
"1957-10-01",,,,,24.0688864913677,,17540.4312984773,,,2.5,,,3.77666666666667,,,,,4.37295000337295,,
"1958-01-01",,,,,24.1682009904509,,17602.3202751651,,,2.5,,,3.41333333333333,,,,,4.37295000337295,,
"1958-04-01",,,,,24.3180353996608,,17948.7594404964,,,2.5,,,3.15666666666667,,,,,4.37295000337295,,
"1958-07-01",,,,,24.3540924165753,,18464.2079139453,,,2.5,,,3.03333333333333,,,,,4.37295000337295,,
"1958-10-01",,,,,24.3350211959211,,19253.0480004067,,,2.5,,,3.01,,,,,4.37295000337295,,
"1959-01-01",,,,,24.2315959464605,,19519.722055287,,,2.16666666666667,,,2.91333333333333,,,,,4.37295000337295,,
"1959-04-01",,,,,24.0704557818354,,19879.5322868796,,,2,,,3.06333333333333,,,,,4.37295000337295,,
"1959-07-01",,,,,24.0710928886511,,20099.1823845795,,,2,,,3.12,,,,,4.37295000337295,,
"1959-10-01",,,,,24.1767258024457,,20311.8393171439,,,2,,,3.21,,,,,4.37295000337295,,
"1960-01-01",,,,,24.3071495803384,,20447.2122150015,,,2,,,3.28,,,,,4.37295000337295,,
"1960-04-01",,,,,24.4408093708731,,21132.3785222767,,,2,,,3.08,,,,,4.37295000337295,,
"1960-07-01",,,,,24.5596115173067,,21983.9002721491,,,2,,,2.97333333333333,,,,,4.37295000337295,,
"1960-10-01",,,,,24.6311478056815,,22502.5821001552,,,2,,,3.03666666666667,,,,,4.37295000337295,,
"1961-01-01",,,,,24.6582178416955,,23881.6227304688,,,2,,,2.88666666666667,,,,,4.37295000337295,,
"1961-04-01",,,,,24.7694905323481,,24296.8878490441,,,2,,,2.88333333333333,,,,,4.37295000337295,,
"1961-07-01",,,,,24.9618113537587,,24909.1309100901,,,2,,,3.06666666666667,,,,,4.37295000337295,,
"1961-10-01",,,,,25.3564623710587,,25559.5368984519,,,2,,,2.98666666666667,,,,,4.37295000337295,,
"1962-01-01",,,,,25.6631042265185,,26394.2845166538,,,2,,,3.01666666666667,,,,,4.37295000337295,,
"1962-04-01",,,,,25.9532084458101,,27318.1243210149,,,2,,,3.21666666666667,,,,,4.37295000337295,,
"1962-07-01",,,,,26.1853516347284,,27241.1084459657,,,2,,,3.14666666666667,,,,,4.37295000337295,,
"1962-10-01",,,,,26.2490575401656,,28213.7879861602,,,2,,,3.11666666666667,,,,,4.37295000337295,,
"1963-01-01",,,,,26.5854302119623,,28351.4488715607,,,2,,,3.12333333333333,,,,,4.37295000337295,,
"1963-04-01",,,,,26.7734721894007,,28788.6032938244,,,2,,,3.13,,,,,4.37295000337295,,
"1963-07-01",,,,,26.997985686606,,29480.306488152,,,2,,,3.26666666666667,,,,,4.37295000337295,,
"1963-10-01",,,,,27.2722214796734,,29897.4521852187,,,2,,,3.46666666666667,,,,,4.37295000337295,,
"1964-01-01",,,,,27.4598799996662,,30272.1163940065,,,2,,,3.77666666666667,,,,,4.37295000337295,,
"1964-04-01",,,,,27.7133657055301,,30780.740020373,,,2,,,3.98333333333333,,,,,4.37295000337295,,
"1964-07-01",,,,,27.8215587962321,,30931.6450733382,,,2.5,,,4.04666666666667,,,,,4.37295000337295,,
"1964-10-01",,,,,27.9509654450971,,31399.4442256523,,,2.5,,,4.07666666666667,,,,,4.37295000337295,,
"1965-01-01",,,,,28.1214792917123,,31733.9132485318,,,2.5,,,3.96333333333333,,,,,4.37295000337295,,
"1965-04-01",,,,,28.483624824665,,32087.0008968304,,,2.5,,,3.92,,,,,4.37295000337295,,
"1965-07-01",,,,,28.8962356952002,,32398.348562406,,,2.5,,,3.92666666666667,,,,,4.37295000337295,,
"1965-10-01",,,,,29.2322651482532,,32543.7480553089,,,2.5,,,3.97333333333333,,,,,4.37295000337295,,
"1966-01-01",,,,,29.6119084131504,,32716.6137390806,,,2.5,,,3.98,,,,,4.37295000337295,,
"1966-04-01",,,,,29.9516502590077,,33166.5891246057,,,2.5,,,4.02333333333333,,,,,4.37295000337295,,
"1966-07-01",,,,,30.159145340189,,33076.8189445571,,,3.5,,,4.22333333333333,,,,,4.37295000337295,,
"1966-10-01",,,,,30.4871777617365,,33143.1103738547,,,3.5,,,4.43,,,,,4.37295000337295,,
"1967-01-01",,,,,30.7609786628846,,33524.3187050806,,,3.5,,,4.73333333333333,,,,,4.37295000337295,,
"1967-04-01",,,,,31.0997497453736,,33496.2878775849,,,3.5,,,4.70666666666667,,,,,4.37295000337295,,
"1967-07-01",,,,,31.5636285857885,,34650.6772700446,,,3,,,4.46666666666667,,,,,4.37295000337295,,
"1967-10-01",,,,,31.6328989864208,,34633.3115910912,,,3,,,4.50666666666667,,,,,4.37295000337295,,
"1968-01-01",,,,,31.8344978341703,,36651.6947199191,,,3,,,4.44333333333333,,,,,4.37295000337295,,
"1968-04-01",,,,,31.8795166135853,,37449.8770266161,,,3,,,4.35333333333333,,,,,4.37295000337295,,
"1968-07-01",,,,,32.0332762349351,,37680.110681885,,,3,,,4.34666666666667,,,,,4.37295000337295,,
"1968-10-01",,,,,32.3251374369433,,38298.5865267137,,,3,,,4.34666666666667,,,,,4.37295000337295,,
"1969-01-01",,,,,32.5576045246536,,38322.667158326,,,3,,,4.46,,,,,4.37295000337295,,
"1969-04-01",,,,,32.7180682364094,,38620.7411370958,,,3,,,4.64666666666667,,,,,4.37295000337295,,
"1969-07-01",,,,,32.9180374685791,,39587.0092860806,,,3.25,,,5.19,,,,,4.37295000337295,,
"1969-10-01",,,,,33.065724476843,,40471.1790244074,,,3.75,,,5.30333333333333,,,,,4.37295000337295,,
"1970-01-01",,,,,33.2922572815896,0.00181030333333333,40413.0101824802,,,3.75,,,5.51333333333333,,,,59.758861311726,4.37295000337295,,
"1970-04-01",,,,,33.687898442337,0.00404542,40936.2033086677,,,3.75,,,5.87,,,,58.9321859995716,4.37295000337295,,
"1970-07-01",,,,,34.2360729482542,0.00725850333333333,41410.6206190901,,,3.75,,,5.77,,,,60.0344461233869,4.37295000337295,,
"1970-10-01",,,,,34.7868719923265,0.00456153666666667,43222.4063805515,,,3.75,,,5.71,,,,58.9199219611543,4.37295000337295,,
"1971-01-01",,,,,35.3543406206903,0.000772203333333333,44368.6580209173,,,3.75,,,5.51333333333333,,,,61.8760299566941,4.37295000337295,,
"1971-04-01",,,,,35.9874715685765,0.00259649333333333,47734.5722865792,,,3.75,,,5.32333333333333,,,,60.8719612630456,4.18041666984708,,
"1971-07-01",,,,,36.531108766533,0.00821308,50520.0740491379,,,3.75,,,5.28666666666667,,,,62.8364228490113,4.02771666736138,,
"1971-10-01",,,,,37.0655380818785,0.00715459666666667,52357.9107390616,,,3.75,,,4.94,,,,62.7561923009136,3.95433333266667,,
"1972-01-01",,,,,37.674101638107,0.00298615,55936.6633158048,,,3.75,0.0416666666666667,,4.69333333333333,,,,64.1620467176785,3.86666666566667,,
"1972-04-01",,,,,38.3216676686508,0.00201771,55812.0766112213,,,3.75,1.125,,4.97666666666667,,,,67.3211047683175,3.84566666566667,,
"1972-07-01",,,,,38.9478173141446,0.01367733,57127.2994931162,,,3.75,0.166666666666667,,4.95333333333333,,,,69.5207985234098,3.776999999,,
"1972-10-01",,,,,39.6429148944548,0.00759124,56815.6847996852,,,3.75,3.41666666666667,,5.21333333333333,,,,71.331920067745,3.78766666566667,,
"1973-01-01",,,,,40.5852045415199,0,57038.5717894668,,,4.5,2.91666666666667,,5.32333333333333,,,,74.7815962674597,3.44533333266667,,
"1973-04-01",,,,,41.4732514138165,0.001207,57743.8822801773,,,4.5,5.45833333333333,,5.38333333333333,,,,72.9212603237983,3.15333333233333,,
"1973-07-01",,,,,42.1587669197654,0.02357436,57995.4024442739,,,4.5,1.33333333333333,,5.6,,,,73.4161736160577,2.932999999,,
"1973-10-01",,,,,43.8993705105909,0.0106474933333333,57961.4639490325,,,4.5,5,,6.07,,,,69.0952759517438,3.12766666566667,,
"1974-01-01",,,,,44.8206028615912,0,56769.0004433087,,,5.5,4.08333333333333,9.625,6.68666666666667,,,,67.3195223117475,3.206999999,,
"1974-04-01",,,,,45.3794597877619,0.00315060666666667,57176.1547180723,,,5.5,3,9.75,7.27,,,,66.9375172957558,2.97266666566667,,
"1974-07-01",,,,,46.5786169974708,0.0410523733333333,57961.3081476589,,,5.5,3.16666666666667,11,7.33333333333333,,,,65.7862801410997,2.980999999,,
"1974-10-01",,,,,47.7558016339175,0.03188334,58715.8752845814,,,5.5,1.41666666666667,8.79166666666667,7.22666666666667,,,,63.3765943991719,2.75633333233333,,
"1975-01-01",,,,,48.441397947944,0.04979816,59200.5694856314,,,5.33333333333333,0.833333333333333,4.875,6.76,,,,60.1296308860708,2.49066666566667,,
"1975-04-01",,,,,49.2164244416702,0.202091016666667,59713.5672132836,101145.116341411,126630.817453221,4.66666666666667,0.833333333333333,4.04166666666667,6.71333333333333,,,,58.6554934683116,2.518666666,,
"1975-07-01",,,,,49.5565254027733,0.400063096666667,60292.4843860123,101188.419488867,128653.50035541,4,1.95833333333333,3.375,6.28,,,,57.7087888253247,2.66516666566667,,
"1975-10-01",,,,,49.6825135974887,0.69623551,61898.0250726199,103661.589475206,133621.845131206,3,1.58333333333333,3.29166666666667,5.99,,,,57.0874372531244,2.65063333233333,,
"1976-01-01",,,,,49.9214232170306,0.940592423333333,62962.8775795697,103620.535610231,135490.684310272,2.5,0.583333333333333,1.41666666666667,5.27666666666667,,,,55.5473905192258,2.578499999,,
"1976-04-01",,,,,49.9643088223109,0.7385227,65363.8594565957,103276.40326749,137381.053573038,2.33333333333333,0.416666666666667,1.47916666666667,5.17333333333333,,,,55.9566929110495,2.49533333266667,,
"1976-07-01",,,,,50.1437706388971,0.54099938,65733.5783281184,104450.969924995,140365.774579257,2,0.666666666666667,1.66666666666667,4.99,,,,55.1279604053542,2.47846666566667,,
"1976-10-01",,,,,50.2466795405751,0.511809166666667,67082.0811089018,105519.42411375,143682.619850246,2,0,1.91666666666667,4.49,,,,56.5855611519572,2.44626666566667,,
"1977-01-01",,,,,50.4514232771377,0.49288521,67361.9901638795,106214.799377528,146246.232601228,2,0.0416666666666667,2.3125,3.99,,,,56.3406759977537,2.51999999933333,,
"1977-04-01",,,,,50.6411064424932,0.39297983,67851.487725933,109470.164512304,150046.521229319,2,2,3.5,4.28666666666667,,,,56.7605017257678,2.51143333266667,,
"1977-07-01",,,,,50.8318128640148,0.352475363333333,68534.1981396222,112511.778895523,153706.69362562,1.5,0.5,2.5,4.08,,,,57.6859223278886,2.39809999933333,,
"1977-10-01",,,,,50.9534132020352,0.34476265,69846.5668522629,111647.567185093,155419.98711404,1.5,0,2.04166666666667,3.82333333333333,,,,57.3631803104424,2.184566666,,
"1978-01-01",,,,,51.0587676848888,0.354112173333333,78190.7529732154,116301.659171912,160442.499274577,1.16666666666667,0,0.541666666666667,3.53,,,,56.62599291732,1.92933333233333,,
"1978-04-01",,,,,51.3244823322639,0.31277774,77977.3656301062,117158.935235236,163509.560965693,1,0.0833333333333333,1.22916666666667,3.42333333333333,,,,57.7877534081664,1.91626666633333,,
"1978-07-01",,,,,51.3085706515333,0.335881986666667,80427.3414381828,118050.706970158,166089.58430414,1,-0.333333333333333,1.10416666666667,3.31,,,,58.7119871678597,1.67853333266667,,
"1978-10-01",,,,,51.2934799483503,0.374023323333333,86065.3091954378,123434.51496408,171619.439010309,1,-0.416666666666667,0.145833333333333,3.04333333333333,,,,60.6228825989317,1.62796666566667,,
"1979-01-01",,,,,52.0326335982907,0.38409161,90201.2071659565,123955.550891347,174144.230255857,1,-0.145833333333333,0.1875,3.13666666666667,,,,60.5021411626427,1.67533333233333,,
"1979-04-01",,,,,52.9080695215411,0.355051636666667,85037.0512774684,128208.069704296,178635.478065583,1,0.5,1.54166666666667,3.28,,,,59.511206858525,1.71309999933333,,
"1979-07-01",,,,,53.5263327764164,0.337529073333333,84969.037578505,130951.715120719,182219.892099265,1,0.0833333333333333,1.6875,3.5,,,,61.0770476345142,1.63813333233333,,
"1979-10-01",,,,,53.9537818628183,0.278845746666667,80041.1947769916,138657.657783504,186808.161182841,1.66666666666667,0.145833333333333,4.39583333333333,3.89333333333333,,,,62.5875815533829,1.62433333233333,,
"1980-01-01",29603.00545998,50219.52302282,,,54.3139208398923,0.21228291,77574.7586685498,151911.350935077,191774.010285257,2.66666666666667,0.75,6,4.76666666666667,,,,64.6644766786452,1.66253333266667,,
"1980-04-01",29857.97064319,50869.75032436,59.4732318164804,56.2107328955654,54.9406599835286,0.205455946666667,77860.3293935304,151115.945785535,189207.497061541,3,1.58333333333333,5.70833333333333,4.83666666666667,,,,62.8334953043568,1.68383333233333,,
"1980-07-01",30245.02758001,51636.92268053,60.0888751175851,56.7691774527699,55.551981351769,0.221124213333333,78982.1418649609,153588.846697305,191358.804207901,3,1.70833333333333,5.70833333333333,4.78,,,,63.4438488033958,1.63239999966667,,
"1980-10-01",30629.54246624,52490.25633553,60.5600156335126,57.3755902190447,56.1774211355329,0.186137276666667,79810.230494989,157964.351712339,194885.488864445,3,1.16666666666667,5.66666666666667,4.7,,,,64.1093509138983,1.72406666566667,,
"1981-01-01",31241.36514826,53212.59773687,61.8301901437884,58.188072787292,57.4693964177381,0.132815106666667,76630.3195582351,163353.725952427,197672.297632471,3.66666666666667,2.79166666666667,7.52083333333333,5.15333333333333,,,,65.2011668243519,1.89729999933333,,
"1981-04-01",32003.339416,54513.46383022,62.8331960344106,58.9369340623244,58.1945502686724,0.163971576666667,75872.5069959536,173118.945729965,201933.892715471,4.66666666666667,2.52083333333333,9.70833333333333,5.65,,,,66.1479505901673,2.03436666633333,,
"1981-07-01",32592.21942166,55709.57109599,64.0481405187148,60.021636093704,59.5568196426412,0.218506873333333,74827.2188613013,179142.209762462,204067.022292281,5.33333333333333,1.54166666666667,10.0833333333333,5.82666666666667,,,,65.1119162738053,2.096999999,,
"1981-10-01",32908.57454004,56811.77415056,64.6547276796833,61.4396617224634,60.101559724965,0.238487016666667,74199.2439679642,178748.9596874,203015.941287491,6,3.33333333333333,9.79166666666667,5.65333333333333,,,,65.7597739935527,1.828299999,,
"1982-01-01",33152.34142111,57364.50948984,65.3957470358783,62.4698563442632,60.5355028466668,0.235367853333333,74351.6223307533,181716.859855472,204361.980847965,6,2.64583333333333,7.20833333333333,5.35,,,,66.8384555144754,1.874099999,,
"1982-04-01",33938.49933122,58177.41267292,66.5785224762825,63.7700815572497,61.6076823270511,0.336495576666667,78192.8188660582,178341.94975783,206483.408160791,6,0.708333333333333,4.54166666666667,5.05,,,,65.0063664205881,1.99396666566667,,
"1982-07-01",34556.13827165,58624.97221723,67.6436340576133,64.6017121172405,62.9219381332887,0.472452813333333,80253.8633586408,178503.055440978,210890.206088105,5.33333333333333,0.4375,4.1875,4.65666666666667,,,,64.1531058380581,2.11259999933333,,
"1982-10-01",34982.56149655,59092.79708957,68.4143470217486,65.3154133771467,63.5773214338522,0.64623185,82500.1696451278,173232.476852761,213867.467208239,4.83333333333333,0.708333333333333,3.58333333333333,4.27333333333333,,,,64.553862964404,2.14043333233333,,
"1983-01-01",35379.23555606,59326.1429038,68.4318944319957,65.0337437980819,63.3960862193374,0.81015185,84946.3258750724,170063.503438071,218604.873268562,4.33333333333333,1.75,3.14583333333333,4.30666666666667,,,,64.8346698827459,2.01503333233333,,
"1983-04-01",35394.44803094,59687.06866759,69.016804930413,65.3719808612827,63.7577853805698,0.885724823333333,83484.1334911077,174672.988646931,223127.912776323,4,1.66666666666667,4.58333333333333,4.50666666666667,,,,65.3875010854663,2.075366666,,
"1983-07-01",35823.98426371,60230.75826914,69.428472897471,65.6277145399271,64.097903652816,0.907421953333333,83675.561207233,176290.845656387,225788.543291873,4,1.45833333333333,4.45833333333333,4.65666666666667,,,,66.9118814993222,2.14776666566667,,
"1983-10-01",36302.13672539,61143.77028663,70.0191790136022,66.3325284133167,64.7039223367382,0.967079946666667,83818.4367950723,175608.099950479,228647.809588316,4,0.5625,3.97916666666667,4.59333333333333,,,,67.2661935253394,2.158399999,,
"1984-01-01",36867.8897648,62615.23645456,70.7050391273225,67.2492477004848,65.2329667954401,1.06069616333333,85994.0457894391,178628.595299609,232919.724595031,4,0.916666666666667,3.54166666666667,4.53666666666667,,,,67.5519851818767,2.197499999,,
"1984-04-01",37226.76567732,63625.90406644,71.213642126977,67.9810856878613,65.6320571652062,1.14387176,86541.6768683924,183685.188626787,236419.078352097,4,1.375,4.02083333333333,4.7,,,,68.5834303741857,2.245866666,,
"1984-07-01",37616.64093729,64953.50754303,71.5529708109298,68.2944277934677,65.9523313867738,1.14258780333333,85508.8322499753,191973.139344241,242621.206450324,4,1.10416666666667,4.89583333333333,4.78333333333333,,,,68.4649043770947,2.44086666666667,,
"1984-10-01",37988.24561168,65861.86414509,71.9781873617609,68.6692035854547,66.641887138605,1.13964254666667,91291.3353159904,202649.725257051,250661.095824342,4,2.875,4.89583333333333,4.81666666666667,,,,68.2214434338042,2.51449999966667,,
"1985-01-01",38531.98011818,66901.35503282,72.7164013646364,68.8548548893098,67.6783839625627,1.07630861666667,89935.3348246267,200208.471519019,255122.160418124,4,0.9375,5.54166666666667,4.86,,,,70.5349949391061,2.75556666666667,,
"1985-04-01",39046.69714106,67813.11129039,73.0710106114903,69.3387381102064,67.9928833191205,0.975427393333333,91305.52208832,201180.152434556,257695.685265976,4,0.8125,5.16666666666667,4.80666666666667,,,,68.7512498934314,2.59263333333333,,
"1985-07-01",39352.52428201,68303.81339328,73.2927360184763,69.7198259553574,68.1204754611599,0.921706846666667,93165.7820725612,202875.784112101,260879.218290324,4,0.5,4.625,4.78666666666667,,,,69.4519616626159,2.34626666666667,,
"1985-10-01",39978.58845576,69636.24292586,73.8677803856385,70.471095229317,68.7146172723546,0.89021009,95638.9753292624,209849.753585962,265367.199906073,4,0.645833333333333,4.16666666666667,4.60666666666667,,,,68.6846284718355,2.13403333333333,,
"1986-01-01",40220.37639804,70598.89403736,74.0982055365056,71.1620994916691,68.6409006364965,0.853609866666667,95987.4577185736,211909.969836154,266975.364545595,4,1.5625,3.91666666666667,4.33,,,,70.9541085616637,1.9772,,
"1986-04-01",40809.32067993,71503.74615602,74.2274463850239,71.56611882731,68.556562113783,0.822405786666667,98018.5595256013,214753.93561891,275103.402891716,4,0.916666666666667,4.60416666666667,4.38666666666667,,,,68.8031544689266,1.867366666,,
"1986-07-01",41070.46809521,71944.24017063,74.214933441106,71.9813967192871,68.5597445650196,0.802941626666667,99683.1241421218,217431.175153751,279459.440697119,4,0.770833333333333,4.27083333333333,4.3,,,,70.0536907733485,1.68683333333333,,
"1986-10-01",41279.44302618,72114.45704351,74.2349281032435,72.2077940533246,68.7860637163549,0.794413316666667,101073.764262574,222041.909271121,285289.427705413,4,1.08333333333333,3.85416666666667,4.17333333333333,,,,69.2423652899229,1.66426666666667,,
"1987-01-01",41740.13025616,72523.06080723,74.4886780242275,72.5958653241765,69.2205774230617,0.799319386666667,104130.49559591,226692.209042823,291809.323952199,3.5,2.08333333333333,3.6875,4.07,,,,70.1733244900385,1.54536666666667,,
"1987-04-01",42173.77060591,73444.51547897,74.5662029497351,72.9475782081475,69.3297540483523,0.797129086666667,106649.012778698,232310.256297943,298442.020354354,3.5,2.125,3.8125,4.11333333333333,,,,71.149146333913,1.49143333333333,,
"1987-07-01",42576.57156794,74838.19576252,74.7739097341176,73.479039500762,69.785077677053,0.78528244,109553.472643694,237699.283096896,307808.913163711,3.5,1.54166666666667,3.875,4.18666666666667,,,,71.0734257870397,1.52543333333333,,
"1987-10-01",43033.35717057,76069.56458092,75.1239477129226,74.096586468644,70.1533968620289,0.760035946666667,113944.280037211,244597.254164827,316547.072926579,3,0.8125,3.52083333333333,4.12333333333333,,,,70.3130554051672,1.40253333333333,,
"1988-01-01",43371.45357764,76647.4058382,75.4343201673884,74.3358757099816,70.4113858953375,0.7432149,122422.911547517,259493.946795009,322908.265259799,2.5,0.833333333333333,1.75,4.06266666666667,,,,71.2366561822325,1.37476666666667,,
"1988-04-01",43769.38200444,77691.98854508,75.9487918127067,74.9341563082099,70.7638951618159,0.737856013333333,123582.352631768,264876.658315258,329366.051981139,2.5,2.58333333333333,2.85416666666667,4.08233333333333,,,,71.5496660917734,1.41816666666667,,
"1988-07-01",44296.63003131,79317.85066743,76.2580023837649,75.6875530962646,71.0888891563971,0.707548813333333,123031.570190841,264636.466354182,334856.573652152,2.83333333333333,2.66666666666667,3.52083333333333,4.257,,,,73.7548193220321,1.56416666666667,,
"1988-10-01",44801.03199701,81479.07119462,76.5565400178492,76.2870903514972,71.430014805584,0.650913113333333,119354.384546014,259091.20747109,334376.348037583,3.16666666666667,4.20833333333333,4.41666666666667,4.05433333333333,,,,76.5005397165939,1.4961,,
"1989-01-01",45450.66912579,82533.17754225,77.076930943977,76.9211466237796,72.0194346785291,0.56446709,120452.929771192,254926.261283384,344638.98623913,4,4.875,5.83333333333333,4.678,1491.16935483871,973.470967741936,,76.8962329819159,1.5801,,
"1989-04-01",46369.29496921,84498.31704243,78.1107016545799,77.532400503203,72.7856256080689,0.561351403333333,117532.271924603,245267.865045475,350294.610409979,4.83333333333333,7.27083333333333,7.3125,5.13366666666667,1572.59838709677,1036.51935483871,,75.4197218793017,1.6967,,
"1989-07-01",46892.28440824,85812.95227922,78.7542112011662,78.2680307167331,73.2903024649545,0.56449121,117372.386207578,243760.417710413,353955.82564284,5.5,7.02083333333333,7.3125,5.22633333333333,1811.7921875,1177.4875,,76.3828049477878,1.6606,,
"1989-10-01",47683.42720079,87649.06320255,79.8458567303774,78.9552786470662,74.5503490963362,0.54050958,114418.566427537,239304.064823399,354682.643983632,6,8.14583333333333,8.20833333333333,5.455,1740.02096774194,1128.71129032258,,79.0372175982622,1.6063,,
"1990-01-01",48738.9627964,90520.63154846,80.8961171950915,79.8516092801355,75.6137914529765,0.408084276666667,111452.878668343,227466.59886171,353535.582457825,6,8.60416666666667,9.20833333333333,6.269,1724.53333333333,1111.57301587302,,79.0964014739792,1.50486666666667,,
"1990-04-01",49176.21250939,92079.42015802,81.7981112203212,80.9832958972454,76.3482844277121,0.440583093333333,112331.371800878,227435.283116755,353427.194136337,6,8.8125,8.9375,6.35866666666667,1704.3,1125.95423728814,,79.4839450879658,1.44353333333333,,
"1990-07-01",50138.23179885,92907.93332239,83.1514467340487,82.0531381798979,77.5531109883333,0.515199693333333,111504.494945772,226550.807115655,360351.963487174,6,7.64583333333333,8.47916666666667,6.357,1620.26875,1080.85,,78.4179232196028,1.3361,,
"1990-10-01",51274.35286385,93884.23617671,84.5179182255787,83.1856739234213,78.9475633540176,0.617493193333333,114262.697154668,230905.995205567,363355.001300573,6,7.89583333333333,8.52083333333333,6.55166666666667,1414.32698412698,920.34126984127,,75.3269108014727,1.27213333333333,,
"1991-01-01",52129.41995433,95679.56242306,85.4291616463589,84.5442272704486,80.0603373847183,0.740998636666667,111475.587186965,227651.55228593,362513.197684517,6,8.16666666666667,8.20833333333333,6.26366666666667,1497.68360655738,967.23606557377,,74.1554973255495,1.30776666666667,,
"1991-04-01",52976.8170655,95741.13179407,86.3813370819787,85.5462562981586,81.1246522836114,0.94113109,113842.902937287,232013.270102895,364594.833850123,6,7.77083333333333,8.08333333333333,5.93333333333333,1687.27868852459,1093.81147540984,,74.7146583545498,1.4751,,
"1991-07-01",53865.47752361,96739.07325095,87.5505121786479,86.5499410467342,82.232811857928,1.15320733333333,113999.467125566,232526.970192528,367105.510345556,6.66666666666667,7.85416666666667,7.95833333333333,6.10033333333333,1707.84307692308,1108.97076923077,,77.5440115788347,1.5185,,
"1991-10-01",54650.2267293,97588.1707694,88.4139978453371,87.0687242780698,83.1204775360747,1.44127278333333,116108.087622106,237268.539759652,372155.130631709,7,7.04166666666667,8.08333333333333,6.56833333333333,1665.73174603175,1066.35714285714,,74.9007552471787,1.4346,,
"1992-01-01",55231.03354725,98634.32264527,89.255853159931,87.2817301824473,83.8923287697554,1.85128225666667,115214.975531316,235325.751897327,368768.593214881,7,7.875,7.91666666666667,6.32766666666667,1786.64126984127,1120.6,,73.6317833237166,1.45616666666667,,
"1992-04-01",55663.2144347,98846.40813527,90.1123894635934,87.6352143114694,84.6839413958894,2.22906544,115094.549440238,235394.039101174,373882.748630172,7,9,9.08333333333333,6.77666666666667,1887.60169491525,1177.34237288136,,72.6554867428712,1.47703333333333,,
"1992-07-01",55810.30721224,98027.08191987,90.5232193279213,87.7952507924464,85.1755878309713,2.69110175333333,117107.973942471,237723.212146114,375248.207273936,6.66666666666667,7.54166666666667,7.70833333333333,6.671,1812.31818181818,1131.05151515152,,70.7870802707029,1.30313333333333,,
"1992-10-01",56133.17582593,97900.85584177,91.2570457391144,88.3279175339199,85.9652587531664,3.28097501666667,119859.01885691,250525.121365996,379140.88691763,6,6.375,6.25,5.945,1936.81587301587,1159.65555555556,,70.2162090630848,1.38854,,
"1993-01-01",56291.97286651,98330.25400521,91.8564425167027,88.8362599954435,86.8309672915362,3.78979944333333,126282.187831662,266683.685793736,384176.919127475,5.33333333333333,5.54166666666667,5.25,5.04466666666667,2119.51428571429,1285.94444444444,,69.1511366686639,1.50593333333333,,
"1993-04-01",56820.21378028,100232.79441725,92.5901539682852,89.5631095715866,87.6692872578031,4.33752708,128246.33990202,275893.993354738,384725.218397791,5,5.16666666666667,4.97916666666667,4.75233333333333,2231.05081967213,1389.54360655738,,70.1046458749017,1.45994333333333,,
"1993-07-01",57363.59120359,101265.01922106,92.9947608368118,90.1814175427104,88.1140567539839,4.74530506,129703.098717286,282972.176967537,390972.995458008,4.5,4.79166666666667,4.625,4.49333333333333,2418.88787878788,1530.46318181818,,68.261400462196,1.47735666666667,,
"1993-10-01",57276.88908308,102092.53144068,92.87502726043,90.5442312875311,88.2867337029863,4.88178189333333,132769.042009685,294188.563077633,398502.08165043,4.16666666666667,4.41666666666667,4.27083333333333,4.197,2737.8078125,1725.07921875,,67.9105698406328,1.46723333333333,,
"1994-01-01",57395.71393621,102953.76378151,92.6430737126308,90.7312197595112,88.3469545006911,4.84778436333333,134678.367875669,301453.731831,405299.322747992,4,4.20833333333333,3.85333333333333,4.435,2970.2625,1894.3553125,91.6851214748592,68.7684986700442,1.45329333333333,,
"1994-04-01",57394.21486181,102163.7811694,92.4169763355483,90.9231717946221,88.2598657846047,4.7496623,135345.298631769,305017.211394565,408034.678542408,3.5,4,4.03633333333333,5.14733333333333,2728.8262295082,1782.5006557377,91.4595778411552,68.1424788509625,1.40936333333333,,
"1994-07-01",57552.59221726,103152.75983816,92.3754407916702,90.8866387766669,88.5801396868988,4.61894654666667,136008.610688877,306174.474810676,408894.457932772,3.5,3.91666666666667,4.09566666666667,5.467,2591.25846153846,1717.74815384615,93.8947953354962,67.7849227889769,1.31171,,
"1994-10-01",57871.20568914,103741.21642179,92.460599963808,90.8898538742643,88.6975848337026,4.40481416333333,138382.510835519,309817.361757405,413939.858252466,3.5,3.5,3.92333333333333,5.422,2566.82222222222,1693.31682539683,93.5058142860645,67.1629382341486,1.29640333333333,,
"1995-01-01",58318.67979503,103428.88535775,93.4225255561477,91.0301358481989,89.5569224635002,4.25090214333333,138839.387963443,304955.35708537,409355.21711067,3.33333333333333,3.52083333333333,3.66666666666667,5.27533333333333,2567.1515625,1679.85453125,96.2515628702879,66.6358219506903,1.24343666666667,,
"1995-04-01",58593.20434454,104030.77991388,93.6637481241784,91.4059001525267,89.968532034973,4.17168254666667,143299.850212199,316004.321523028,414628.404872281,3,3.16666666666667,3.09266666666667,4.94733333333333,2700.52833333333,1769.6575,98.9809677129385,66.7507082976704,1.15419666666667,,
"1995-07-01",59006.24346641,105059.81684528,93.9283815904911,91.7676426296827,90.3217433808488,4.13709852666667,147351.202310974,326354.98795723,421005.420498554,2.33333333333333,2.45833333333333,2.47166666666667,4.71466666666667,2900.346875,1908.12453125,97.9741932320566,66.3831036364654,1.18141666666667,,
"1995-10-01",59164.72089679,105003.04028428,94.0179658328622,91.9132262614285,90.4007323117437,4.1365975,152888.30907015,339913.589001579,426334.464368733,1.83333333333333,1.875,1.83966666666667,4.17566666666667,3164.74677419355,2043.08758064516,100.242704562355,65.2998329914898,1.15082666666667,,
"1996-01-01",59754.82911648,105129.97524325,94.3148173341326,91.6135303827498,90.5300649618367,4.24686511666667,161254.416357534,354820.483521167,439093.186898673,1.5,1.375,1.50766666666667,4.40033333333333,3370.7380952381,2182.15428571429,98.3958617646338,64.2683877991807,1.19078333333333,,
"1996-04-01",59906.60366421,105546.67689972,94.3927819087237,92.292976324656,90.7003002909128,4.46245880666667,159726.342068233,355398.07251422,444896.157691409,1.5,2.125,2.02033333333333,4.546,3608.435,2325.51116666667,94.9767510276128,64.466432238913,1.24363,,
"1996-07-01",60091.57210025,104741.98392096,94.378183300167,91.6616460746558,90.8535251000751,4.67052477333333,164816.891597108,362606.731441603,452332.972714456,1.33333333333333,1.70833333333333,1.91366666666667,4.428,3669.82461538462,2355.41953846154,95.5749319691757,64.8382304100283,1.22297333333333,,
"1996-10-01",60634.73361485,105122.52687022,94.845169321016,91.5890220822388,91.0815909734768,4.97886989666667,168279.344354265,366541.184151069,455323.498643945,1,1.54166666666667,1.437,4.16066666666667,3833.634375,2452.32328125,90.9627280973433,62.8206774061401,1.28665333333333,,
"1997-01-01",61097.53983386,106175.18053502,95.0977057047353,91.460685132587,91.2178837912313,5.29791910333333,172364.07518611,371246.519697451,463807.970938889,1,1.58333333333333,1.61,3.77633333333333,4345.39166666667,2767.499,85.2620310367652,62.643284024646,1.43735,,
"1997-04-01",61562.34766859,106225.9466305,95.0898253921613,91.3215641353017,91.1915193194255,5.27706243333333,178493.46626684,383457.104219159,468800.246890417,1,1.04166666666667,1.35633333333333,3.62566666666667,5055.33709677419,3198.20596774194,85.6771620727133,62.3438041187784,1.44540333333333,,
"1997-07-01",61877.79306933,107419.94746085,95.1598270261105,91.3577199758618,91.2719371033517,5.12304575333333,181132.499255119,386001.414697568,469976.041502911,1,1.125,1.268,3.66033333333333,5658.53692307692,3612.16261538462,85.5267996502439,62.7974944173899,1.48980666666667,,
"1997-10-01",62590.16743221,108061.01694837,95.3401794161013,91.2593271805762,91.3699949607878,4.79356953333333,183669.111549452,389417.803856544,470754.315789563,1,1.22916666666667,1.56366666666667,3.61866666666667,5784.7390625,3653.19953125,88.0339296075051,61.881410309032,1.43269,,
"1998-01-01",62729.85459688,109208.95600583,95.2117962592706,91.2730387733354,91.2588271586828,4.51239676666667,194123.06684017,396133.76628508,474789.610394671,1,0.875,1.084,3.05233333333333,6865.82258064516,4265.23612903226,87.9947046277304,62.1349989743703,1.47602,,
"1998-04-01",63085.44414612,110451.96981877,95.2891178460597,91.343354622106,91.2297296724644,3.96222790666667,189217.561131876,389864.78949413,472843.13545606,1,1.66666666666667,1.48533333333333,3.277,7568.18,4750.29266666667,85.8700182232719,61.729098864172,1.49315333333333,,
"1998-07-01",63306.41331361,110303.78972593,95.2154325627207,91.2386482009818,91.364737615431,3.50013139333333,193104.908666246,393223.890842121,473217.862146073,1,1.29166666666667,1.553,3.088,7402.72727272727,4644.23106060606,87.0761863513414,62.1653030176853,1.47043323333333,,
"1998-10-01",63769.54941175,109672.96736897,94.9411750388457,90.8730020017921,91.2658171963364,3.22118113666667,193894.405486261,392333.092781677,472640.591777016,1,1.04166666666667,1.14933333333333,2.761,6548.25555555556,4139.88095238095,90.0311348276961,62.0147322750523,1.35964666666667,,
"1999-01-01",64038.15299117,109896.6320139,95.0740516322847,90.947503903472,91.5559931224637,3.04028574666667,203324.461862508,401888.478337006,478642.656471321,1,1.04166666666667,1.00866666666667,2.56966666666667,7158.53650793651,4518.93095238095,88.9295666456922,62.4720622237748,1.42519333333333,,
"1999-04-01",64292.51883024,110483.40192244,95.1407673295656,90.8459513320215,91.7245876822164,2.78126788,211049.100979968,409503.201616411,479794.350602811,0.5,1.41666666666667,0.879,2.73033333333333,7137.56885245902,4606.52295081967,86.6250990839333,62.2598547977413,1.51396333333333,,
"1999-07-01",64782.86530078,111924.86786037,95.389888991469,91.51545376487,92.2710954755596,2.56365982,212080.927825896,410649.200638809,482628.433273321,0.5,0.972144,0.988666666666667,3.21333333333333,7011.27424242424,4610.12712121212,86.0301868906849,61.8313255585923,1.5281,,
"1999-10-01",65631.46805266,114707.91347452,95.6759398579371,91.5818810840834,92.5183644972387,2.34291363,206339.482477911,400304.585151047,479189.796381371,0.5,1.11320266666667,1.81766666666667,3.644,7222.05555555556,4770.47777777778,85.1999248187888,61.4851631839105,1.54136333333333,1499646,
"2000-01-01",65962.85917492,115870.39345097,96.0435414629076,91.9061405099309,93.0380009309652,1.97113454333333,206719.165374878,392596.012204066,472516.539306315,2.33333333333333,1.99459166666667,2.22,3.93566666666667,7138.4625,4870.855625,83.1308071356776,61.3429003382699,1.62846,1526980,
"2000-04-01",66457.00001119,116755.99816895,96.0285769663869,92.2064534409282,93.1385209039516,1.83812502666667,203193.554051636,385262.52120315,467910.952777641,3.16666666666667,2.88356266666667,2.944,4.09133333333333,7649.76666666667,5205.66916666667,83.6701506075786,61.0621725427565,1.67462333333333,1523407,
"2000-07-01",67195.47981364,118640.3739487,96.4198232187723,92.7694334169495,93.6802346814126,1.75934386,201653.38395489,379155.347690235,471236.513378272,3.5,2.96539333333333,3.27233333333333,3.92333333333333,8068.2578125,5566.32703125,83.755138063757,61.2129015310465,1.70728,1535839,
"2000-10-01",67559.78682808,120434.95426114,96.6356782570135,92.9557288476366,93.9552184345562,1.61940422333333,202081.435768345,377331.268038296,474016.638952486,3.5,3.13780733333333,3.28,3.75,7968.62857142857,5546.43206349206,84.2389128143106,59.6503839138542,1.74500666666667,1539840,959284
"2001-01-01",68123.02375739,120760.44169169,96.6835000544963,93.3921296643662,94.0352968420345,1.51551158666667,199812.478412937,369756.413390544,478493.363599893,3.41666666666667,3.28023966666667,3.19166666666667,3.43866666666667,7661.88095238095,5301.00904761905,85.5954433648495,60.8987839019067,1.66182,1513388,964597
"2001-04-01",68793.01286247,121094.43989119,96.8618740182134,93.2676178801428,94.4642562447008,1.60187486,205145.850942629,374684.574885494,486762.992196956,3.25,3.21493833333333,2.964,3.48933333333333,7349.03,5083.86366666667,84.2519878075688,60.2183275768179,1.75062666666667,1529863,964118
"2001-07-01",68986.01170893,121356.21596304,96.7852042365456,93.4289669371949,94.6927903563956,1.69556996,208613.679757256,378312.295306828,489059.660179839,2.91666666666667,2.792525,2.685,3.32533333333333,6539.86153846154,4519.36892307692,85.9909619109103,60.2807554885034,1.69218666666667,1457307,969053
"2001-10-01",68698.76329643,120763.88647737,96.2646173410802,93.3640605795108,94.3154300322808,1.89649434333333,219254.414630054,394611.764812001,501066.919659104,2.08333333333333,1.84920766666667,1.86433333333333,3.27366666666667,6242.42096774194,4251.21112903226,87.8704921917775,61.2163829355004,1.64582666666667,1508743,963470
"2002-01-01",68531.68049015,120565.76242764,96.0871560920812,93.126122653917,94.620323793877,2.118567,216882.979808909,397954.148639305,500054.574869322,1.75,1.32574466666667,1.557,3.612,6373.16774193548,4354.33290322581,87.0271551266231,61.2553904899503,1.68059333333333,1523442,957671
"2002-04-01",68450.33555875,120447.21965989,96.0910094242957,92.7955647107848,95.034526507497,2.35563199666667,222254.928688985,406215.34202671,505482.755276403,1.41666666666667,1.110247,1.22366666666667,3.43066666666667,6438.76825396825,4445.30492063492,88.6909480187299,60.0156940130327,1.59428333333333,1481760,953388
"2002-07-01",68599.27596803,120791.28457715,96.1281805682514,93.1321195681977,95.0325583587231,2.59802441666667,232353.118306379,421340.976499442,515342.403164202,0.75,0.605097,0.557333333333333,3.067,5202.12424242424,3626.715,90.1357347737618,60.6206671597338,1.48861,1447635,965303
"2002-10-01",68756.89924564,120707.89373243,96.4311594899474,93.4736214851236,95.247265898339,2.96486214666667,239127.423269871,436137.455833232,525239.475665085,0.75,0.462246333333333,0.403666666666667,2.686,4889.55161290323,3405.21596774194,90.5181783265643,60.3069451447364,1.47094333333333,1457853,975068
"2003-01-01",69294.93382009,120716.02548265,96.9920220158754,93.8495290384753,95.6635747339331,3.29437895666667,264156.073913331,468439.191583636,542087.09626865,0.625,0.408841333333333,0.269666666666667,2.436,4328.04193548387,3033.87032258065,92.1067900074364,60.0224985762836,1.36674333333333,1452821,977583
"2003-04-01",69432.37855794,121022.56508767,97.2507566275022,94.3656869155501,95.4811312695695,3.60349681666667,273793.636774898,483523.750826766,551387.861061174,0.375,0.125905666666667,0.130333333333333,2.54133333333333,4618.35833333333,3287.77716666667,90.3514721625222,61.2296755706882,1.33728666666667,1498982,984878
"2003-07-01",69743.05380452,122145.34370682,97.395463400081,94.2661126079575,95.4944605284924,3.77453414,286638.005454306,499630.622279264,565480.071379363,0.375,0.103396666666667,0.112666666666667,2.77266666666667,5092.36212121212,3641.41136363636,87.5926485850406,62.1137940563327,1.37503,1509784,987982
"2003-10-01",70330.91467551,123781.84731969,97.5260274504553,94.4303325508081,95.7155506943272,3.87325,288848.565459118,501970.81224466,564718.530530086,0.375,0.119146,0.12,2.885,5281.80483870968,3811.71338709677,88.2104420164908,61.9316533051287,1.30754333333333,1540665,990067
"2004-01-01",70830.616952,124328.9932852,97.4600668545617,94.2771315726383,95.7724358011075,3.91242638666667,294551.115420608,508776.042961304,568789.952393985,0.375,0.103002333333333,0.133333333333333,2.72166666666667,5731.88571428571,4158.60063492063,87.7626234973973,63.0571755405227,1.25440666666667,1567199,1005118
"2004-04-01",71267.28488763,125710.98759979,97.7310463145013,94.5467312020231,96.2536565989855,3.90886249,291818.377101882,507747.509305305,571887.955877571,0.416666666666667,0.193895666666667,0.227,2.91233333333333,5727.69836065574,4217.96032786885,88.6647980322135,62.8638784705003,1.27803333333333,1576877,1015637
"2004-07-01",71451.50573471,125151.94735647,97.8449525291712,94.229786850524,96.3817312251559,3.87847644666667,281709.779591845,498281.136938647,573445.77204118,0.583333333333333,0.301092666666667,0.484666666666667,2.844,5486.88333333333,4061.90606060606,88.4065669153639,64.4252883680936,1.25730666666667,1578539,1026481
"2004-10-01",71967.11049227,126510.16508299,98.2608380832423,95.0165703682917,97.0153711485516,3.81844755333333,274478.352699003,491413.834496464,579143.80764591,0.75,0.543859333333333,0.619333333333333,2.48266666666667,5546.0859375,4118.4778125,90.1749597535364,64.2126853279176,1.18423666666667,1591150,1044446
"2005-01-01",72363.86803221,127561.23138597,98.4680084598781,94.9872703665034,97.1166434245251,3.78027498666667,280065.138697715,495609.932426018,584900.625734157,0.75,0.713129666666667,0.689666666666667,2.32833333333333,5859.80129032258,4382.29838709677,88.4980918681714,65.1529018989677,1.17738,1594697,1054127
"2005-04-01",72806.25397682,129069.46093636,98.7126060291652,95.0913534013107,97.2350424090268,3.81324527333333,284108.339538843,500912.936724578,599904.204058461,0.75,0.647675666666667,0.648666666666667,2.029,6073.87603174603,4596.92952380952,87.5599611018951,64.9120520090176,1.22706666666667,1635877,1065480
"2005-07-01",73318.43414124,131060.52382784,98.8615633745852,95.478242289366,97.5234793522302,3.78721698666667,289657.305166459,507046.54512792,607570.817658887,0.75,0.676623,0.671333333333333,1.94433333333333,6590.37621212121,5024.12257575758,85.2914497715962,66.2618083403769,1.27426333333333,1673851,1088829
"2005-10-01",73798.96525896,133123.19002506,99.2586348413038,95.9768536116687,98.068288320928,3.68218331,288227.720288482,504290.131853923,607448.510926035,0.833333333333333,0.655746,0.837666666666667,2.08033333333333,7272.74375,5511.92109375,85.3698997311455,66.19471218181,1.30199666666667,1713179,1097827
"2006-01-01",74359.31814415,135626.89965661,99.6854503607785,96.6166734856148,98.3562762750502,3.53362277,283754.981248417,496647.507905724,609237.61828565,1.08333333333333,0.925625666666667,1.00233333333333,2.30733333333333,7876.68296875,5998.735625,84.2552565558833,67.6528667882125,1.29666,1748881,1122959
"2006-04-01",75087.31492511,137470.42595959,100.126528595322,97.1564948334312,98.4966806681125,3.3961593,280898.176903819,491415.929177254,608717.063500915,1.33333333333333,1.18095233333333,1.24433333333333,2.76666666666667,7752.10766666667,6022.877,84.9613061918265,68.0728507618836,1.24536,1739017,1134892
"2006-07-01",75685.38505138,139284.92963391,100.536701915969,97.761845990675,98.7104789628016,3.27166774333333,283225.66576468,490011.766719115,619072.644739077,1.58333333333333,1.46610533333333,1.44,2.55266666666667,7986.65171875,6217.18609375,83.9643379558882,69.0687698041967,1.23736666666667,1790237,1154079
"2006-10-01",75913.43128209,141688.17088167,100.69944225329,98.1771352770843,98.5290009552293,3.12323388666667,276133.837304685,478646.559538519,625141.614286817,1.83333333333333,1.76446033333333,1.75766666666667,2.44166666666667,8654.73349206349,6776.11492063492,83.1308071356776,71.9218598770313,1.23598666666667,1835327,1190914
"2007-01-01",76795.13241488,143916.07011368,100.961664153113,99.197992126939,98.4554265863877,2.95880470666667,270960.928916918,468493.660235689,625836.359925528,2.08333333333333,1.906575,2.04533333333333,2.62566666666667,9040.14285714286,7174.96793650794,81.3624142975051,73.3147381499223,1.23506666666667,1877103,1211776
"2007-04-01",77655.1222084,146867.29878296,101.601149331403,99.6644166572843,98.997434807342,2.78466347666667,268574.649276969,461915.505014058,627264.645380512,2.33333333333333,2.21710733333333,2.284,3.009,9302.52083333333,7536.4635,80.4177460345997,73.5047120611477,1.22263333333333,1902264,1236060
"2007-07-01",78439.47626383,148577.40786238,102.018371384409,99.9519265826814,99.3278263349982,2.68251808,263751.330297719,452726.378218391,631018.809761066,2.58333333333333,2.33801066666667,2.32,3.071,8882.79328125,7244.555,79.9503150256188,73.4900743378754,1.19821666666667,1895969,1248804
"2007-10-01",79416.70580689,150109.19892621,102.787969735183,100.165641896475,100.201189642276,2.6264669,268877.973656417,454929.821824848,640240.76755148,2.75,2.03611133333333,1.99733333333333,3.00133333333333,8751.32935483871,7132.44693548387,80.3556398166232,73.2182874219824,1.14554666666667,1901687,1268830
"2008-01-01",79912.47098885,152454.32049773,103.321846224513,100.815610978928,100.886219414688,2.55161657333333,268565.6384023,451514.82330886,645322.67489113,2.75,2.12564733333333,1.92466666666667,3.01033333333333,7541.31,6168.07655737705,83.4151882390436,74.033569046833,1.06745333333333,1846377,1278597
"2008-04-01",80719.40696662,154217.5717364,103.881326057671,100.857858705668,101.655061659808,2.50966897666667,261751.054537035,443754.407684788,644293.421851122,2.75,1.83589533333333,1.59166666666667,3.272,7399.78444444444,6194.74984126984,83.8924254929681,73.8769849692341,1.03170333333333,1842907,1297022
"2008-07-01",81257.70647988,155337.95216648,104.061607189668,101.075246351815,102.269994926983,2.52290269666667,262253.978609575,441898.122135999,642848.397460612,2.75,1.85187433333333,0.979333333333333,2.92566666666667,6987.42046153846,5854.78861538462,82.2155576076031,74.820366453424,1.07393666666667,1835251,1329688
"2008-10-01",80858.97421165,152034.6873021,103.531244028939,102.061170334336,101.80788333315,2.71781081333333,325874.792037554,525441.219751833,655324.743815943,1.33333333333333,0.193853333333333,0.116,2.37933333333333,5813.85806451613,4797.48467741935,85.1476248457559,75.8159690044232,1.15926666666667,1765173,1339969
"2009-01-01",80887.80941766,149323.17929252,102.908327755489,102.02381159965,100.846022933096,3.11755022666667,368463.144619207,590488.905117761,670702.328691282,0.458333333333333,0.049379,0,2.19,5041.01387096774,4193.50080645161,86.9062114389847,77.1196758495962,1.15617,1776743,1351341
"2009-04-01",81109.28629217,149460.73744578,102.953222638021,101.550764316144,100.911837501227,3.60223204666667,376844.46849242,609505.62036524,682270.756290447,0.375,0.0295446666666667,0,2.40333333333333,5289.781,4535.44766666667,86.6904740502243,76.0037274764506,1.11284915204678,1815078,1349354
"2009-07-01",81688.57210457,151420.43368732,103.110771799673,101.473864249186,101.258321092013,4.02403892333333,386749.391879024,626669.551363671,690791.835585235,0.375,0.019893,0,2.157,5935.16409090909,5111.26424242424,86.6250990839333,76.3958602144901,1.06285531714662,1861257,1353462
"2009-10-01",82148.37688862,152488.35708017,103.313067880784,101.637250298124,101.64963652142,4.11460587333333,393456.75904067,638858.932496264,700673.861760048,0.375,0.0402,0,2.06033333333333,6377.0780952381,5489.82285714286,87.9718233895286,76.1963915638449,1.02069231601732,1875425,1365892
"2010-01-01",82821.63701651,154250.97736262,103.501089066864,101.826645470827,101.942734008454,3.70050283666667,404411.421248878,655170.809838297,714169.818787309,0.375,0.0390706666666667,0,1.96066666666667,6651.0173015873,5755.55857142857,87.8443422052611,77.8192798991817,1.05792286634461,1901737,1383801
"2010-04-01",83102.37701927,155669.7864965,103.569259097534,102.045314535925,101.945961965957,3.62579216666667,423599.938782409,681025.785793828,735415.203155637,0.375,0.0343803333333333,0,1.649,6511.52508196721,5740.57704918033,88.1744857850308,77.8555972774626,1.10811227272727,1879156,1396378
"2010-07-01",83284.56277751,156311.02006306,103.141380730511,101.983844902614,101.563234399375,3.47193708333333,425122.09907857,687661.517245808,740158.52034286,0.375,0.163970333333333,0.079,1.35466666666667,6276.01151515152,5547.68166666667,92.211389953502,80.0325827807758,1.03190448089922,1892079,1412945
"2010-10-01",83748.90169496,157778.86019067,103.33679541628,102.095841853344,101.99522275046,3.2588085,429940.61915092,696744.555202031,753692.016583966,0.375,0.0891826666666667,0.0266666666666667,1.56333333333333,6485.07546875,5785.02625,93.7150141781958,80.7901047408223,0.973682962962963,1913619,1427187
"2011-01-01",83808.44970203,158467.81723308,103.395154538726,102.007772374781,102.518470342364,3.06487228666667,438847.685143718,709781.360964978,765275.103107551,0.375,0.0880436666666667,0.079,1.882,6498.4953125,5854.91421875,95.5487819826593,82.9233353199757,0.942176739130435,1934295,1448583
"2011-04-01",84118.8765273,159440.04652265,103.243453995277,102.000802421607,102.403099603278,2.78507547666667,441741.264933676,717754.304688878,776014.880123408,0.375,0.0432356666666667,0.0926666666666667,1.89033333333333,6377.33901639344,5858.53409836066,99.0986426522624,83.692250967326,0.871184642160958,1944369,1493744
"2011-07-01",83846.05460919,158836.36050439,102.764513697413,101.902412845924,101.909078718086,2.71831472,470836.941357853,752389.567494694,798927.220036864,0.208333333333333,0.016277,-0.467333333333333,1.19066666666667,5564.33215384615,5085.30861538462,104.560721085878,86.3196827332823,0.827315541125541,1922093,1529472
"2011-10-01",84470.75975193,158972.95886745,102.427157514748,101.940375217358,101.550132469292,2.77713328,480368.714671952,765503.972703781,811066.7757917,0.125,0.0137163333333333,-0.279,0.922333333333333,5686.84796875,5150.08625,97.1145124253295,86.5663877125412,0.91149119047619,1955057,1558324
"2012-01-01",85034.63275959,160110.44824605,102.221882836584,102.152447230931,101.600733788425,2.8238766,484201.55906569,774728.48329737,818373.547555692,0.125,-0.00226,-0.083,0.769666666666667,6149.81046875,5589.0934375,96.4248065309591,88.9117465948996,0.921127575757576,1982939,1612899
"2012-04-01",84961.9694179,160570.88747959,102.13543181355,102.148946377932,101.411580827907,2.85509793333333,501839.07365207,800304.422780106,844948.702675396,0.125,0.00902566666666667,-0.542333333333333,0.674333333333333,5992.97133333333,5570.6445,95.9181505422036,89.5861895850225,0.936490417710944,1984561,1635328
"2012-07-01",85128.63003492,161282.93935767,102.092804466504,101.699777403172,101.321850499405,2.91803409666667,522131.056970903,826812.237567389,870152.186352107,0.125,-0.0196233333333333,-0.396333333333333,0.576333333333333,6402.74578125,5924.763125,93.9569015534726,91.4331537706676,0.961954841649579,2021654,1649056
"2012-10-01",85476.60634673,161806.19439375,101.802715759184,102.092352722736,101.214196741895,3.02864659666667,535954.812559088,845461.043087947,891008.252996575,0.125,0.015075,-0.212,0.561333333333333,6738.00129032258,6207.92338709677,94.2053264253786,91.6669617288813,0.931165087719298,2049594,1680848
"2013-01-01",86044.06511486,162257.29761014,101.71305647937,101.980032658976,101.216412323547,3.10113653,541403.090765139,855017.650405433,896731.787789778,0.125,-0.026847,-0.104333333333333,0.752333333333333,7503.30114754098,6921.95475409836,93.4306330748298,93.6043633075004,0.930410789473684,2102941,1707393
"2013-04-01",86560.8235383,163624.74110911,101.586382493998,102.05939871494,101.020946006712,3.14991552333333,541907.753476475,857322.52192904,901536.471799044,0.125,-0.009408,-0.127333333333333,0.810666666666667,7842.40836065574,7365.28524590164,93.02857703214,93.900836545885,0.941814132553606,2093248,1725697
"2013-07-01",87044.7572029,164379.01918029,101.642751174699,101.826098783968,101.238955780699,3.18557832,550285.301331051,868558.222510139,913532.259664685,0.125,0.00121166666666667,-0.074,1.11633333333333,7940.83230769231,7519.21692307692,93.50254553775,94.2428054106564,0.931948333333333,2121545,1738818
"2013-10-01",87243.20792649,164826.17870413,101.598854712187,101.861504462342,101.194574842337,3.19902608666667,554405.070120804,872793.77521629,920780.987775023,0.125,0.0131643333333333,-0.0926666666666667,1.118,8113.01435483871,7722.16177419355,94.515857515261,95.2247988351537,0.903440935672515,2166917,1762308
"2014-01-01",87002.2107631,165348.46539622,101.576372143694,101.690847172136,101.188937230618,3.06589582333333,568743.083834206,890611.548353851,937381.781731908,0.125,-0.013909,-0.0983333333333333,0.963,8334.87467741936,8002.73790322581,95.3330445938989,95.8292972448838,0.893037192982456,2207034,1780483
"2014-04-01",87256.31560776,166278.99694086,101.49690245498,101.414360968506,101.145501128973,3.0327498,566415.247491832,891735.832485083,937805.259914301,0.125,-0.0326176666666667,-0.111333333333333,0.781333333333333,8551.0725,8407.853,95.2840133691806,96.5148174309965,0.888643968253968,2229775,1808982
"2014-07-01",87536.20114613,166826.74470652,101.34099000521,101.191301772911,101.205963474747,3.03401095,565509.173860511,893304.875391199,944420.556254095,0.125,-0.00540766666666666,-0.0886666666666667,0.578,8612.69476923077,8513.32707692308,94.2184014186368,96.6778104577038,0.918591666666667,2244767,1828716
"2014-10-01",87697.2233231,167252.4502908,101.155758733528,100.78317372187,101.080260861293,3.03846949333333,568149.253931161,895911.44616372,951277.480615119,0,-0.0153826666666667,-0.207,0.448666666666667,8802.91919354839,8661.94435483871,93.3162268838205,98.0748031176768,0.964331361231361,2269891,1843665
"2015-01-01",87855.92024465,166460.9051365,100.499050672698,100.557871907738,100.451932638294,3.07046564,573729.063417721,903766.778035874,957415.051011855,-0.75,-0.721722,-1.08133333333333,-0.0176666666666667,8827.9435483871,8749.46790322581,100.644760605045,99.883709222814,0.952613297131718,2279644,1863103
"2015-04-01",88082.4889041,166482.12234472,100.023927280812,99.9793267191451,100.021863881796,3.16128337,570399.658496532,901687.815477289,957245.783158926,-0.75,-0.725392666666667,-1.101,0.0366666666666667,9164.83633333333,9280.10316666667,101.700566310645,99.3508169728753,0.941432615629984,2276859,1874345
"2015-07-01",88581.75330168,167129.68504758,99.765052073098,99.8197402814592,99.7913959782479,3.21850254333333,569867.432720356,902433.461404098,957056.042022933,-0.75,-0.72772,-0.885666666666667,-0.0863333333333333,9005.00106060606,9148.67060606061,99.546461171356,100.146476136258,0.964726623376623,2269675,1884343
"2015-10-01",88654.4180778,167632.612868,99.7119699733923,99.6430610916577,99.7348075016614,3.27366678666667,560604.721000744,908895.163855756,967310.103057036,-0.75,-0.722562666666667,-1.04833333333333,-0.207333333333333,8781.36590909091,9008.42287878788,98.1082119129532,100.618997668052,0.990752775879091,2309597,1920018
"2016-01-01",88856.08626864,168294.68651376,99.6459454502852,99.6851179781189,99.4622490172243,3.30282163333333,573807.101642583,922746.017968991,974370.257004857,-0.75,-0.731583,-0.860666666666667,-0.379666666666667,8026.83861538461,8383.31107692308,98.029761953404,102.290467420087,0.994749973302821,2311656,1930987
"2016-04-01",89377.75280972,169464.10818528,99.8456420195754,99.6521527562372,99.6250418743127,3.33646469666667,579151.936163838,925976.131189046,979463.950290319,-0.75,-0.740584333333333,-0.992,-0.350333333333333,7956.75698412698,8582.21174603175,98.1703181309297,100.532595539332,0.97050670995671,2339129,1932636
"2016-07-01",89658.6147429,170283.6622639,99.8647638963134,99.4010714031997,99.5998480857074,3.34371260666667,587337.381725185,934327.490442186,986398.450424704,-0.75,-0.740494666666667,-1.09033333333333,-0.509,8174.19015384615,8877.99769230769,98.1212869062115,100.254716165644,0.975490893719807,2369521,1938472
"2016-10-01",90334.28817777,169682.7579843,99.8923450643903,98.9113202241879,99.5776673420432,3.31575956333333,595810.230472432,943849.888592509,997230.113838802,-0.75,-0.729826333333333,-1.026,-0.209,7990.6675,8729.41,97.9022807691365,99.4617471784305,1.00083,2402435,1948254
"2017-01-01",90756.2067944,169622.78822264,100.225080264291,98.8552225668409,99.9750660495621,3.17077572333333,603183.664895456,952714.573741729,1003501.78633352,-0.75,-0.733176666666667,-0.894666666666667,-0.128333333333333,8491.176875,9319.2078125,98.2945305668827,99.4235308522656,1.00413333333333,2445767,1972796
"2017-04-01",90974.27920108,169805.26646103,100.42053933982,98.6728844450271,99.9874877929579,3.13159768,617285.055502127,965673.388021455,1018601.2557897,-0.75,-0.735963333333333,-0.927333333333333,-0.0886666666666667,8894.39266666667,10076.2818333333,97.7846058298126,100.18643316465,0.985233333333333,2484224,1999492
"2017-07-01",91565.76497388,171833.92919419,100.711152046795,99.3171169387419,100.064859716595,3.07313618333333,627639.526813639,976267.358284754,1028154.24075675,-0.75,-0.735979,-0.912,-0.0123333333333333,8996.9171875,10252.4828125,95.6468444320958,102.369194634444,0.962566666666667,2523361,2010834
"2017-10-01",92075.94582249,173634.00388244,101.155687861305,99.3229423640902,100.369265387903,2.97034145,637681.491302462,980835.434738969,1032486.82040134,-0.75,-0.739976333333333,-1.009,-0.059,9279.38444444444,10626.693015873,92.8063021467505,101.974055228921,0.986833333333333,2559237,2037028
"2018-01-01",92628.34065655,175165.80008081,101.544889650605,99.2334016016216,100.679614566008,2.81191087,644894.0470916,989173.753964282,1036031.87560196,-0.75,-0.745955666666667,-0.898666666666667,0.091,9078.7414516129,10474.5451612903,93.348914366966,101.701239716258,0.9476,2550175,2053682
"2018-04-01",92938.00828943,178232.09229571,101.844177621617,99.8093700772357,100.970724761224,2.50373518,648251.434078092,991051.929651367,1041352.32265226,-0.75,-0.729372666666667,-0.855333333333333,0.0333333333333333,8723.56442622951,10388.5680327869,91.8583651355305,102.45053290214,0.984663333333333,2572962,2075134
"2018-07-01",93286.55267012,177941.81198019,102.063168131075,99.9966691382593,101.182107614136,2.44747381,658287.086701361,1001209.43337234,1051303.04002836,-0.75,-0.749529,-0.848,0.041,8966.29140625,10701.481875,94.2739701399842,103.19262591063,0.983696666666667,2590224,2081771
"2018-10-01",93468.72207569,178521.24100474,102.019148260028,100.154700578036,101.312043150275,2.39800694666667,671835.817811879,1014807.27221219,1065178.74392376,-0.75,-0.733659333333333,-0.972333333333333,-0.0326666666666667,8837.25161290323,10382.8651612903,94.107263975942,104.754510545194,0.995606666666667,2549030,2090087
"2019-01-01",93672.48725998,178420.97649837,101.716165418718,100.025920960354,101.285129592553,2.35931062666667,677901.005771676,1024025.37020679,1074516.6940914,-0.75,-0.736086666666667,-0.775,-0.266,9146.24387096774,10734.1124193548,93.6757891984212,105.878054709875,0.997116666666667,2628087,2101549
"2019-04-01",93992.95664556,179104.88646469,101.656712504599,99.7691103646858,101.634060217017,2.27886945333333,681923.138620041,1028796.19714231,1080481.29894759,-0.75,-0.736276666666667,-0.802666666666667,-0.398,9671.53193548387,11645.7692063492,93.7378954163977,105.51258636504,1.00207,2666173,2126441
"2019-07-01",94045.27276294,179450.9850294,101.503737763733,99.5162877095281,101.425196467204,2.26291495,682072.335461776,1027209.91471932,1079421.55095287,-0.75,-0.746216666666667,-0.89,-0.776333333333333,9888.93363636364,12008.5948484848,95.7089506500723,106.165824437125,0.985576666666667,2689461,2143986
"2019-10-01",93978.86216836,180348.92418266,101.354464741,99.4811186046378,101.265555333087,2.31318709,675297.141956527,1015497.18284114,1073375.78507245,-0.75,-0.699573333333333,-0.834666666666667,-0.515666666666667,10264.5233870968,12425.1304761905,94.5060512703173,108.444324529402,0.990073333333333,2739220,2161994
"2020-01-01",91911.474536,177032.77300934,101.412533582607,99.1352478876732,101.134174136494,2.51135875666667,690307.950352199,1026031.61067819,1088914.12723874,-0.75,-0.691836666666667,-0.758,-0.632666666666667,10199.4165079365,12352.5079365079,96.9706874994893,107.767428731596,0.967753333333333,2659454,2189598
"2020-04-01",85581.23721986,164706.41927515,101.065679462779,98.6742421817341,100.405318769954,3.44934521333333,712349.738958358,1050470.9594159,1114218.30576256,-0.75,-0.66049,-0.729,-0.465666666666667,9772.862,12086.5421666667,98.3599055331737,109.495550428836,0.96425,2740075,2215022
"2020-07-01",92813.38770228,176651.91073989,101.062066271622,98.9951404615243,100.532404982939,3.45217298666667,720750.982797513,1059848.80810871,1124702.10331351,-0.75,-0.707696666666667,-0.743333333333333,-0.479666666666667,10268.9778787879,12744.9777272727,98.6900491129434,109.860306668215,0.919686666666667,2773396,2233078
"2020-10-01",91129.35867308,177652.14957316,100.940903850609,99.1967670660599,100.595643981738,3.35586197666667,735202.963919003,1075993.79143448,1142631.71508204,-0.75,-0.721798,-0.792333333333333,-0.517333333333333,10311.6992063492,12836.3379365079,98.2324243489062,112.614334959769,0.90417,2833089,2257668
"2021-01-01",88571.18163463,179027.24416249,100.880302679592,99.5224929332757,100.678273337515,3.32237825333333,746652.873016779,1087791.81044147,1150917.25931234,-0.75,-0.724541666666667,-0.766,-0.316666666666667,10850.3919047619,13564.8206349206,96.2090691421987,112.411622273155,0.904443333333333,2910531,2291592
"2021-04-01",91925.04905279,184986.45601904,100.994217224468,100.374628073524,100.911307351375,3.18584037666667,754986.256148455,1091321.11897867,1156597.6976464,-0.75,-0.724405,-0.774,-0.181333333333333,11404.9491803279,14643.333442623,95.084619721993,114.091874659154,0.910656666666667,2971894,2344495
"2021-07-01",94429.80319436,189528.88794311,101.415713699198,100.47197621382,101.353377620031,2.87518425,765231.519699016,1093824.36591632,1161674.95646891,-0.75,-0.705830333333333,-0.767333333333333,-0.295333333333333,12129.3634848485,15613.2163636364,95.1728759264859,116.518650932037,0.918183333333333,2988935,2395623
"2021-10-01",95403.70673651,190967.13137047,102.004692535078,100.831206564969,102.064489544241,2.55851004333333,767392.312365727,1091723.1926866,1158373.12466047,-0.75,-0.686465666666667,-0.821,-0.135666666666667,12298.914375,15785.9884375,95.5716632208612,119.141177082627,0.9221,3030587,2437718
"2022-01-01",96960.59284278,193886.0913067,102.644004675613,102.261561971923,102.740813920483,2.35224220666667,777845.918632739,1095493.03498493,1158888.71799732,-0.75,-0.698908,-0.779,0.328333333333333,12144.03671875,15413.4375,95.3232383489552,117.82132918044,0.92367,3009506,2488854
"2022-04-01",98605.2645575,198155.40997096,103.682808295652,103.456642700993,103.900487145272,2.20674246666667,777636.364703645,1092808.88609958,1155555.9714647,-0.583333333333333,-0.529780333333333,-0.581666666666667,0.917333333333333,11586.8608196721,14871.793442623,93.7444329130268,119.10359373909,0.96459,2934244,2517209
"2022-07-01",100178.88307747,199165.88344424,104.72220356552,103.699951633772,104.765329777474,2.08361112666667,777665.117253392,1088198.12096748,1162243.48687797,0,0.0157523333333333,0.138666666666667,0.823,10879.7090769231,14025.4112307692,96.6993813893815,119.826776391568,0.966546666666667,2910149,2563293
"2022-10-01",100462.35227803,199892.19848542,104.782259115953,103.990559657444,105.077019841525,2.00150423,749543.224960757,1057262.10824927,1159614.29214699,0.666666666666667,0.624029,0.597,1.24666666666667,10809.74546875,13814.35515625,95.4736007714246,121.311991005317,0.964523333333333,2951311,2591231
"2023-01-01",101728.92103289,200919.85710869,105.708572403396,104.221880328327,106.020027176723,1.96764347333333,702861.752779696,1014645.84172149,1152039.75448184,1.16666666666667,1.100896,1.136,1.31,11114.253125,14352.240625,96.003137998382,118.648795720879,0.924633333333333,2992212,2599857
"2023-04-01",102153.32013992,200278.17325887,105.726094826593,104.096914505948,106.126813194726,1.97825849333333,669515.108354764,978178.367833462,1140292.97109318,1.58333333333333,1.52269433333333,1.46533333333333,0.964666666666667,11353.3013333333,14940.07,97.8074870680145,119.394923993622,0.8985,3018578,2619337
"2023-07-01",102759.39388264,201028.81556125,106.144691689295,104.305653678658,106.43954088866,2.04712561666667,635313.075060271,941797.769917608,1129236.55149067,1.75,1.70752266666667,1.73866666666667,1.006,11058.3409375,14573.750625,99.7589298118018,119.477844717889,0.8836,3014252,2654569
"2023-10-01",103377.29044579,201802.17691339,106.395966240556,104.454494916711,106.788060768426,2.14388617,618402.410483135,925632.943632245,1136611.51782995,1.75,1.70057666666667,1.61833333333333,0.841333333333333,10803.09,14149.4393650794,99.8994859893275,120.871355973408,0.887226666666667,3028108,2686962
"2024-01-01",104257.18749937,204582.2616699,106.723371789393,105.502424572607,107.249027634873,2.25339345333333,600339.250838208,912582.955583526,1134792.93787292,1.66666666666667,1.62009366666667,1.59566666666667,0.765666666666667,11391.4483870968,14877.24,100.618610618529,119.017428978855,0.8745,3099732,2703383
"2024-04-01",104952.97065436,205844.49318899,106.978096155205,105.577846913196,107.570766232104,2.38117974333333,603996.754133252,924983.261531401,1142635.88771908,1.41666666666667,1.37014466666667,1.27966666666667,0.722333333333333,11748.4026229508,15620.4791803279,97.8630557893619,,0.90426,3123732,2724990
"2024-07-01",105779.81694765,206963.52029297,107.227411907469,105.692771511717,107.57011963368,2.53236403333333,609493.83529016,936130.297603446,1148891.87084763,1.25,1.128529,0.935666666666667,0.437,12120.4549230769,16113.0147692308,98.3860555196901,,0.89181,3143619,2757369
"2024-10-01",106283.10962578,207352.3393121,107.186385145818,105.688912156313,107.49893383214,2.63901453333333,632762.837996525,968944.754792616,1158509.0016607,,0.780999,0.529666666666667,0.352333333333333,11862.5367741935,15804.3316129032,,,,,
"2025-01-01",,,,,107.623486086139,2.69868415,,,,,0.355159,0.178333333333333,0.431,12530.2668627451,16627.4035294118,,,,,
