"date","pce_nom","gdp_nom","pce_defl","gdp_defl","cpi","ur","m1","m2","m3","policy","ibr_3m","gov_10y","reer","rrppi","xr_usd","hfwh"
"1946-01-01",,,,,,,,,,3.5,,,,,,
"1946-04-01",,,,,,,,,,3.5,,,,,,
"1946-07-01",,,,,,,,,,3.5,,,,,,
"1946-10-01",,,,,,,,,,3.5,,,,,,
"1947-01-01",,,,,,,,,,3.5,,,,,,
"1947-04-01",,,,,,,,,,3.5,,,,,,
"1947-07-01",,,,,,,,,,3.5,,,,,,
"1947-10-01",,,,,,,,,,3.5,,,,,,
"1948-01-01",,,,,,,,,,3.5,,,,,,
"1948-04-01",,,,,,,,,,3.5,,,,,,
"1948-07-01",,,,,,,,,,3.5,,,,,,
"1948-10-01",,,,,,,,,,3.5,,,,,,
"1949-01-01",,,,,,,,,,3.5,,,,,,
"1949-04-01",,,,,,,,,,3.5,,,,,,
"1949-07-01",,,,,,,,,,3.5,,,,,,
"1949-10-01",,,,,,,,,,3.5,,,,,,
"1950-01-01",,,,,,,,,,3.5,,,,,,
"1950-04-01",,,,,,,,,,3.5,,,,,,
"1950-07-01",,,,,,,,,,4.5,,,,,,
"1950-10-01",,,,,,,,,,4.83333333333333,,,,,,
"1951-01-01",,,,,,,,,,5,,,,,,
"1951-04-01",,,,,,,,,,5,,,,,,
"1951-07-01",,,,,,,,,,5,,,,,,
"1951-10-01",,,,,,,,,,5,,,,,,
"1952-01-01",,,,,,,,,,5,,,,,,
"1952-04-01",,,,,,,,,,5,,,,,,
"1952-07-01",,,,,,,,,,5,,,,,,
"1952-10-01",,,,,,,,,,5,,,,,,
"1953-01-01",,,,,,,,,,5,,,,,,
"1953-04-01",,,,,,,,,,5,,,,,,
"1953-07-01",,,,,,,,,,4.83333333333333,,,,,,
"1953-10-01",,,,,,,,,,4.5,,,,,,
"1954-01-01",,,,,,,,,,4.5,,,,,,
"1954-04-01",,,,,,,,,,4.83333333333333,,,,,,
"1954-07-01",,,,,,,,,,5.5,,,,,,
"1954-10-01",,,,,,,,,,5.5,,,,,,
"1955-01-01",,,,,,,,,,5.5,,,,,,
"1955-04-01",,,,,,,,,,5.5,,,,,,
"1955-07-01",,,,,,,,,,5.5,,,,,,
"1955-10-01",,,,,,,,,,5.5,,,,,,
"1956-01-01",,,,,,,,,,5.5,,,,,,
"1956-04-01",,,,,,,,,,5.5,,,,,,
"1956-07-01",,,,,,,,,,5.5,,,,,,
"1956-10-01",,,,,,,,,,5.5,,,,,,
"1957-01-01",,,,,,,,,,5.5,,,,,6.90714000590714,
"1957-04-01",,,,,,,,,,5.5,,,,,6.90714000590714,
"1957-07-01",,,,,,,,,,5.5,,,,,6.90714000590714,
"1957-10-01",,,,,,,,,,5.5,,,,,6.90714000590714,
"1958-01-01",,,,,,,,,,5.5,,,,,6.90714000590714,
"1958-04-01",,,,,,,,,,5,,,,,6.90714000590714,
"1958-07-01",,,,,,,,,,4.66666666666667,,,,,6.90714000590714,
"1958-10-01",,,,,,,,,,4.5,,,,,6.90714000590714,
"1959-01-01",,,,,,,,,,4.5,,,,,6.90714000590714,
"1959-04-01",,,,,,,,,,4.5,,,,,6.90714000590714,
"1959-07-01",,,,,,,,,,4.66666666666667,,,,,6.90714000590714,
"1959-10-01",,,,,,,,,,5,,,,,6.90714000590714,
"1960-01-01",,,,,,,,,,5.5,,,,,6.90714000590714,
"1960-04-01",,,,,,,,,,5.5,,,,,6.90714000590714,
"1960-07-01",,,,,,,,,,5.5,,,,,6.90714000590714,
"1960-10-01",,,,,,,,,,5.5,,,,,6.90714000590714,
"1961-01-01",,,,,,,,,,5.5,,,,,6.90714000590714,
"1961-04-01",,,,,,,,,,6.16666666666667,,,,,6.90714000590714,
"1961-07-01",,,,,,,,,,6.5,,,,,6.90714000590714,
"1961-10-01",,,,,,,,,,6.5,,,,,6.90714000590714,
"1962-01-01",,,,,,,,,,6.5,,,,,6.90714000590714,
"1962-04-01",,,,,,,,,,6.5,,,,,6.90714000590714,
"1962-07-01",,,,,,,,,,6.5,,,,,6.90714000590714,
"1962-10-01",,,,,,,,,,6.5,,,,,6.90714000590714,
"1963-01-01",,,,,,,,,,6.5,,,,,6.90714000590714,
"1963-04-01",,,,,,,,,,6.5,,,,,6.90714000590714,
"1963-07-01",,,,,,,,,,6.16666666666667,,,,,6.90714000590714,
"1963-10-01",,,,,,,,,,5.66666666666667,,,,,6.90714000590714,
"1964-01-01",,,,,,,,,,5.5,,,,,6.90714000590714,
"1964-04-01",,,,,,,,,,5.83333333333333,,,,,6.90714000590714,
"1964-07-01",,,,,,,,,,6.5,,,,,6.90714000590714,
"1964-10-01",,,,,,,,,,6.5,,,,,6.90714000590714,
"1965-01-01",,,,,,,,,,6.5,,,,,6.90714000590714,
"1965-04-01",,,,,,,,,,6.5,,,,,6.90714000590714,
"1965-07-01",,,,,,,,,,6.5,,,,,6.90714000590714,
"1965-10-01",,,,,,,,,,6.5,,,,,6.90714000590714,
"1966-01-01",,,,,,,,,,6.5,,,,,6.90714000590714,
"1966-04-01",,,,,,,,,,6.5,,,,,6.90714000590714,
"1966-07-01",,,,,,,,,,6.5,,,,,6.90714000590714,
"1966-10-01",,,,,,,,,,6.5,,,,,6.90714000590714,
"1967-01-01",,,,,,,,,,6.5,,,,,6.90714000590714,
"1967-04-01",,,,,,,,,,6.5,,,,,6.90714000590714,
"1967-07-01",,,,,,,,,,6.5,,,,,6.90714000590714,
"1967-10-01",,,,,,,,,,6.83333333333333,,,,,7.10474667046905,
"1968-01-01",,,,,,,,,,7.33333333333333,,,,,7.5000000065,
"1968-04-01",,,,,,,,,,6.83333333333333,,,,,7.5000000065,
"1968-07-01",,,,,,,,,,6.16666666666667,,,,,7.5000000065,
"1968-10-01",,,,,,,,,,6,,,,,7.5000000065,
"1969-01-01",,,,,,,,,,6.33333333333333,,,,,7.5000000065,
"1969-04-01",,,,,,,,,,8.33333333333333,,,,,7.5000000065,
"1969-07-01",,,,,,,,,,9,,,,,7.5000000065,
"1969-10-01",,,,,,,,,,9,,,,,7.5000000065,
"1970-01-01",,,,,,,,,,9,,,,52.9163106774424,7.5000000065,
"1970-04-01",,,,,,,,,,9,,,,52.1343081973774,7.5000000065,
"1970-07-01",,,,,,,,,,9,,,,50.6758978578475,7.5000000065,
"1970-10-01",,,,,,,,,,9,,,,49.9209983208804,7.5000000065,
"1971-01-01",,,,,,,,,,8,,,,54.3757895917898,7.5000000065,
"1971-04-01",,,,,,,,,,7.5,,,,53.6657701971569,7.5000000065,
"1971-07-01",,,,,,,,,,7.5,,,,54.4432069484563,7.44033333483333,
"1971-10-01",,,,,,,,,,7.5,,,,56.2830984978267,7.26501852701443,
"1972-01-01",,,,,,,,,,7,,,,58.9931985212867,6.99816666566667,
"1972-04-01",,,,,,,,,,7.33333333333333,,,,60.456466019078,6.97666666566667,
"1972-07-01",,,,,,,,,,8,,,,59.9410243843916,6.93333333233333,
"1972-10-01",,,,,,,,,,7,,,,61.2657657285713,6.888999999,
"1973-01-01",,,,,,,,,,7,,,,63.1841489554438,6.52566666566667,
"1973-04-01",,,,,,,,,,7,,,,62.9494510682591,6.07866666566667,
"1973-07-01",,,,,,,,,,8,,,,64.4439015220877,5.654999999,
"1973-10-01",,,,,,,,,,8.33333333333333,,,,63.6599561787182,5.93866666566667,
"1974-01-01",,,,,,,,,,10,,,,61.369028913206,6.44566666566667,
"1974-04-01",,,,,,,,,,10,,,,57.1067753957734,5.97433333233333,
"1974-07-01",,,,,,,,,,10,,,,55.6378735943991,6.05866666566667,
"1974-10-01",,,,,,,,,,10,,,,57.4045191971895,5.90093333233333,
"1975-01-01",,,,,,,,,,9,,,,60.525437666388,5.53026666566667,
"1975-04-01",,,,,,,,,,8,,,,61.2405085056127,5.472599999,
"1975-07-01",,,,,,,,,,7.66666666666667,,,,63.2606977696415,5.913599999,
"1975-10-01",,,,,,,,,,7.5,,,,63.6006988479306,6.06813333233333,
"1976-01-01",,,,,,,,,,7.83333333333333,,,,63.706002039035,6.147199999,
"1976-04-01",,,,,,,,,,8.5,,,,61.9471278894627,6.07626666566667,
"1976-07-01",,,,,,,,,,8.5,,,,62.2283573527905,6.07763333233333,
"1976-10-01",,,,,,,,,,11,,,,62.4157465185104,5.878999999,
"1977-01-01",,,,,,,,,,9.66666666666667,,,,61.970927964943,5.889999999,
"1977-04-01",,,,,,,,,,9,,,,63.8437510473248,6.00903333233333,
"1977-07-01",,,,,,,,,,9,,,,64.6360507029037,6.054499999,
"1977-10-01",,,,,,,,,,9,,,,64.6453764467653,6.05923333233333,
"1978-01-01",,,,,,,,,,9,,,,66.0250036792974,5.68193333233333,
"1978-04-01",,,,,,,,,,9,,,,67.5414084884669,5.65066666566667,
"1978-07-01",,,,,,,,,,8,,,,68.416959836644,5.51196666566667,
"1978-10-01",,,,,,,,,,8,,,,67.139041498103,5.21393333233333,
"1979-01-01",,,,,,,,,,8,,,,68.1186331762366,5.15583333233333,
"1979-04-01",,,,,,,,,,8.33333333333333,,,,69.444540238399,5.363499999,
"1979-07-01",,,,,,,,,,9.66666666666667,,,,67.1289386089196,5.235999999,
"1979-10-01",,,,,,,,,,11,,,,65.3072128314464,5.288499999,
"1980-01-01",,,,,33.3666666666667,,,,,12.3333333333333,,,,62.5626269843313,5.536199999,
"1980-04-01",,,,,34.3666666666667,,,,,13,,,,58.888186759678,5.63983333233333,
"1980-07-01",,,,,35.3333333333333,,,,,12.6666666666667,,,,58.2653047842523,5.49416666566667,
"1980-10-01",,,,,36.0333333333333,,,,,11,,,,57.223347194044,5.87356666566667,
"1981-01-01",,,,,36.9666666666667,,,,164905.742914166,11,,,,55.4377586740347,6.47173333233333,
"1981-04-01",,,,,38.5333333333333,,,,168601.916922051,11,,,,51.0351332828513,7.149699999,
"1981-07-01",,,,,39.5,,,,170842.672421238,11,,,,48.0181580004439,7.63513333233333,
"1981-10-01",,,,,40.4,,,,174224.302310111,11,,,,47.8127002059921,7.236899999,
"1982-01-01",,,,,41.2666666666667,,,,179884.358921253,11,,,,46.4248158044158,7.770566666,
"1982-04-01",,,,,42.2333333333333,,,,181874.54651292,11,,,,45.73723648095,8.10963333266667,
"1982-07-01",,,,,43.3,,,,187127.460869805,11,,,,43.5879439503365,8.65136666633333,
"1982-10-01",,,,,44.3666666666667,,,,191416.243162071,10.3333333333333,,,,43.5380123634106,8.79819999966667,
"1983-01-01",,,,,44.7333333333333,8.2,,,204465.843797963,9.5,,,,46.8747829457402,8.533399999,
"1983-04-01",,,,,45.3666666666667,8.43333333333333,,,219519.421804758,7.5,,14.1095,,52.0365821731606,8.861099999,
"1983-07-01",,,,,45.9,8.46666666666667,,,233405.112281522,7.5,,14.9043333333333,,52.1221653017242,9.506566666,
"1983-10-01",,,,,46.8666666666667,8.4,,,240992.827620398,7,,14.176,,52.5371609035674,9.678899999,
"1984-01-01",,,,,47.5666666666667,8.26666666666667,,,252117.196974442,7,,13.5163333333333,,54.7079220736957,9.84619999966667,
"1984-04-01",,,,,48.4,8.03333333333333,,,262292.143078911,7,,14.8126666666667,,54.8816140531189,9.943999999,
"1984-07-01",,,,,48.8666666666667,7.83333333333333,,,272206.016675144,7,,14.919,,54.939414236428,10.6313,
"1984-10-01",,,,,49.6333333333333,7.56666666666667,,,286517.915502664,7,,14.4563333333333,,56.5204192504725,11.0048666663333,
"1985-01-01",,,,,50.2333333333333,7.3,,,291808.86645913,7,,13.5506666666667,,58.05965270347,11.6434666656667,
"1985-04-01",,,,,51,6.96666666666667,,,304426.108629439,7,,11.8353333333333,,59.8055096689021,11.0798333333333,
"1985-07-01",,,,,50.9333333333333,6.4,,,319160.707597949,7,,10.6346666666667,,64.1243976516611,10.2946333333333,
"1985-10-01",,,,,51.3666666666667,5.8,,,337457.178680547,7,,10.3026666666667,,65.1321608477101,9.36763333333333,
"1986-01-01",,,,,51.3666666666667,5.23333333333333,,,353603.219407933,7,,9.607,,68.8464297701058,8.63706666666667,
"1986-04-01",,,,,53.0333333333333,4.93333333333333,,,354215.337148444,7,,9.10966666666667,,66.9203722331805,8.305233333,
"1986-07-01",,,,,53.0666666666667,4.9,,,356743.198644175,7,,10.482,,65.1417780210674,7.84603333333333,
"1986-10-01",,,,,53.6333333333333,4.86666666666667,,,366822.484276082,7,,10.9983333333333,,65.3998874110715,7.57563333333333,
"1987-01-01",,,,,53.9,5,,,371613.487890042,7,,11.435,,60.7752898873479,6.94983333333333,
"1987-04-01",,,,,54.7333333333333,5,,,378349.801796116,7,,11.115,,59.7315837201655,6.80143333333333,
"1987-07-01",,,,,55.1333333333333,5,,,370439.555261567,7,,11.137,,58.8934324906002,7.0378,
"1987-10-01",,,,,55.7333333333333,5,,,379021.725797304,7,,11.4503333333333,,57.6909943914394,6.5722,
"1988-01-01",,,,,56.4333333333333,5.16666666666667,,,369248.951913546,7,,10.2016666666667,,57.7663774876543,6.4191,
"1988-04-01",,,,,57.2333333333333,5.43333333333333,,,386619.665551972,7,8.6712,10.2263333333333,,56.7891172454861,6.52533333333333,
"1988-07-01",,,,,57.5,5.8,,,389188.303146719,7,8.37226171340737,9.72433333333333,,57.577531174456,7.13223333333333,
"1988-10-01",,,,,58.2666666666667,6.23333333333333,,,398381.495821569,7,8.10372683982684,9.38266666666667,,57.2523930004464,6.84943333333333,
"1989-01-01",,,,,59,6.6,,,411384.579103691,7,8.15546343214756,9.36966666666667,,56.0038118978034,7.1861,
"1989-04-01",,,,,60,6.8,,,403221.580306588,7,8.87242133069829,9.785,,55.1783864228827,7.52713333333333,
"1989-07-01",,,,,60.3,6.9,,,402969.309216823,7,9.45781552795031,9.46466666666667,,53.8472336297981,7.47866666666667,
"1989-10-01",,,,,61.1,7,,,414459.575867726,7,11.12435,10.206,,52.3645374989618,7.0488,
"1990-01-01",,,,,61,7,,,423543.485648726,7.33333333333333,12.235160685112,11.0153333333333,,50.0544730299002,6.51876666666667,
"1990-04-01",,,,,61.4333333333333,7.06666666666667,,,426260.690647179,8.16666666666667,11.4002891649413,10.459,,49.9065239892618,6.3968,
"1990-07-01",,,,,61.8666666666667,7.23333333333333,,,437065.329162129,8.5,10.5229157444005,10.44,,48.3233818255824,6.0823,
"1990-10-01",,,,,62.4666666666667,7.36666666666667,,,447568.05103539,8.5,10.5536553704749,10.6003333333333,,47.5538136706662,5.75636666666667,
"1991-01-01",110071,222143.2,66.1433840937712,64.5982433551164,62.4666666666667,7.5,210475.232843397,332232.620779028,391506.395460183,9.5,10.480844599724,9.67433333333333,,48.5219424553032,5.877,
"1991-04-01",110626.8,221935.5,66.266638994787,64.5107292104113,63.1,7.8,222277.894113405,347185.525545904,402837.318636847,9.16666666666667,9.95929106060607,9.177,,48.6396799715565,6.65243333333333,
"1991-07-01",112009.5,224635.1,66.210486684608,64.620349768688,63.3,8,238351.151233226,359502.127181044,421798.940991131,9.33333333333333,9.56593112491373,9.27133333333333,,48.2869531386228,6.74273333333333,
"1991-10-01",111747.1,221554.3,66.369831045508,64.4395589448494,63.8333333333333,8.16666666666667,242160.067494431,366100.383326377,416987.161332265,9.16666666666667,9.66609618859401,8.92766666666667,,48.2331358250879,6.31366666666667,
"1992-01-01",115118.4,228874.3,66.481113858714,65.3136062007457,63.9666666666667,8.26666666666667,253309.056061557,377740.392931997,448703.693379244,9.5,10.0946391040843,8.6,,47.806191613922,6.28036666666667,
"1992-04-01",115219.3,229046.2,66.7932889634517,66.0135345567741,64.6333333333333,8.36666666666667,257272.992643244,385434.763828727,452200.02481543,10,10.3098624098124,8.871,,47.3130929072375,6.23583333333333,
"1992-07-01",115644.6,232367.1,67.1187859099931,65.3080662768886,64.6333333333333,8.66666666666667,255842.77219246,384664.048906133,454370.328228926,10.25,11.5338967877533,9.45266666666667,,46.4108271886234,5.64816666666667,
"1992-10-01",115836.2,233033.5,67.2940421931981,65.817276674274,64.8,9.13333333333333,253542.688660602,381933.159073397,442370.988257935,12.9666666666667,14.8526376309681,9.02633333333333,,45.0970630221142,5.98016666666667,
"1993-01-01",114262.6,230083.7,67.3120527639926,65.607981742729,64.7666666666667,9.6,258259.677159449,386041.051017078,460927.358647428,11.5,15.0873115182885,8.48733333333333,,44.5255697810927,6.28903333333333,
"1993-04-01",113472,229463.5,67.2335255277099,65.7443881869289,65.2666666666667,9.9,267767.643954029,402148.081340636,474850.652027793,8.81666666666667,9.33944516594517,7.51033333333333,,43.8866591834048,6.21078,
"1993-07-01",115418.6,233331.4,67.7445266732659,66.2847258204782,65.4,9.56666666666667,275075.121781263,417720.294660457,494616.496135036,10.1666666666667,10.9751787878788,6.85,,45.8667283201955,6.7351,
"1993-10-01",118924.8,235040.8,68.2092254466687,66.318451566012,65.7333333333333,9.06666666666667,301476.819695587,432136.098901766,505733.574968252,7.41666666666667,8.07103296630905,6.36733333333333,,48.2847188458226,6.70084333333333,
"1994-01-01",123539.2,242144.6,68.8160182434177,66.6616362893775,65.9666666666667,8.4,300221.857208399,433905.161334434,519359.654640483,6.08333333333333,6.33040852311939,6.32733333333333,101.326834090347,50.9024357191533,6.72536,
"1994-04-01",125835.5,247471.1,69.1766019883887,67.0080199880237,66.5333333333333,7.83333333333333,296969.413323808,428097.835323794,509002.405612857,5.7,6.11165678210678,7.535,102.10742498743,50.468885772752,6.51537,
"1994-07-01",127341.6,248421,69.4879002766086,66.9736550850542,66.7666666666667,7.5,294247.36747212,418748.604452538,498251.080093034,5.5,6.4474044168392,8.60266666666667,103.467493843047,49.5700200649208,6.15607,
"1994-10-01",128682.9,254330.9,70.1065804517196,67.4417162929647,67.1333333333333,7.2,286297.087363978,411912.97571988,489822.649162796,5.5,6.31964213564213,8.83633333333333,103.87312841402,50.0178500566102,6.04540666666667,
"1995-01-01",129238.7,257595.9,70.5768992709159,67.5724758338533,67.4666666666667,6.9,286610.561275247,412944.064110995,498445.83937909,6,6.4954303030303,8.96,104.759388821188,50.9178814824241,5.86413666666667,
"1995-04-01",130977.1,257770.6,70.6879142268871,67.8913119356155,68.0666666666667,6.8,288343.55494798,418010.417724798,500726.632869475,6.4,6.85463425559947,8.44366666666667,107.970378450237,52.3147030552011,5.46549,
"1995-07-01",131240.3,258159.4,70.7085236243297,67.7417071100939,68,6.7,292096.878461697,421571.240048002,503264.039126937,5.7,6.11009937888199,8.08766666666667,107.097752818564,53.6471187094336,5.55944,
"1995-10-01",132212.7,262069.3,70.745949578896,68.3206637223968,68.4,6.63333333333333,297236.038657756,425736.532360423,507505.585623555,4.96666666666667,5.35096782106782,7.583,107.384083103957,54.8912312264762,5.5204,
"1996-01-01",134966.5,264899.3,71.0494165668727,68.8639174038732,68.7333333333333,6.66666666666667,305033.252814781,435834.559993414,521620.830580389,4.2,4.45195686680469,7.349,106.22512718689,55.4681644847502,5.67745333333333,
"1996-04-01",136012.7,271569.4,71.7231206514223,68.8342140879032,69.4333333333333,6.53333333333333,309966.5792051,444061.942512868,533493.823517983,3.76666666666667,3.92509963768116,7.411,104.469649841922,56.3035957056892,5.87289666666667,
"1996-07-01",136659.5,274635,72.1377010431022,69.4872960212822,69.6,6.26666666666667,317911.272437818,456736.162592573,547437.24238582,3.56666666666667,3.89376403789447,7.26466666666667,105.171840779909,57.8393320047386,5.77704333333333,
"1996-10-01",137944.9,276043.4,72.6208080988953,69.826899479402,70.0333333333333,5.8,329747.60732025,468364.138435324,563202.666673201,3.5,3.66297506744463,6.74766666666667,104.132189148423,59.830475462365,5.86729333333333,
"1997-01-01",139978.9,280801,72.6109396147807,70.0741753808331,70.2,5.46666666666667,325891.129032344,472036.118748811,573353.558380527,3.5,3.64710117322291,6.40033333333333,101.623390457362,61.2011655236964,6.32519666666667,
"1997-04-01",143358.7,286127.4,73.0800988692093,70.2935124446591,70.8666666666667,5.23333333333333,332576.872602227,475553.967059993,578746.575424062,3.5,3.64181673881674,6.48333333333333,101.050729886576,62.2661460440632,6.52492333333333,
"1997-07-01",141411,286169.6,73.4762737253854,70.6128845752162,71.2666666666667,5.16666666666667,342141.897755944,473860.36023734,580474.756206407,3.5,3.64696110170023,6.16866666666667,99.2407134396278,63.2754635307558,6.8839,
"1997-10-01",146622.9,291074.5,73.7040339412802,71.6122850823732,71.5333333333333,5.1,351126.424619813,496092.98469626,607535.405948829,3.75,3.98863188405797,5.958,100.99959947847,63.7138706354183,6.68381666666667,
"1998-01-01",146097.1,293907.4,74.0273464347344,71.2211954423983,71.6666666666667,4.96666666666667,356568.397532011,491746.313362469,599851.799751709,3.75,3.89725151515152,5.304,100.859843029647,64.8109084003095,6.92980666666667,
"1998-04-01",147753.5,292116.1,74.3663293505079,71.3559429984301,72.2666666666667,4.86666666666667,362539.368216424,499604.299017813,607021.987568239,3.91666666666667,4.21417207792208,5.118,101.602938294119,66.9527209072006,6.83679666666667,
"1998-07-01",149486.4,298026.7,74.5092107834887,71.6082298642957,72.3666666666667,4.86666666666667,370549.046956919,517214.459981612,630737.135362228,4.33333333333333,4.47363557939645,4.81933333333333,103.504989475658,67.7953407223663,6.71496666666667,
"1998-10-01",151355.5,301167.8,74.3767564077977,71.8902592713207,72.7333333333333,4.83333333333333,374853.624053253,516198.88595256,632087.098083029,4.28333333333333,4.50325710521363,4.509,105.880849105644,68.5176972989829,6.32173666666667,2028728
"1999-01-01",150599.2,303705.8,74.9781893323261,71.9032567042041,73.1,5,386491.608364028,525573.032618432,628870.728259833,3.55,3.65384057971014,4.21833333333333,104.524188943901,69.2327681382075,6.62248333333333,2180960
"1999-04-01",149104.5,307769.7,75.2098989786172,72.5420559680573,73.9,4.96666666666667,390877.60760781,531986.48005777,634261.62415983,2.88333333333333,3.13164321789322,4.49666666666667,102.963007149735,69.5305119396236,7.03025,2284668
"1999-07-01",151842.2,310748.5,75.9012847640325,72.9351059990419,74.3,5.16666666666667,392286.565373308,531430.061251011,642416.256759581,2.85,3.18518939393939,5.35133333333333,102.492607395161,70.4594920286747,7.09244333333333,2302688
"1999-10-01",153825.8,318756.3,76.8702815293314,73.5085751864531,74.9,5.3,385776.420089329,535065.088779864,652114.273243675,3.15,3.7806020609825,5.56966666666667,101.906312048881,70.024873507456,7.15978333333333,2374848
"2000-01-01",154747.9,323516.8,77.2614771840701,74.0948784848646,75.4,4.66666666666667,403455.170200868,545026.511356641,657740.220397467,3.58333333333333,3.94480848861284,5.78866666666667,99.9872173979735,70.5869438614505,7.53797,2503641
"2000-04-01",155837.4,329024.9,77.5564785393318,74.5210769635756,76.2666666666667,4.43333333333333,394318.106223041,548130.962785285,656194.833276399,4.3,4.72231357048748,5.67066666666667,98.8384875625282,71.6869930644637,7.97359,2562950
"2000-07-01",156702.7,331469.6,77.9777540162141,74.9481222375962,76.3333333333333,4.1,396803.273867129,515640.387283791,627985.058059953,5.13333333333333,5.84361111111111,5.687,97.8465576452743,73.2748952432392,8.24589666666667,2718693
"2000-10-01",157193.6,341971.3,78.6090302209494,76.0828043155844,76.8666666666667,4.06666666666667,394414.564790058,511298.303467742,620413.792722534,5.4,5.47806998556999,5.421,97.2568536051199,73.3939927638056,8.57512,2559739
"2001-01-01",158193.2,337693.1,78.7971350505791,76.3210860521014,77.2333333333333,4.36666666666667,392746.17859272,511623.790047373,648612.834573106,5.33333333333333,5.25923418972332,5.03166666666667,100.099704295806,74.4252646058392,8.08410666666667,2565294
"2001-04-01",161535.2,340833.6,79.5524128347363,76.533208215399,78.2333333333333,4.33333333333333,403001.109013841,516093.043676784,661355.387286372,5.1,5.06177363699103,5.27066666666667,98.9952874807196,74.4631504402771,8.53543666666667,2639974
"2001-07-01",161845.2,344884.8,80.1468815637394,76.9297569117354,78.2,4.63333333333333,414382.95596999,531657.914097933,687841.017950516,4.58333333333333,4.72449291831357,5.18266666666667,100.120156459049,75.3603647142995,8.36509333333333,2638619
"2001-10-01",160618.9,348864.9,80.1321990740523,77.4255646122405,78.4333333333333,4.7,422812.948232086,545540.590568377,671051.415879359,3.76666666666667,3.76515629901499,4.83166666666667,100.375808499578,74.5211449099167,8.30663333333333,2599301
"2002-01-01",163819.2,348666,80.4737323031568,77.9313904726011,79.1666666666667,4.43333333333333,421591.055415238,543046.102212842,653850.046507006,3.56666666666667,3.6260119910283,5.20866666666667,99.9531304592363,74.926717624733,8.48095666666667,2680282
"2002-04-01",164526.3,351740.7,81.0454426857854,78.4818047614687,80,4.4,419855.719409297,555301.614854783,672827.875566777,3.55,3.70849555335968,5.36366666666667,101.084816825313,75.5996283302499,8.09540666666667,2671773
"2002-07-01",167439.1,355125.5,81.4053238876965,78.8934707247517,80,4.93333333333333,445431.975824926,575334.968251885,707403.037617615,3.48333333333333,3.5696884214819,4.915,103.03118102721,76.0855384427076,7.55118333333333,2659309
"2002-10-01",168251.1,355947.1,81.7687485596139,79.2511485312977,80.5,4.8,445996.088229499,579203.600028417,751301.856049639,3.28333333333333,3.27067981993851,4.73633333333333,103.317511312603,75.613034087051,7.45131,2699372
"2003-01-01",167687.8,357467.9,82.1734160781786,79.3561380004805,81.3333333333333,5,456875.6424405,595548.294464535,776660.295742861,2.86666666666667,2.82511404416839,4.3,105.78540567718,74.651802467145,6.92400666666667,2832357
"2003-04-01",168459.8,355649.3,81.8902256040548,79.5628205230982,81.8333333333333,5.53333333333333,463261.050946058,609839.245991254,820298.873497519,2.5,2.47465728715729,4.116,107.874935021773,75.7846860600044,6.54925,2938877
"2003-07-01",170928.1,359250.6,82.2892435621991,80.1303942425986,81.4666666666667,5.43333333333333,468260.181272177,614786.606024383,818362.336639954,2.15,2.18298583662714,4.30566666666667,106.995492002352,77.4764342824059,6.61183666666667,2969198
"2003-10-01",173871.8,366525.5,82.2987779633958,80.2072047442061,81.6666666666667,5.76666666666667,476555.084202164,622753.981941486,830113.330614597,2.15,2.21065760869565,4.50933333333333,107.486343920168,77.5316116002539,6.2656,2937653
"2004-01-01",175534.9,371905.1,82.7683836850771,81.0365455220457,82.1,5.66666666666667,490872.975001922,654502.344814172,909017.31042939,2.15,2.17270948616601,4.24833333333333,108.641891143361,79.6810012740326,5.95788333333333,3141928
"2004-04-01",177211.3,373750.6,82.9816841341741,80.8425701560568,82.7333333333333,5.46666666666667,496452.053481456,657582.01339012,909984.338312293,2.15,2.1914917027417,4.432,107.302274450987,82.5772276020647,6.18007333333333,3191926
"2004-07-01",181659.1,378360,83.1932112736568,81.6780398169683,82.4333333333333,5.6,513169.544303604,676779.113973725,917887.147923683,2.15,2.21261363636364,4.482,107.155700614417,85.5472827356681,6.08556666666667,3281722
"2004-10-01",187847,385658.6,83.5551235205231,82.3468819528565,82.8,5.33333333333333,543439.501024351,700595.476009819,869606.646201511,2.15,2.20337380011293,4.056,107.9362915115,87.2221280473204,5.74070333333333,3384550
"2005-01-01",185198.8,387169.1,83.959102869722,83.0186314180508,83.1,5.23333333333333,563047.158001722,714014.233984047,863445.420857842,2.15,2.19046799516908,3.73,107.622691675117,90.879471074894,5.67623333333333,3658392
"2005-04-01",190013.3,396875.1,84.1545017308213,83.3251586050367,84.1333333333333,5.06666666666667,596587.609877971,767189.152331519,947082.355549482,2.15,2.1725689033189,3.37533333333333,106.876187716772,94.5189397600661,5.91519,3920705
"2005-07-01",192892.9,400386.3,84.4165240182722,84.1786927824833,84.3,4.73333333333333,624005.953362082,789382.070433262,966249.737389708,2.15,2.17075867055649,3.16533333333333,105.67632747322,101.570173551122,6.11861666666667,4065170
"2005-10-01",195162.6,405648,85.7312797474491,84.8207420102403,84.5333333333333,4.16666666666667,646231.196408999,800496.830628052,1025540.31845158,2.23333333333333,2.36318304473304,3.34433333333333,104.779840984431,107.916245105806,6.2776,4173693
"2006-01-01",198193.2,412378.3,85.4078614016824,85.3345658570493,84.8333333333333,4.16666666666667,661890.111238969,830239.361315541,1042505.04153402,2.55,2.67657494071146,3.49966666666667,104.711667106956,115.198776773263,6.20899,4253130
"2006-04-01",202297.4,425289,86.4177494469878,85.4411510659894,85.8333333333333,4.1,679063.519128639,844412.872650041,1053687.08888161,2.83333333333333,2.99156959815547,4.00866666666667,105.860396942402,120.732342894002,5.94106,4246920
"2006-07-01",199567.6,425107.7,86.9697911485198,86.0059641251699,85.9,3.7,682170.798339168,854247.518031932,1089620.27677663,3.16666666666667,3.32728944099379,3.92966666666667,106.071735962573,123.084081780945,5.85578666666667,4451842
"2006-10-01",201891.5,422465.8,87.0211887671985,85.5817985704135,85.9666666666667,3.63333333333333,707477.477184262,884972.959963704,1115950.28739152,3.58333333333333,3.72647438672438,3.81,105.727457881326,121.708728847683,5.78127666666667,4639447
"2007-01-01",204265.2,430399.2,87.1664591389092,86.8578061482539,86.4333333333333,3.9,734836.011141976,930990.290997712,1143548.37326546,3.83333333333333,3.99549351119894,4.00266666666667,106.173996778784,121.514442517232,5.68739666666667,4703763
"2007-04-01",205716.6,428235.5,87.8210296250114,87.3629329898434,87.2,3.6,744212.172579729,944163.650022568,1170249.83252266,4.08333333333333,4.271966873706,4.38766666666667,106.368292329587,122.05203279359,5.52479,4828758
"2007-07-01",208103.7,436325.3,87.8726774483473,87.5155698585627,86.8666666666667,4.03333333333333,756317.095328027,979836.81780415,1216602.61727662,4.25,4.64186592885375,4.44333333333333,105.805857840422,122.750686437891,5.41731666666667,4868394
"2007-10-01",213321.3,448184.3,88.9232919356816,88.9097900927587,87.8333333333333,3.56666666666667,769988.4810244,1001970.10320115,1253150.7746463,4.25,4.85728025911287,4.312,106.491005309041,119.122097787224,5.1453,4842384
"2008-01-01",215322,449961.4,89.7012088578112,89.598647805188,89.0666666666667,3.43333333333333,803191.696101161,1027680.84480331,1320294.41635181,4.25,4.71654120082816,4.08933333333333,107.803352450425,115.900247569357,4.97283333333333,4800539
"2008-04-01",217439.8,453471.1,90.1997693910579,91.1545640599698,90.2666666666667,3.46666666666667,773803.025225012,1010813.30678695,1355338.63666866,4.31666666666667,5.15448369408369,4.508,108.491908612917,114.802724088639,4.77503333333333,4761500
"2008-07-01",216716.8,457642.9,91.2386402160132,92.4822359640253,90.5,3.76666666666667,763714.632113724,1009661.35831109,1370871.18050802,4.6,5.39327468787251,4.54533333333333,107.131839757301,111.522490828471,4.96859,4655064
"2008-10-01",209429.1,448645.5,91.6548223366216,92.3997703336287,90.4,4.13333333333333,772248.518331236,1079190.13566477,1474515.68491185,4.75,5.7859265942029,3.99466666666667,107.015944165594,102.904532068659,5.67606666666667,4585886
"2009-01-01",206951.5,434496.3,91.3711361340816,91.274881979891,90.6333333333333,5.26666666666667,770819.277786322,1080799.15286128,1569824.63065346,2.75,3.85985257575758,3.47733333333333,110.04968171321,96.1280191488607,5.725,4524950
"2009-04-01",209668,426852.7,91.5739521120339,91.3345943717931,91.3666666666667,6.53333333333333,783727.6505412,1070602.11678122,1602711.77812155,1.7,2.65127806637807,3.62433333333333,110.540533631026,96.5607919499402,5.47976666666667,4616809
"2009-07-01",210951.5,432308,92.0019604275432,92.2448763458242,91.4,6.7,794519.222773198,1053106.55056925,1649350.06520209,1.23333333333333,1.92154998745216,3.66133333333333,110.823455222545,97.2915999819314,5.205,4811589
"2009-10-01",211287,435871.9,92.5350641265843,92.8310577379323,91.5333333333333,7.26666666666667,803552.708447247,1037611.080945,1581452.28470294,0.983333333333333,1.56441523935002,3.58233333333333,110.871176936777,96.712821003518,5.0337,4913261
"2010-01-01",215407,445377.9,92.9381826929249,94.0268904196601,92.5333333333333,7.66666666666667,827443.076172919,1031996.27288934,1550946.44182618,0.766666666666667,1.40907622498275,3.488,108.471456449675,96.3161854599025,5.38006666666667,5045035
"2010-04-01",216004.9,451394.1,93.9652354431414,94.8771875981618,93.3666666666667,7.76666666666667,826375.311632315,1017000.46792423,1601165.19927178,0.566666666666667,1.22923872053872,2.99066666666667,105.165023392162,97.4921034749567,5.8554,5064297
"2010-07-01",218673.8,457997.7,94.6438321018656,94.9592003561409,93.5666666666667,7.63333333333333,833593.66990586,1001610.08538627,1447858.19084352,0.5,1.14155303030303,2.519,104.858240943526,98.0320251872799,5.77293333333333,5196917
"2010-10-01",220174.5,458126.1,94.7880996831422,95.522164007366,93.9,7.93333333333333,814927.042232023,988884.099842268,1509087.3817226,0.7,1.21390115440115,2.70666666666667,104.997997392349,96.7253524718321,5.4879,5248147
"2011-01-01",220218.4,461957.9,96.0242902919959,95.6667158456587,95.0333333333333,7.9,802693.833963032,971873.543367871,1340306.34627576,0.7,1.25440424430642,3.19033333333333,104.565093270386,94.6245343806662,5.45673333333333,5226049
"2011-04-01",223495.6,463220.8,96.2188907937979,95.0264501100333,96.2,7.46666666666667,798119.302101796,965294.919004755,1293087.42210708,0.95,1.45866883116883,3.16833333333333,105.911527350507,95.5565259078393,5.18601280701754,5262022
"2011-07-01",223458.9,458384.1,96.0382053493472,95.2626310790123,96.1,7.6,802870.048842106,969111.679407439,1321789.3177125,1.1,1.56774044795784,2.527,105.420675432691,92.5333334628575,5.27703333333333,5341733
"2011-10-01",225179.6,464968.4,96.679022857524,95.8941955419382,96.3333333333333,8.06666666666667,797647.135367899,958088.871095994,1353244.88223007,0.65,1.25510425685426,2.03133333333333,104.370797719584,88.9865393573105,5.55506666666667,5437914
"2012-01-01",226835.4,467540.6,97.9721207147668,96.6568759875834,97.6,7.73333333333333,800379.615641578,959803.415359507,1478784.78869936,0.3,0.998488095238097,1.822,103.365233026835,87.831604265945,5.67093636363636,5537291
"2012-04-01",228922,472945.3,98.4216554025691,97.7972578221736,98.3,8.23333333333333,829713.244889917,989449.34019315,1470898.15494453,0.183333333333333,0.830399585921325,1.44566666666667,102.778937680554,88.5289950490986,5.79458503898635,5568373
"2012-07-01",229009.9,475337.4,98.6438576714314,98.1149847296772,98.4666666666667,7.76666666666667,869147.564979988,1018330.92921142,1464093.33868569,-0.2,0.34687068511199,1.18633333333333,101.187077641525,88.6839383976332,5.95244800043587,5675438
"2012-10-01",231619.5,477114.7,98.8800867611198,98.4717889918521,98.5,7.43333333333333,885069.509967464,1030287.82598901,1390352.68218733,-0.2,0.304319656189222,1.15966666666667,101.473407926918,88.2477655857709,5.75193274509804,5712639
"2013-01-01",232466,478359.9,98.6295523607092,98.0139453341404,98.7333333333333,7.53333333333333,887810.049942643,1040431.32655358,1268646.4605188,-0.1,0.301984126984127,1.643,102.407390048318,89.1536256014983,5.65015555555556,5803996
"2013-04-01",233877.3,481842.4,98.9591925972389,98.5466079191928,99.1333333333333,7.46666666666667,878713.777993118,1026365.04738503,1219509.46282181,-0.1,0.252499604743083,1.53033333333333,102.427842211561,92.0227489864325,5.70182249742002,5730134
"2013-07-01",235346.8,486396.5,99.6017582870053,98.6454593698002,98.9666666666667,7.36666666666667,883966.5816019,1032146.91372851,1201342.09807909,-0.1,0.269169725202334,1.93466666666667,103.320920006477,92.1776923349671,5.630592,5778549
"2013-10-01",235409.1,488956.4,99.6424673471124,99.1420950919136,99.1333333333333,7.1,886479.895790616,1034996.1634375,1198208.39264649,-0.1,0.261788302277433,1.872,104.108328291307,90.711024826393,5.48267669172932,5813195
"2014-01-01",233792.7,490443.2,100.083999872379,99.4325944417877,99.3333333333333,7.03333333333333,910797.739741114,1063608.46176574,1212897.48706388,-0.1,0.279093512767426,1.71433333333333,104.909371351632,91.8374969703475,5.4282,6113935
"2014-04-01",234679,490914.9,99.6997563569548,99.4419923229425,99.7333333333333,6.83333333333333,902979.708775501,1049637.78517637,1230166.49667108,0.05,0.33921052631579,1.47033333333333,104.578728045881,94.9794955064,5.44,6358698
"2014-07-01",235760.8,496525.5,99.8071382348641,99.1279131474742,99.5333333333333,6.93333333333333,923754.426379134,1078443.16272082,1278672.95127249,0.0166666666666667,0.343730629274108,1.08666666666667,103.569754659258,94.6678602323567,5.62583333333333,6537057
"2014-10-01",236485.3,502377.6,99.7121587987744,100.365176946758,99.6,6.86666666666667,954900.133232234,1098950.59902685,1350803.58887277,-0.05,0.297796624713959,1.028,102.894833272261,94.2027387572572,5.95583333333333,6701334
"2015-01-01",236411.2,504223.6,99.9965845554608,99.9804638731605,99.6,6.36666666666667,1003765.84304605,1140453.27181371,1426782.61460391,-0.666666666666667,-0.111539862914863,0.373666666666667,100.495112785159,98.1194540359828,6.61979185185185,7170287
"2015-04-01",238485.2,506154.8,100.03531289786,99.7100959272211,100.333333333333,6.33333333333333,1039790.23226345,1152863.71070356,1473246.04237098,-0.75,-0.188714035087719,0.658666666666667,98.9884700929721,100.692290766979,6.76172114,7060764
"2015-07-01",242012.4,508358,99.7917510963811,99.9840304926098,100.133333333333,6.23333333333333,1042222.80043891,1145810.55612051,1495952.73726053,-0.75,-0.079942123094297,0.904333333333333,100.437164989305,100.693553628127,6.712294,7031244
"2015-10-01",244026.7,511469.4,100.176351450298,100.325409707009,99.9333333333333,6.13333333333333,1053219.96597854,1169041.62153583,1518226.3105148,-0.75,-0.113079329004329,0.825333333333333,100.079252132564,100.494701568911,6.81782033333333,7153042
"2016-01-01",245323.7,516627.5,99.5393034401273,100.102167327126,99.9,5.96666666666667,1063712.21432928,1162955.55426318,1472652.83880155,-0.65,-0.070843253968254,0.613,101.500677477907,103.031498185609,6.770818,7172933
"2016-04-01",248177.9,523204.1,100.203667912978,100.2823575041,100.466666666667,6.06666666666667,1096915.02125557,1212590.43520016,1502983.52224557,-0.65,-0.1177254784689,0.345,101.623390457362,104.640674717568,6.590198,7213717
"2016-07-01",247135.8,526174.1,99.7363015999306,100.035634906492,100.3,6,1117935.16292743,1218519.88323325,1467123.92032657,-0.65,-0.194467344249953,0.0416666666666667,101.452955763675,105.911598748213,6.66746936231884,7374849
"2016-10-01",252549.9,535514.5,100.798527596525,101.27560127245,100.333333333333,5.9,1132242.19479725,1232946.75086962,1463208.88063115,-0.65,-0.193948412698413,0.281666666666667,100.924608213248,104.281342149399,6.89838766666667,7389734
"2017-01-01",255783.9,541217.3,101.158414321822,101.37346407843,100.866666666667,6.1,1143940.65517265,1249706.82626154,1509400.01511457,-0.65,-0.238863306982872,0.298666666666667,100.566695356507,105.713232404823,6.99244164912281,7377848
"2017-04-01",256059.8,549764.2,100.893550068523,101.746902425902,101.3,5.86666666666667,1160551.15765351,1259692.59424063,1514030.51726709,-0.65,-0.238657096171802,0.569666666666667,100.968921233606,109.112077469731,6.76350861666667,7460128
"2017-07-01",255874.6,546795.2,100.668000987451,101.42403755201,101.833333333333,5.93333333333333,1173339.69976245,1279429.41024683,1512521.74591756,-0.65,-0.270607315389924,0.576333333333333,103.048224496579,109.03174007209,6.33535231,7690968
"2017-10-01",262220.9,551812.5,101.408205064234,101.581938458826,101.6,5.4,1191096.83617366,1296030.02927068,1508620.6515378,-0.65,-0.306903907496013,0.461,102.601685599121,107.608495558372,6.32027128666667,7734148
"2018-01-01",265262.1,552789.2,100.879079612603,100.941432678897,101.466666666667,5.2,1206832.57106051,1303706.89403401,1491918.5867293,-0.65,-0.302140151515152,0.660333333333333,102.806207231544,111.200266949418,6.05747242333333,7793790
"2018-04-01",269796,557875,101.509788388479,101.90574732611,102.3,5.13333333333333,1225657.06538625,1320995.20162578,1498760.13931152,-0.65,-0.292315789473684,0.492666666666667,102.571007354257,113.03219275924,6.25033552333333,8019701
"2018-07-01",269776,564956.3,101.861627096801,102.647843115587,102.733333333333,4.9,1236925.19448213,1338598.34817891,1495629.81673988,-0.65,-0.301676548089592,0.337,103.269789598371,113.042295648423,6.41041264333333,7955515
"2018-10-01",268907.3,567921.8,101.816751532007,103.03364843229,102.4,5.26666666666667,1239661.06763534,1336397.49300239,1464413.82571064,-0.65,-0.300844667906688,0.329333333333333,102.049477191577,110.870465903478,6.54025455666667,7638296
"2019-01-01",272778.7,567253.6,102.072021764398,102.505094095331,102.666666666667,5.13333333333333,1258371.54171372,1358835.97086277,1480450.46380613,-0.65,-0.309641774891775,0.123333333333333,101.838138171406,113.018204143447,6.57226012,8091522
"2019-04-01",273642.2,573835.7,102.258809870225,102.760474865702,103.066666666667,4.9,1270722.18649321,1368315.95712271,1467065.47886692,-0.65,-0.341528265107212,-0.0303333333333333,101.125721151798,115.200039634411,6.64246557333333,8341281
"2019-07-01",275385.3,579397,102.590853126191,103.420779279634,103.166666666667,4.86666666666667,1295361.87680905,1385635.46005358,1475542.79984192,-0.683333333333333,-0.422809931614279,-0.492666666666667,101.245025437378,115.282222752192,6.71428962,8506736
"2019-10-01",280005.5,583150.3,102.513163621576,103.724887569822,103.1,5.1,1320124.00691271,1403044.87303108,1500430.64798276,-0.75,-0.414007763975155,-0.334,100.242869438503,112.931261010571,6.74877114666667,8574837
"2020-01-01",272371.3,586779.9,102.351849838111,105.244990766379,103.3,4.93333333333333,1354878.27807089,1422126.69573899,1524840.75429277,-0.7,-0.393251212121212,-0.359666666666667,100.600782295244,114.649335030748,6.77951893666667,7967315
"2020-04-01",261518.5,551652.4,102.16653880467,105.180328408737,103.166666666667,5.43333333333333,1396238.57639393,1471939.45182819,1580659.94173647,-0.6,-0.138601354775828,-0.254,101.879042497891,116.736650221948,6.77814552,8364583
"2020-07-01",273979.3,590513.8,102.50990353162,106.183627582315,103.7,6.23333333333333,1421750.1170089,1493707.61509943,1599810.0863553,-0.6,-0.206572962544702,-0.361,103.402728659446,121.730877489354,6.36805851,8898691
"2020-10-01",281798,597644.8,103.09383736857,107.425181865624,103.566666666667,5.9,1466888.66746144,1531972.37584983,1670895.7115808,-0.6,-0.223824264069264,-0.462333333333333,103.160711394411,124.59184084841,6.24288585,9461082
"2021-01-01",276369.8,609797.9,104.095595405897,108.682793205754,104.033333333333,6.2,1493444.23213488,1564044.8656108,1684046.05672746,-0.566666666666667,-0.224290217391304,-0.251333333333333,102.206277109768,129.801920228947,6.169725,9377415
"2021-04-01",296228.1,630360,104.557895668557,107.972481455915,104.866666666667,4.96666666666667,1463691.83088429,1538742.47400227,1663616.52658198,-0.5,-0.20974696969697,0.074,101.892677273386,132.490551612892,6.16672423666667,10066214
"2021-07-01",301803.4,648483.6,103.954887580896,108.464376409376,105.666666666667,4.7,1463756.75943128,1536426.48153948,1665838.35964363,-0.5,-0.21425,-0.073,101.391599273948,132.907392934875,6.30893333,10354690
"2021-10-01",313452.9,678878.5,105.817312069892,110.619292064442,106.833333333333,4.46666666666667,1463404.29219833,1539540.06500536,1673363.29954389,-0.6,-0.274815873015873,0.007,100.109930377428,128.834374303301,6.50306976333333,10902783
"2022-01-01",303057.3,683493.7,107.73870553146,114.238363836831,109.066666666667,4.46666666666667,1475019.08954,1558709.17898272,1673145.66378627,-0.6,-0.269206277056278,0.379,99.8849565817618,128.947643233954,6.63011261666667,10633708
"2022-04-01",310428.3,709406.4,111.703901873206,118.723738275368,112.666666666667,4.13333333333333,1520888.75968341,1613790.22025678,1737758.24104617,-0.6,-0.116594820384294,1.391,99.274800378365,126.514206945056,6.9876085,10026245
"2022-07-01",314051.6,733025.1,113.48915751598,121.833435502766,115.4,4.6,1569994.83109299,1672408.88304232,1805874.30608175,0.15,0.773320258485474,1.72033333333333,99.2611656028701,119.183686553977,7.3898253,9783024
"2022-10-01",318106.9,718302.7,115.362810671329,120.666280945555,116.7,4.63333333333333,1548697.89136786,1681353.17526582,1845979.64624876,1.41666666666667,2.07480945165945,2.42066666666667,99.9497217653626,110.313252707744,7.29706103333333,9917717
"2023-01-01",323652,714016.1,115.418081664288,117.624780424147,117.066666666667,4.83333333333333,1560062.21198921,1713505.95877878,1877483.44651369,2.15,2.84937535573123,2.50966666666667,100.287182458861,115.265319841443,6.93735167,10049446
"2023-04-01",324243.3,699193.2,114.780797282432,115.299571414923,116.666666666667,4.83333333333333,1503034.35063633,1677333.53951333,1847878.72376015,2.85,3.41336120693891,2.569,99.6190784596113,116.174968440614,6.83704000666667,10169186
"2023-07-01",323003,692901.7,115.397685180232,112.494968692503,117.866666666667,4.83333333333333,1494409.61669077,1700447.54283287,1877469.54733256,3.43333333333333,3.81080020703934,2.845,100.77121698893,117.028954006111,6.84995966666667,10049726
"2023-10-01",328592.2,698631.3,115.568724496887,112.122793454442,117.233333333333,5.96666666666667,1498435.00294613,1717385.72509027,1934239.31110559,3.6,3.94142185007974,2.78733333333333,99.3225220925972,119.53825910705,6.934459,10416791
"2024-01-01",329964.8,712265,116.173339837783,114.451760961089,118.2,5.83333333333333,1470045.20806169,1710514.19502602,1895345.93422839,3.6,3.88207913343966,2.42366666666667,99.5065915617783,115.598812327662,6.86699866666667,10566167
"2024-04-01",331417.3,724021.4,117.026232047543,114.734060984172,118.5,6.13333333333333,1471434.05377032,1742097.7229703,1952794.60673544,3.51666666666667,3.73474700501253,2.50666666666667,98.8862092767604,,6.92968566666667,10656271
"2024-07-01",332769.5,749341.1,117.150598298132,117.317896007888,119.8,6.23333333333333,,,,3.35,3.45766783675262,2.25366666666667,99.919043520499,,6.880035,10815059
"2024-10-01",337808.8,775258.3,118.101248445568,119.171830939168,,6.56666666666667,,,,,2.90946448125144,2.02833333333333,,,,
"2025-01-01",,,,,,6.2,,,,,2.54083340909091,2.1895,,,,
