"date","gdp_nom","gdp_defl","cpi","ur","m1","m2","m3","policy","ibr_3m","gov_10y","reer","xr_usd"
"1946-01-01",,,,,,,,3.5,,,,
"1946-02-01",,,,,,,,3.5,,,,
"1946-03-01",,,,,,,,3.5,,,,
"1946-04-01",,,,,,,,3.5,,,,
"1946-05-01",,,,,,,,3.5,,,,
"1946-06-01",,,,,,,,3.5,,,,
"1946-07-01",,,,,,,,3.5,,,,
"1946-08-01",,,,,,,,3.5,,,,
"1946-09-01",,,,,,,,3.5,,,,
"1946-10-01",,,,,,,,3.5,,,,
"1946-11-01",,,,,,,,3.5,,,,
"1946-12-01",,,,,,,,3.5,,,,
"1947-01-01",,,,,,,,3.5,,,,
"1947-02-01",,,,,,,,3.5,,,,
"1947-03-01",,,,,,,,3.5,,,,
"1947-04-01",,,,,,,,3.5,,,,
"1947-05-01",,,,,,,,3.5,,,,
"1947-06-01",,,,,,,,3.5,,,,
"1947-07-01",,,,,,,,3.5,,,,
"1947-08-01",,,,,,,,3.5,,,,
"1947-09-01",,,,,,,,3.5,,,,
"1947-10-01",,,,,,,,3.5,,,,
"1947-11-01",,,,,,,,3.5,,,,
"1947-12-01",,,,,,,,3.5,,,,
"1948-01-01",,,,,,,,3.5,,,,
"1948-02-01",,,,,,,,3.5,,,,
"1948-03-01",,,,,,,,3.5,,,,
"1948-04-01",,,,,,,,3.5,,,,
"1948-05-01",,,,,,,,3.5,,,,
"1948-06-01",,,,,,,,3.5,,,,
"1948-07-01",,,,,,,,3.5,,,,
"1948-08-01",,,,,,,,3.5,,,,
"1948-09-01",,,,,,,,3.5,,,,
"1948-10-01",,,,,,,,3.5,,,,
"1948-11-01",,,,,,,,3.5,,,,
"1948-12-01",,,,,,,,3.5,,,,
"1949-01-01",,,,,,,,3.5,,,,
"1949-02-01",,,,,,,,3.5,,,,
"1949-03-01",,,,,,,,3.5,,,,
"1949-04-01",,,,,,,,3.5,,,,
"1949-05-01",,,,,,,,3.5,,,,
"1949-06-01",,,,,,,,3.5,,,,
"1949-07-01",,,,,,,,3.5,,,,
"1949-08-01",,,,,,,,3.5,,,,
"1949-09-01",,,,,,,,3.5,,,,
"1949-10-01",,,,,,,,3.5,,,,
"1949-11-01",,,,,,,,3.5,,,,
"1949-12-01",,,,,,,,3.5,,,,
"1950-01-01",,,,,,,,3.5,,,,
"1950-02-01",,,,,,,,3.5,,,,
"1950-03-01",,,,,,,,3.5,,,,
"1950-04-01",,,,,,,,3.5,,,,
"1950-05-01",,,,,,,,3.5,,,,
"1950-06-01",,,,,,,,3.5,,,,
"1950-07-01",,,,,,,,4.5,,,,
"1950-08-01",,,,,,,,4.5,,,,
"1950-09-01",,,,,,,,4.5,,,,
"1950-10-01",,,,,,,,4.5,,,,
"1950-11-01",,,,,,,,5,,,,
"1950-12-01",,,,,,,,5,,,,
"1951-01-01",,,,,,,,5,,,,
"1951-02-01",,,,,,,,5,,,,
"1951-03-01",,,,,,,,5,,,,
"1951-04-01",,,,,,,,5,,,,
"1951-05-01",,,,,,,,5,,,,
"1951-06-01",,,,,,,,5,,,,
"1951-07-01",,,,,,,,5,,,,
"1951-08-01",,,,,,,,5,,,,
"1951-09-01",,,,,,,,5,,,,
"1951-10-01",,,,,,,,5,,,,
"1951-11-01",,,,,,,,5,,,,
"1951-12-01",,,,,,,,5,,,,
"1952-01-01",,,,,,,,5,,,,
"1952-02-01",,,,,,,,5,,,,
"1952-03-01",,,,,,,,5,,,,
"1952-04-01",,,,,,,,5,,,,
"1952-05-01",,,,,,,,5,,,,
"1952-06-01",,,,,,,,5,,,,
"1952-07-01",,,,,,,,5,,,,
"1952-08-01",,,,,,,,5,,,,
"1952-09-01",,,,,,,,5,,,,
"1952-10-01",,,,,,,,5,,,,
"1952-11-01",,,,,,,,5,,,,
"1952-12-01",,,,,,,,5,,,,
"1953-01-01",,,,,,,,5,,,,
"1953-02-01",,,,,,,,5,,,,
"1953-03-01",,,,,,,,5,,,,
"1953-04-01",,,,,,,,5,,,,
"1953-05-01",,,,,,,,5,,,,
"1953-06-01",,,,,,,,5,,,,
"1953-07-01",,,,,,,,5,,,,
"1953-08-01",,,,,,,,5,,,,
"1953-09-01",,,,,,,,4.5,,,,
"1953-10-01",,,,,,,,4.5,,,,
"1953-11-01",,,,,,,,4.5,,,,
"1953-12-01",,,,,,,,4.5,,,,
"1954-01-01",,,,,,,,4.5,,,,
"1954-02-01",,,,,,,,4.5,,,,
"1954-03-01",,,,,,,,4.5,,,,
"1954-04-01",,,,,,,,4.5,,,,
"1954-05-01",,,,,,,,4.5,,,,
"1954-06-01",,,,,,,,5.5,,,,
"1954-07-01",,,,,,,,5.5,,,,
"1954-08-01",,,,,,,,5.5,,,,
"1954-09-01",,,,,,,,5.5,,,,
"1954-10-01",,,,,,,,5.5,,,,
"1954-11-01",,,,,,,,5.5,,,,
"1954-12-01",,,,,,,,5.5,,,,
"1955-01-01",,,,,,,,5.5,,,,
"1955-02-01",,,,,,,,5.5,,,,
"1955-03-01",,,,,,,,5.5,,,,
"1955-04-01",,,,,,,,5.5,,,,
"1955-05-01",,,,,,,,5.5,,,,
"1955-06-01",,,,,,,,5.5,,,,
"1955-07-01",,,,,,,,5.5,,,,
"1955-08-01",,,,,,,,5.5,,,,
"1955-09-01",,,,,,,,5.5,,,,
"1955-10-01",,,,,,,,5.5,,,,
"1955-11-01",,,,,,,,5.5,,,,
"1955-12-01",,,,,,,,5.5,,,,
"1956-01-01",,,,,,,,5.5,,,,
"1956-02-01",,,,,,,,5.5,,,,
"1956-03-01",,,,,,,,5.5,,,,
"1956-04-01",,,,,,,,5.5,,,,
"1956-05-01",,,,,,,,5.5,,,,
"1956-06-01",,,,,,,,5.5,,,,
"1956-07-01",,,,,,,,5.5,,,,
"1956-08-01",,,,,,,,5.5,,,,
"1956-09-01",,,,,,,,5.5,,,,
"1956-10-01",,,,,,,,5.5,,,,
"1956-11-01",,,,,,,,5.5,,,,
"1956-12-01",,,,,,,,5.5,,,,
"1957-01-01",,,,,,,,5.5,,,,6.90714000590714
"1957-02-01",,,,,,,,5.5,,,,6.90714000590714
"1957-03-01",,,,,,,,5.5,,,,6.90714000590714
"1957-04-01",,,,,,,,5.5,,,,6.90714000590714
"1957-05-01",,,,,,,,5.5,,,,6.90714000590714
"1957-06-01",,,,,,,,5.5,,,,6.90714000590714
"1957-07-01",,,,,,,,5.5,,,,6.90714000590714
"1957-08-01",,,,,,,,5.5,,,,6.90714000590714
"1957-09-01",,,,,,,,5.5,,,,6.90714000590714
"1957-10-01",,,,,,,,5.5,,,,6.90714000590714
"1957-11-01",,,,,,,,5.5,,,,6.90714000590714
"1957-12-01",,,,,,,,5.5,,,,6.90714000590714
"1958-01-01",,,,,,,,5.5,,,,6.90714000590714
"1958-02-01",,,,,,,,5.5,,,,6.90714000590714
"1958-03-01",,,,,,,,5.5,,,,6.90714000590714
"1958-04-01",,,,,,,,5,,,,6.90714000590714
"1958-05-01",,,,,,,,5,,,,6.90714000590714
"1958-06-01",,,,,,,,5,,,,6.90714000590714
"1958-07-01",,,,,,,,5,,,,6.90714000590714
"1958-08-01",,,,,,,,4.5,,,,6.90714000590714
"1958-09-01",,,,,,,,4.5,,,,6.90714000590714
"1958-10-01",,,,,,,,4.5,,,,6.90714000590714
"1958-11-01",,,,,,,,4.5,,,,6.90714000590714
"1958-12-01",,,,,,,,4.5,,,,6.90714000590714
"1959-01-01",,,,,,,,4.5,,,,6.90714000590714
"1959-02-01",,,,,,,,4.5,,,,6.90714000590714
"1959-03-01",,,,,,,,4.5,,,,6.90714000590714
"1959-04-01",,,,,,,,4.5,,,,6.90714000590714
"1959-05-01",,,,,,,,4.5,,,,6.90714000590714
"1959-06-01",,,,,,,,4.5,,,,6.90714000590714
"1959-07-01",,,,,,,,4.5,,,,6.90714000590714
"1959-08-01",,,,,,,,4.5,,,,6.90714000590714
"1959-09-01",,,,,,,,5,,,,6.90714000590714
"1959-10-01",,,,,,,,5,,,,6.90714000590714
"1959-11-01",,,,,,,,5,,,,6.90714000590714
"1959-12-01",,,,,,,,5,,,,6.90714000590714
"1960-01-01",,,,,,,,5.5,,,,6.90714000590714
"1960-02-01",,,,,,,,5.5,,,,6.90714000590714
"1960-03-01",,,,,,,,5.5,,,,6.90714000590714
"1960-04-01",,,,,,,,5.5,,,,6.90714000590714
"1960-05-01",,,,,,,,5.5,,,,6.90714000590714
"1960-06-01",,,,,,,,5.5,,,,6.90714000590714
"1960-07-01",,,,,,,,5.5,,,,6.90714000590714
"1960-08-01",,,,,,,,5.5,,,,6.90714000590714
"1960-09-01",,,,,,,,5.5,,,,6.90714000590714
"1960-10-01",,,,,,,,5.5,,,,6.90714000590714
"1960-11-01",,,,,,,,5.5,,,,6.90714000590714
"1960-12-01",,,,,,,,5.5,,,,6.90714000590714
"1961-01-01",,,,,,,,5.5,,,,6.90714000590714
"1961-02-01",,,,,,,,5.5,,,,6.90714000590714
"1961-03-01",,,,,,,,5.5,,,,6.90714000590714
"1961-04-01",,,,,,,,5.5,,,,6.90714000590714
"1961-05-01",,,,,,,,6.5,,,,6.90714000590714
"1961-06-01",,,,,,,,6.5,,,,6.90714000590714
"1961-07-01",,,,,,,,6.5,,,,6.90714000590714
"1961-08-01",,,,,,,,6.5,,,,6.90714000590714
"1961-09-01",,,,,,,,6.5,,,,6.90714000590714
"1961-10-01",,,,,,,,6.5,,,,6.90714000590714
"1961-11-01",,,,,,,,6.5,,,,6.90714000590714
"1961-12-01",,,,,,,,6.5,,,,6.90714000590714
"1962-01-01",,,,,,,,6.5,,,,6.90714000590714
"1962-02-01",,,,,,,,6.5,,,,6.90714000590714
"1962-03-01",,,,,,,,6.5,,,,6.90714000590714
"1962-04-01",,,,,,,,6.5,,,,6.90714000590714
"1962-05-01",,,,,,,,6.5,,,,6.90714000590714
"1962-06-01",,,,,,,,6.5,,,,6.90714000590714
"1962-07-01",,,,,,,,6.5,,,,6.90714000590714
"1962-08-01",,,,,,,,6.5,,,,6.90714000590714
"1962-09-01",,,,,,,,6.5,,,,6.90714000590714
"1962-10-01",,,,,,,,6.5,,,,6.90714000590714
"1962-11-01",,,,,,,,6.5,,,,6.90714000590714
"1962-12-01",,,,,,,,6.5,,,,6.90714000590714
"1963-01-01",,,,,,,,6.5,,,,6.90714000590714
"1963-02-01",,,,,,,,6.5,,,,6.90714000590714
"1963-03-01",,,,,,,,6.5,,,,6.90714000590714
"1963-04-01",,,,,,,,6.5,,,,6.90714000590714
"1963-05-01",,,,,,,,6.5,,,,6.90714000590714
"1963-06-01",,,,,,,,6.5,,,,6.90714000590714
"1963-07-01",,,,,,,,6.5,,,,6.90714000590714
"1963-08-01",,,,,,,,6,,,,6.90714000590714
"1963-09-01",,,,,,,,6,,,,6.90714000590714
"1963-10-01",,,,,,,,6,,,,6.90714000590714
"1963-11-01",,,,,,,,5.5,,,,6.90714000590714
"1963-12-01",,,,,,,,5.5,,,,6.90714000590714
"1964-01-01",,,,,,,,5.5,,,,6.90714000590714
"1964-02-01",,,,,,,,5.5,,,,6.90714000590714
"1964-03-01",,,,,,,,5.5,,,,6.90714000590714
"1964-04-01",,,,,,,,5.5,,,,6.90714000590714
"1964-05-01",,,,,,,,5.5,,,,6.90714000590714
"1964-06-01",,,,,,,,6.5,,,,6.90714000590714
"1964-07-01",,,,,,,,6.5,,,,6.90714000590714
"1964-08-01",,,,,,,,6.5,,,,6.90714000590714
"1964-09-01",,,,,,,,6.5,,,,6.90714000590714
"1964-10-01",,,,,,,,6.5,,,,6.90714000590714
"1964-11-01",,,,,,,,6.5,,,,6.90714000590714
"1964-12-01",,,,,,,,6.5,,,,6.90714000590714
"1965-01-01",,,,,,,,6.5,,,,6.90714000590714
"1965-02-01",,,,,,,,6.5,,,,6.90714000590714
"1965-03-01",,,,,,,,6.5,,,,6.90714000590714
"1965-04-01",,,,,,,,6.5,,,,6.90714000590714
"1965-05-01",,,,,,,,6.5,,,,6.90714000590714
"1965-06-01",,,,,,,,6.5,,,,6.90714000590714
"1965-07-01",,,,,,,,6.5,,,,6.90714000590714
"1965-08-01",,,,,,,,6.5,,,,6.90714000590714
"1965-09-01",,,,,,,,6.5,,,,6.90714000590714
"1965-10-01",,,,,,,,6.5,,,,6.90714000590714
"1965-11-01",,,,,,,,6.5,,,,6.90714000590714
"1965-12-01",,,,,,,,6.5,,,,6.90714000590714
"1966-01-01",,,,,,,,6.5,,,,6.90714000590714
"1966-02-01",,,,,,,,6.5,,,,6.90714000590714
"1966-03-01",,,,,,,,6.5,,,,6.90714000590714
"1966-04-01",,,,,,,,6.5,,,,6.90714000590714
"1966-05-01",,,,,,,,6.5,,,,6.90714000590714
"1966-06-01",,,,,,,,6.5,,,,6.90714000590714
"1966-07-01",,,,,,,,6.5,,,,6.90714000590714
"1966-08-01",,,,,,,,6.5,,,,6.90714000590714
"1966-09-01",,,,,,,,6.5,,,,6.90714000590714
"1966-10-01",,,,,,,,6.5,,,,6.90714000590714
"1966-11-01",,,,,,,,6.5,,,,6.90714000590714
"1966-12-01",,,,,,,,6.5,,,,6.90714000590714
"1967-01-01",,,,,,,,6.5,,,,6.90714000590714
"1967-02-01",,,,,,,,6.5,,,,6.90714000590714
"1967-03-01",,,,,,,,6.5,,,,6.90714000590714
"1967-04-01",,,,,,,,6.5,,,,6.90714000590714
"1967-05-01",,,,,,,,6.5,,,,6.90714000590714
"1967-06-01",,,,,,,,6.5,,,,6.90714000590714
"1967-07-01",,,,,,,,6.5,,,,6.90714000590714
"1967-08-01",,,,,,,,6.5,,,,6.90714000590714
"1967-09-01",,,,,,,,6.5,,,,6.90714000590714
"1967-10-01",,,,,,,,6.5,,,,6.90714000590714
"1967-11-01",,,,,,,,6.5,,,,6.907099999
"1967-12-01",,,,,,,,7.5,,,,7.5000000065
"1968-01-01",,,,,,,,7.5,,,,7.5000000065
"1968-02-01",,,,,,,,7.5,,,,7.5000000065
"1968-03-01",,,,,,,,7,,,,7.5000000065
"1968-04-01",,,,,,,,7,,,,7.5000000065
"1968-05-01",,,,,,,,7,,,,7.5000000065
"1968-06-01",,,,,,,,6.5,,,,7.5000000065
"1968-07-01",,,,,,,,6.5,,,,7.5000000065
"1968-08-01",,,,,,,,6,,,,7.5000000065
"1968-09-01",,,,,,,,6,,,,7.5000000065
"1968-10-01",,,,,,,,6,,,,7.5000000065
"1968-11-01",,,,,,,,6,,,,7.5000000065
"1968-12-01",,,,,,,,6,,,,7.5000000065
"1969-01-01",,,,,,,,6,,,,7.5000000065
"1969-02-01",,,,,,,,6,,,,7.5000000065
"1969-03-01",,,,,,,,7,,,,7.5000000065
"1969-04-01",,,,,,,,7,,,,7.5000000065
"1969-05-01",,,,,,,,9,,,,7.5000000065
"1969-06-01",,,,,,,,9,,,,7.5000000065
"1969-07-01",,,,,,,,9,,,,7.5000000065
"1969-08-01",,,,,,,,9,,,,7.5000000065
"1969-09-01",,,,,,,,9,,,,7.5000000065
"1969-10-01",,,,,,,,9,,,,7.5000000065
"1969-11-01",,,,,,,,9,,,,7.5000000065
"1969-12-01",,,,,,,,9,,,,7.5000000065
"1970-01-01",,,,,,,,9,,,,7.5000000065
"1970-02-01",,,,,,,,9,,,,7.5000000065
"1970-03-01",,,,,,,,9,,,,7.5000000065
"1970-04-01",,,,,,,,9,,,,7.5000000065
"1970-05-01",,,,,,,,9,,,,7.5000000065
"1970-06-01",,,,,,,,9,,,,7.5000000065
"1970-07-01",,,,,,,,9,,,,7.5000000065
"1970-08-01",,,,,,,,9,,,,7.5000000065
"1970-09-01",,,,,,,,9,,,,7.5000000065
"1970-10-01",,,,,,,,9,,,,7.5000000065
"1970-11-01",,,,,,,,9,,,,7.5000000065
"1970-12-01",,,,,,,,9,,,,7.5000000065
"1971-01-01",,,,,,,,8,,,,7.5000000065
"1971-02-01",,,,,,,,8,,,,7.5000000065
"1971-03-01",,,,,,,,8,,,,7.5000000065
"1971-04-01",,,,,,,,7.5,,,,7.5000000065
"1971-05-01",,,,,,,,7.5,,,,7.5000000065
"1971-06-01",,,,,,,,7.5,,,,7.5000000065
"1971-07-01",,,,,,,,7.5,,,,7.5000000065
"1971-08-01",,,,,,,,7.5,,,,7.499999999
"1971-09-01",,,,,,,,7.5,,,,7.320999999
"1971-10-01",,,,,,,,7.5,,,,7.266999999
"1971-11-01",,,,,,,,7.5,,,,7.261999999
"1971-12-01",,,,,,,,7.5,,,,7.26605558304328
"1972-01-01",,,,,,,,7,,,,7.036999999
"1972-02-01",,,,,,,,7,,,,6.993499999
"1972-03-01",,,,,,,,7,,,,6.963999999
"1972-04-01",,,,,,,,7,,,,6.997999999
"1972-05-01",,,,,,,,7,,,,6.977999999
"1972-06-01",,,,,,,,8,,,,6.953999999
"1972-07-01",,,,,,,,8,,,,6.963999999
"1972-08-01",,,,,,,,8,,,,6.929999999
"1972-09-01",,,,,,,,8,,,,6.905999999
"1972-10-01",,,,,,,,7,,,,6.915999999
"1972-11-01",,,,,,,,7,,,,6.896999999
"1972-12-01",,,,,,,,7,,,,6.853999999
"1973-01-01",,,,,,,,7,,,,6.881999999
"1973-02-01",,,,,,,,7,,,,6.514999999
"1973-03-01",,,,,,,,7,,,,6.179999999
"1973-04-01",,,,,,,,7,,,,6.218999999
"1973-05-01",,,,,,,,7,,,,6.168999999
"1973-06-01",,,,,,,,7,,,,5.847999999
"1973-07-01",,,,,,,,8,,,,5.535999999
"1973-08-01",,,,,,,,8,,,,5.707999999
"1973-09-01",,,,,,,,8,,,,5.720999999
"1973-10-01",,,,,,,,8,,,,5.646999999
"1973-11-01",,,,,,,,8,,,,5.960999999
"1973-12-01",,,,,,,,9,,,,6.207999999
"1974-01-01",,,,,,,,10,,,,6.659999999
"1974-02-01",,,,,,,,10,,,,6.431999999
"1974-03-01",,,,,,,,10,,,,6.244999999
"1974-04-01",,,,,,,,10,,,,6.068999999
"1974-05-01",,,,,,,,10,,,,5.879999999
"1974-06-01",,,,,,,,10,,,,5.973999999
"1974-07-01",,,,,,,,10,,,,5.933999999
"1974-08-01",,,,,,,,10,,,,6.038999999
"1974-09-01",,,,,,,,10,,,,6.202999999
"1974-10-01",,,,,,,,10,,,,6.027999999
"1974-11-01",,,,,,,,10,,,,5.887999999
"1974-12-01",,,,,,,,10,,,,5.786799999
"1975-01-01",,,,,,,,9,,,,5.615799999
"1975-02-01",,,,,,,,9,,,,5.538399999
"1975-03-01",,,,,,,,9,,,,5.436599999
"1975-04-01",,,,,,,,8,,,,5.519399999
"1975-05-01",,,,,,,,8,,,,5.461899999
"1975-06-01",,,,,,,,8,,,,5.436499999
"1975-07-01",,,,,,,,8,,,,5.711099999
"1975-08-01",,,,,,,,7.5,,,,5.959899999
"1975-09-01",,,,,,,,7.5,,,,6.069799999
"1975-10-01",,,,,,,,7.5,,,,6.022999999
"1975-11-01",,,,,,,,7.5,,,,6.031099999
"1975-12-01",,,,,,,,7.5,,,,6.150299999
"1976-01-01",,,,,,,,7.5,,,,6.158099999
"1976-02-01",,,,,,,,7.5,,,,6.138399999
"1976-03-01",,,,,,,,8.5,,,,6.145099999
"1976-04-01",,,,,,,,8.5,,,,6.042299999
"1976-05-01",,,,,,,,8.5,,,,6.060699999
"1976-06-01",,,,,,,,8.5,,,,6.125799999
"1976-07-01",,,,,,,,8.5,,,,6.161799999
"1976-08-01",,,,,,,,8.5,,,,6.076799999
"1976-09-01",,,,,,,,8.5,,,,5.994299999
"1976-10-01",,,,,,,,11,,,,5.897299999
"1976-11-01",,,,,,,,11,,,,5.903299999
"1976-12-01",,,,,,,,11,,,,5.836399999
"1977-01-01",,,,,,,,10,,,,5.886099999
"1977-02-01",,,,,,,,10,,,,5.917399999
"1977-03-01",,,,,,,,9,,,,5.866499999
"1977-04-01",,,,,,,,9,,,,5.977899999
"1977-05-01",,,,,,,,9,,,,6.005999999
"1977-06-01",,,,,,,,9,,,,6.043199999
"1977-07-01",,,,,,,,9,,,,5.961899999
"1977-08-01",,,,,,,,9,,,,6.024499999
"1977-09-01",,,,,,,,9,,,,6.177099999
"1977-10-01",,,,,,,,9,,,,6.112599999
"1977-11-01",,,,,,,,9,,,,6.119299999
"1977-12-01",,,,,,,,9,,,,5.945799999
"1978-01-01",,,,,,,,9,,,,5.774299999
"1978-02-01",,,,,,,,9,,,,5.674199999
"1978-03-01",,,,,,,,9,,,,5.597299999
"1978-04-01",,,,,,,,9,,,,5.608199999
"1978-05-01",,,,,,,,9,,,,5.699999999
"1978-06-01",,,,,,,,9,,,,5.643799999
"1978-07-01",,,,,,,,8,,,,5.603699999
"1978-08-01",,,,,,,,8,,,,5.498599999
"1978-09-01",,,,,,,,8,,,,5.433599999
"1978-10-01",,,,,,,,8,,,,5.124599999
"1978-11-01",,,,,,,,8,,,,5.265799999
"1978-12-01",,,,,,,,8,,,,5.251399999
"1979-01-01",,,,,,,,8,,,,5.128199999
"1979-02-01",,,,,,,,8,,,,5.147599999
"1979-03-01",,,,,,,,8,,,,5.191699999
"1979-04-01",,,,,,,,8,,,,5.272899999
"1979-05-01",,,,,,,,8,,,,5.389199999
"1979-06-01",,,,,,,,9,,,,5.428399999
"1979-07-01",,,,,,,,9,,,,5.243099999
"1979-08-01",,,,,,,,9,,,,5.271899999
"1979-09-01",,,,,,,,11,,,,5.192999999
"1979-10-01",,,,,,,,11,,,,5.231399999
"1979-11-01",,,,,,,,11,,,,5.262199999
"1979-12-01",,,,,,,,11,,,,5.371899999
"1980-01-01",,,33,,,,,11,,,,5.382799999
"1980-02-01",,,33.3,,,,,13,,,,5.452999999
"1980-03-01",,,33.8,,,,,13,,,,5.772799999
"1980-04-01",,,34,,,,,13,,,,5.825499999
"1980-05-01",,,34.5,,,,,13,,,,5.603699999
"1980-06-01",,,34.6,,,,,13,,,,5.490299999
"1980-07-01",,,35.2,,,,,13,,,,5.410899999
"1980-08-01",,,35.3,,,,,13,,,,5.536099999
"1980-09-01",,,35.5,,,,,12,,,,5.535499999
"1980-10-01",,,35.8,,,,,11,,,,5.665299999
"1980-11-01",,,36.1,,,,,11,,,,5.904499999
"1980-12-01",,,36.2,,,,,11,,,,6.050899999
"1981-01-01",,,36.5,,,,162905.943648621,11,,,,6.172199999
"1981-02-01",,,36.8,,,,165080.233576423,11,,,,6.617099999
"1981-03-01",,,37.6,,,,164905.742914166,11,,,,6.625899999
"1981-04-01",,,38,,,,168231.889948728,11,,,,6.795599999
"1981-05-01",,,38.6,,,,168502.241256957,11,,,,7.196799999
"1981-06-01",,,39,,,,168601.916922051,11,,,,7.456699999
"1981-07-01",,,39.3,,,,170433.618443543,11,,,,7.648399999
"1981-08-01",,,39.4,,,,177513.134743934,11,,,,7.860499999
"1981-09-01",,,39.8,,,,170842.672421238,11,,,,7.396499999
"1981-10-01",,,40,,,,174556.653429862,11,,,,7.222399999
"1981-11-01",,,40.5,,,,179583.562578229,11,,,,7.166799999
"1981-12-01",,,40.7,,,,174224.302310111,11,,,,7.321499999
"1982-01-01",,,41,,,,177516.352833054,11,,,,7.487799999
"1982-02-01",,,41.2,,,,178660.894736843,11,,,,7.791499999
"1982-03-01",,,41.6,,,,179884.358921253,11,,,,8.0324
"1982-04-01",,,41.8,,,,180585.000358118,11,,,,8.147999999
"1982-05-01",,,42.3,,,,181208.405381459,11,,,,7.835099999
"1982-06-01",,,42.6,,,,181874.54651292,11,,,,8.3458
"1982-07-01",,,43,,,,187010.381128105,11,,,,8.5324
"1982-08-01",,,43.2,,,,185820.75866352,11,,,,8.6315
"1982-09-01",,,43.7,,,,187127.460869805,11,,,,8.790199999
"1982-10-01",,,44.2,,,,189572.91854183,11,,,,8.9107
"1982-11-01",,,44.6,,,,190955.467493591,10,,,,8.961
"1982-12-01",,,44.3,,,,191416.243162071,10,,,,8.522899999
"1983-01-01",,,44.7,8.1,,,195932.46122878,10,,,,8.409299999
"1983-02-01",,,44.8,8.2,,,197664.701493049,10,,,,8.574299999
"1983-03-01",,,44.7,8.3,,,204465.843797963,8.5,,,,8.616599999
"1983-04-01",,,45,8.4,,,208758.558786328,7.5,,,,8.656499999
"1983-05-01",,,45.5,8.4,,,212654.977645666,7.5,,13.94,,8.807199999
"1983-06-01",,,45.6,8.5,,,219519.421804758,7.5,,14.279,,9.119599999
"1983-07-01",,,45.6,8.5,,,223580.514444221,7.5,,15.246,,9.2957
"1983-08-01",,,45.8,8.5,,,224670.807488499,7.5,,15.364,,9.631999999
"1983-09-01",,,46.3,8.4,,,233405.112281522,7.5,,14.103,,9.591999999
"1983-10-01",,,46.6,8.4,,,234687.357536842,7,,14.532,,9.412699999
"1983-11-01",,,47,8.4,,,238468.192529834,7,,14.237,,9.673599999
"1983-12-01",,,47,8.4,,,240992.827620398,7,,13.759,,9.950399999
"1984-01-01",,,47.2,8.3,,,245978.218672419,7,,12.908,,10.16
"1984-02-01",,,47.7,8.3,,,248686.71822606,7,,13.362,,9.867299999
"1984-03-01",,,47.8,8.2,,,252117.196974442,7,,14.279,,9.5113
"1984-04-01",,,48,8.1,,,253932.980617341,7,,15.007,,9.704099999
"1984-05-01",,,48.5,8,,,258799.310961584,7,,14.585,,10.064299999
"1984-06-01",,,48.7,8,,,262292.143078911,7,,14.846,,10.063599999
"1984-07-01",,,48.6,7.9,,,262485.470186463,7,,15.279,,10.4093
"1984-08-01",,,48.8,7.8,,,269608.345630424,7,,14.631,,10.5276
"1984-09-01",,,49.2,7.8,,,272206.016675144,7,,14.847,,10.957
"1984-10-01",,,49.4,7.7,,,283511.669189689,7,,14.658,,11.0948
"1984-11-01",,,49.8,7.6,,,289262.868945063,7,,14.348,,10.800999999
"1984-12-01",,,49.7,7.4,,,286517.915502664,7,,14.363,,11.1188
"1985-01-01",,,49.9,7.4,,,290125.454520407,7,,14.181,,11.320799999
"1985-02-01",,,50.2,7.3,,,293530.682060754,7,,13.506,,11.780499999
"1985-03-01",,,50.6,7.2,,,291808.86645913,7,,12.965,,11.829099999
"1985-04-01",,,50.8,7.1,,,297375.780377046,7,,12.042,,11.0596
"1985-05-01",,,51.1,7,,,300847.628864417,7,,12.063,,11.1843
"1985-06-01",,,51.1,6.8,,,304426.108629439,7,,11.401,,10.9956
"1985-07-01",,,50.9,6.6,,,308885.262209635,7,,10.568,,10.4829
"1985-08-01",,,50.8,6.4,,,318593.859347379,7,,10.345,,10.099
"1985-09-01",,,51.1,6.2,,,319160.707597949,7,,10.991,,10.302
"1985-10-01",,,51.3,6,,,321741.195075924,7,,10.646,,9.5911
"1985-11-01",,,51.4,5.8,,,326953.154732096,7,,10.324,,9.3847
"1985-12-01",,,51.4,5.6,,,337457.178680547,7,,9.938,,9.1271
"1986-01-01",,,51.3,5.4,,,341680.37562801,7,,10.046,,8.9526
"1986-02-01",,,51.3,5.2,,,347115.952194827,7,,9.719,,8.6079
"1986-03-01",,,51.5,5.1,,,353603.219407933,7,,9.056,,8.3507
"1986-04-01",,,52.8,5,,,353612.987182354,7,,8.742,,8.3861
"1986-05-01",,,53.2,4.9,,,358257.069710842,7,,9.137,,8.246799999
"1986-06-01",,,53.1,4.9,,,354215.337148444,7,,9.45,,8.2828
"1986-07-01",,,52.8,4.9,,,355346.284327854,7,,9.936,,8.0537
"1986-08-01",,,53,4.9,,,354628.58740544,7,,10.701,,7.7643
"1986-09-01",,,53.4,4.9,,,356743.198644175,7,,10.809,,7.7201
"1986-10-01",,,53.5,4.8,,,359705.490773215,7,,10.627,,7.5548
"1986-11-01",,,53.7,4.9,,,360255.529942108,7,,11.252,,7.6431
"1986-12-01",,,53.7,4.9,,,366822.484276082,7,,11.116,,7.529
"1987-01-01",,,53.8,5,,,359972.522332933,7,,11.093,,7.0503
"1987-02-01",,,53.7,5,,,359417.05439621,7,,11.362,,6.8957
"1987-03-01",,,54.2,5,,,371613.487890042,7,,11.85,,6.9035
"1987-04-01",,,54.4,5,,,367156.449073805,7,,11.532,,6.829
"1987-05-01",,,54.9,5,,,369681.298121654,7,,11.113,,6.7207
"1987-06-01",,,54.9,5,,,378349.801796116,7,,10.7,,6.8546
"1987-07-01",,,54.9,5,,,373299.572146392,7,,11.042,,7.0063
"1987-08-01",,,55.1,5,,,377538.763245242,7,,10.897,,7.1233
"1987-09-01",,,55.4,5,,,370439.555261567,7,,11.472,,6.9838
"1987-10-01",,,55.6,5,,,376279.791354917,7,,11.837,,6.9274
"1987-11-01",,,55.8,5,,,374878.841211623,7,,11.395,,6.4902
"1987-12-01",,,55.8,5,,,379021.725797304,7,,11.119,,6.299
"1988-01-01",,,56.1,5.1,,,373749.024782116,7,,10.601,,6.3407
"1988-02-01",,,56.5,5.2,,,373041.4886733,7,,9.94,,6.4893
"1988-03-01",,,56.7,5.2,,,369248.951913546,7,,10.064,,6.4273
"1988-04-01",,,56.9,5.3,,,373466.72552367,7,,10.486,,6.4222
"1988-05-01",,,57.4,5.4,,,377539.214520438,7,,10.412,,6.486
"1988-06-01",,,57.4,5.6,,,386619.665551972,7,8.6712,9.781,,6.6678
"1988-07-01",,,57.1,5.7,,,388804.858898712,7,8.65249047619048,9.59,,7.0092
"1988-08-01",,,57.5,5.8,,,386345.252563754,7,8.27461739130435,9.788,,7.219
"1988-09-01",,,57.9,5.9,,,389188.303146719,7,8.18967727272728,9.795,,7.1685
"1988-10-01",,,58,6.1,,,388639.745300176,7,8.10637142857143,9.65,,7.0198
"1988-11-01",,,58.4,6.2,,,384135.692719367,7,8.0892,9.44,,6.751
"1988-12-01",,,58.4,6.4,,,398381.495821569,7,8.1156090909091,9.058,,6.7775
"1989-01-01",,,58.6,6.5,,,403658.273391677,7,8.05553181818182,9.025,,7.0852
"1989-02-01",,,59,6.6,,,401274.139650216,7,8.121515,9.443,,7.2036
"1989-03-01",,,59.4,6.7,,,411384.579103691,7,8.28934347826087,9.641,,7.2695
"1989-04-01",,,59.8,6.7,,,403682.909478597,7,8.40728,9.675,,7.2781
"1989-05-01",,,60.2,6.8,,,399688.534279592,7,8.93165217391304,9.806,,7.5874
"1989-06-01",,,60,6.9,,,403221.580306588,7,9.27833181818182,9.874,,7.7159
"1989-07-01",,,60,6.8,,,395997.036576089,7,9.38380952380953,9.343,,7.3598
"1989-08-01",,,60.3,6.9,,,396233.122025999,7,9.58136086956522,9.316,,7.4863
"1989-09-01",,,60.6,7,,,402969.309216823,7,9.40827619047619,9.735,,7.5899
"1989-10-01",,,60.9,7,,,399804.03247595,7,9.81937272727273,10.18,,7.2745
"1989-11-01",,,61.2,7,,,404911.145464458,7,11.3620772727273,10.287,,7.105
"1989-12-01",,,61.2,7,,,414459.575867726,7,12.1916,10.151,,6.7669
"1990-01-01",,,60.8,7,,,409529.208266865,7,12.1211347826087,10.502,,6.56
"1990-02-01",,,61,7,,,414784.764233703,7,12.20837,11.307,,6.4677
"1990-03-01",,,61.2,7,,,423543.485648726,8,12.3759772727273,11.237,,6.5286
"1990-04-01",,,61.2,7,,,421600.720558955,8,12.0823142857143,10.577,,6.4414
"1990-05-01",,,61.6,7.1,,,423601.830733929,8,11.3575913043478,10.439,,6.3381
"1990-06-01",,,61.5,7.1,,,426260.690647179,8.5,10.7609619047619,10.361,,6.4109
"1990-07-01",,,61.3,7.2,,,424542.737882247,8.5,10.6943863636364,10.026,,6.2443
"1990-08-01",,,61.9,7.2,,,428169.20297143,8.5,10.3295608695652,10.465,,6.0062
"1990-09-01",,,62.4,7.3,,,437065.329162129,8.5,10.5448,10.829,,5.9964
"1990-10-01",,,62.6,7.3,,,433887.864000975,8.5,10.7487217391304,10.77,,5.8196
"1990-11-01",,,62.5,7.4,,,439595.140232951,8.5,10.4303681818182,10.673,,5.698
"1990-12-01",,,62.3,7.4,,,447568.05103539,8.5,10.4818761904762,10.358,,5.7515
"1991-01-01",,,62.3,7.4,205922.337128468,318778.186286005,389391.65525299,9.5,10.5211826086957,10.28,,5.8166
"1991-02-01",,,62.5,7.5,193124.071799327,312241.801246266,376020.077798254,9.5,10.591175,9.42,,5.6927
"1991-03-01",,,62.6,7.6,210475.232843397,332232.620779028,391506.395460183,9.5,10.3301761904762,9.323,,6.1217
"1991-04-01",,,62.8,7.7,211344.889773626,328676.670635544,396101.720232498,9.5,10.1295681818182,9.214,,6.5124
"1991-05-01",,,63.2,7.8,218377.084623633,343522.422230655,411809.409215933,9,9.9908,9.112,,6.5626
"1991-06-01",,,63.3,7.9,222277.894113405,347185.525545904,402837.318636847,9,9.757505,9.205,,6.8823
"1991-07-01",,,63.1,7.9,234917.363207676,356413.969533894,429374.398398095,9,9.50376956521739,9.341,,6.917
"1991-08-01",,,63.2,8,234407.934505688,354305.004706042,422663.765924979,9.5,9.4889,9.335,,6.752
"1991-09-01",,,63.6,8.1,238351.151233226,359502.127181044,421798.940991131,9.5,9.70512380952381,9.138,,6.5592
"1991-10-01",,,63.7,8.1,237668.683227032,353848.883343152,425220.098064896,9,9.82300869565217,8.952,,6.5299
"1991-11-01",,,64,8.2,240819.795517897,361195.652054321,428335.494462969,9,9.66895714285714,8.933,,6.3059
"1991-12-01",,,63.8,8.2,242160.067494431,366100.383326377,416987.161332265,9.5,9.50632272727273,8.898,,6.1052
"1992-01-01",,,63.7,8.2,246963.550485171,365813.87288599,446837.444933972,9.5,9.90123913043478,8.52,,6.1156
"1992-02-01",,,64,8.3,250496.911507391,373473.730964246,449813.552432621,9.5,10.17256,8.554,,6.2783
"1992-03-01",,,64.2,8.3,253309.056061557,377740.392931997,448703.693379244,9.5,10.2101181818182,8.726,,6.4472
"1992-04-01",,,64.3,8.3,257596.822172991,376981.097157254,452843.832081048,9.85,10.1781318181818,8.826,,6.3824
"1992-05-01",,,64.8,8.4,256153.139200785,382310.619993236,457854.720868545,9.85,10.2057190476191,8.777,,6.2648
"1992-06-01",,,64.8,8.4,257272.992643244,385434.763828727,452200.02481543,10.3,10.5457363636364,9.01,,6.0603
"1992-07-01",,,64.5,8.5,258105.304403688,380363.681196486,455908.822991519,10.3,10.6460739130435,9.174,,5.7369
"1992-08-01",,,64.6,8.7,258392.115957284,387607.07074276,461048.686425049,10.3,11.1949619047619,9.612,,5.5981
"1992-09-01",,,64.8,8.8,255842.77219246,384664.048906133,454370.328228926,10.15,12.7606545454545,9.572,,5.6095
"1992-10-01",,,64.8,9,256321.8488293,383764.684575541,459208.524069453,10.9,13.0113727272727,9.284,,5.7107
"1992-11-01",,,64.9,9.1,256452.148943847,388810.562474992,461056.678364796,15,13.0818619047619,8.814,,6.1083
"1992-12-01",,,64.7,9.3,253542.688660602,381933.159073397,442370.988257935,13,18.4646782608696,8.981,,6.1215
"1993-01-01",,,64.6,9.5,250307.302867523,372631.873409623,452806.027382523,11.5,14.5684523809524,8.653,,6.2357
"1993-02-01",,,64.8,9.6,256511.854571131,378992.991939809,455369.984082854,12.5,17.32333,8.634,,6.3053
"1993-03-01",,,64.9,9.7,258259.677159449,386041.051017078,460927.358647428,10.5,13.370152173913,8.175,,6.3261
"1993-04-01",,,65,9.9,258393.290856967,391423.126590135,468804.731588985,9.75,10.7178,7.79,,6.1264
"1993-05-01",,,65.4,9.9,265734.821015102,396117.613936908,473045.368872889,8.75,9.15318095238095,7.563,,6.18394
"1993-06-01",,,65.4,9.9,267767.643954029,402148.081340636,474850.652027793,7.95,8.14735454545455,7.178,,6.322
"1993-07-01",,,65.2,9.7,265735.650754572,405432.722370258,482527.026862959,11,10.6901545454545,7.046,,6.6427
"1993-08-01",,,65.4,9.5,270310.697555759,411100.494768136,487607.40310218,10.5,12.0788590909091,6.734,,6.9179
"1993-09-01",,,65.6,9.5,275075.121781263,417720.294660457,494616.496135036,9,10.1565227272727,6.77,,6.6447
"1993-10-01",,,65.7,9.3,284900.680777858,424565.238724009,502620.668621669,8,8.68587142857143,6.473,,6.62717
"1993-11-01",,,65.8,9.1,290997.261616745,429312.675984849,505573.562851933,7.5,8.00773181818182,6.405,,6.76843
"1993-12-01",,,65.7,8.8,301476.819695587,432136.098901766,505733.574968252,6.75,7.51949565217391,6.224,,6.70693
"1994-01-01",,,65.8,8.6,306281.993825806,437465.823112907,530758.772345949,6.25,6.38681904761905,6.018,101.637025232856,6.77112
"1994-02-01",,,66,8.4,301786.425788798,437870.146000016,525311.625679516,6,6.37875,6.271,100.849616948026,6.77305
"1994-03-01",,,66.1,8.2,300221.857208399,433905.161334434,519359.654640483,6,6.22565652173913,6.693,101.49386009016,6.63191
"1994-04-01",,,66.3,8,299996.344438211,435304.960494935,521294.168686653,5.9,6.18904761904762,7.027,101.217755886388,6.66586
"1994-05-01",,,66.6,7.8,298380.841128858,430430.547406593,513599.276541985,5.6,5.92528636363636,7.413,102.291494456612,6.49025
"1994-06-01",,,66.7,7.7,296969.413323808,428097.835323794,509002.405612857,5.6,6.22063636363636,8.165,102.813024619292,6.39
"1994-07-01",,,66.6,7.6,295794.219087337,432504.012911366,513828.416736268,5.5,6.13295238095238,8.15,103.774276291682,6.16969
"1994-08-01",,,66.8,7.5,293162.3356628,422667.822062516,503551.393096037,5.5,6.60426086956522,8.571,103.385685190077,6.18559
"1994-09-01",,,66.9,7.4,294247.36747212,418748.604452538,498251.080093034,5.5,6.605,9.087,103.242520047381,6.11293
"1994-10-01",,,67,7.3,290094.838782,415630.121372264,497467.680587572,5.5,6.43038095238095,8.916,104.173093474908,5.95207
"1994-11-01",,,67.2,7.2,289354.890515068,415697.501176102,497985.077538134,5.5,6.32763636363636,8.827,104.060606577075,6.02284
"1994-12-01",,,67.2,7.1,286297.087363978,411912.97571988,489822.649162796,5.5,6.20090909090909,8.766,103.385685190077,6.16131
"1995-01-01",,,67.2,7,283311.970068866,406298.623176209,493981.735366872,5.5,6.19909090909091,9.065,103.651563312228,6.03362
"1995-02-01",,,67.5,6.9,285041.035185004,407714.723278159,493793.304204778,5.5,5.9692,8.858,104.469649841922,5.9284
"1995-03-01",,,67.7,6.8,286610.561275247,412944.064110995,498445.83937909,7,7.318,8.957,106.156953309416,5.63039
"1995-04-01",,,67.9,6.8,286396.554105317,412995.106635755,496573.050519445,6.5,7.0558,8.746,108.191943552029,5.42706
"1995-05-01",,,68.2,6.8,285752.532917156,414340.153153761,499490.615641501,6.35,6.78573913043478,8.318,107.966969756364,5.50046
"1995-06-01",,,68.1,6.8,288343.55494798,418010.417724798,500726.632869475,6.35,6.72236363636364,8.267,107.752222042319,5.46895
"1995-07-01",,,67.8,6.7,289229.582312419,420524.557854746,503678.566858568,6.05,6.54390476190476,8.338,107.885161103394,5.41148
"1995-08-01",,,67.9,6.7,288043.451438786,417142.852400612,499579.681627726,5.65,6.07486956521739,8.085,106.780744288307,5.59941
"1995-09-01",,,68.3,6.7,292096.878461697,421571.240048002,503264.039126937,5.4,5.71152380952381,7.84,106.62735306399,5.66743
"1995-10-01",,,68.3,6.6,292819.485810685,422582.52158379,505855.688119603,5.3,5.69651818181818,7.88,107.639735144486,5.49248
"1995-11-01",,,68.5,6.7,294487.132004042,423225.194103808,507527.135401035,5,5.36790909090909,7.566,107.701091634213,5.48861
"1995-12-01",,,68.4,6.6,297236.038657756,425736.532360423,507505.585623555,4.6,4.98847619047619,7.303,106.811422533171,5.58011
"1996-01-01",,,68.4,6.6,301378.978638897,432843.07887931,521606.064122511,4.35,4.56260869565217,7.041,106.269440207249,5.65245
"1996-02-01",,,68.7,6.7,302408.9728159,436033.947794088,523085.068591414,4.25,4.45183333333333,7.408,106.37170102346,5.67212
"1996-03-01",,,69.1,6.7,305033.252814781,435834.559993414,521620.830580389,4,4.34142857142857,7.598,106.034240329962,5.70779
"1996-04-01",,,69.3,6.7,310439.124540877,447227.321782529,535992.729211387,3.8,3.97375,7.342,105.011632167844,5.81395
"1996-05-01",,,69.5,6.5,307898.154316203,442009.865595895,528001.022936245,3.8,3.84217391304348,7.392,104.183319556529,5.9164
"1996-06-01",,,69.5,6.4,309966.5792051,444061.942512868,533493.823517983,3.7,3.959375,7.499,104.213997801392,5.88834
"1996-07-01",,,69.4,6.5,313021.446123597,448389.827149252,531320.451282486,3.7,3.92847826086957,7.355,104.827562698663,5.80198
"1996-08-01",,,69.5,6.3,318811.909790183,457773.683229738,547121.684691653,3.5,3.91590909090909,7.259,105.492258004039,5.73005
"1996-09-01",,,69.9,6,317911.272437818,456736.162592573,547437.24238582,3.5,3.83690476190476,7.18,105.195701637025,5.7991
"1996-10-01",,,70,5.9,322135.642487959,465336.39323582,559430.545512753,3.5,3.67272173913043,6.827,104.571910658134,5.85854
"1996-11-01",,,70.1,5.8,325273.755301753,466583.192153449,558844.557929675,3.5,3.66847619047619,6.787,104.398067270574,5.804
"1996-12-01",,,70,5.7,329747.60732025,468364.138435324,563202.666673201,3.5,3.64772727272727,6.629,103.426589516562,5.93934
"1997-01-01",,,70.2,5.6,330322.128404658,472640.792210739,572052.319795481,3.5,3.63391304347826,6.486,102.588050823626,6.11711
"1997-02-01",,,70.2,5.5,329327.022667884,474396.762103889,574326.451054562,3.5,3.6232,6.247,101.207529804767,6.38245
"1997-03-01",,,70.2,5.3,325891.129032344,472036.118748811,573353.558380527,3.5,3.68419047619048,6.468,101.074590743692,6.47603
"1997-04-01",,,70.5,5.2,323825.554028011,468897.473090854,570602.841110674,3.5,3.67072727272727,6.616,100.900747356132,6.5144
"1997-05-01",,,71,5.3,329695.491175086,471049.080737135,572509.611322738,3.5,3.63281818181818,6.438,101.524538335023,6.4862
"1997-06-01",,,71.1,5.2,332576.872602227,475553.967059993,578746.575424062,3.5,3.62190476190476,6.396,100.726903968572,6.57417
"1997-07-01",,,71,5.2,334603.036399946,483798.165614905,589356.397403947,3.5,3.62104347826087,6.107,98.804400623791,6.82039
"1997-08-01",,,71.3,5.2,337728.602847738,476479.261929272,582884.949545476,3.5,3.65447619047619,6.237,98.8453049502757,7.01774
"1997-09-01",,,71.5,5.1,342141.897755944,473860.36023734,580474.756206407,3.5,3.66536363636364,6.162,100.072434744817,6.81357
"1997-10-01",,,71.5,5.1,351565.437420173,491395.594679794,605219.245913718,3.75,3.93434782608696,6.068,100.573512744254,6.69024
"1997-11-01",,,71.6,5.1,346623.439589668,482792.105395067,598201.654594853,3.75,4.0112,6.063,101.258660212873,6.58966
"1997-12-01",,,71.5,5.1,351126.424619813,496092.98469626,607535.405948829,3.75,4.02034782608696,5.743,101.166625478282,6.77155
"1998-01-01",,,71.4,5.1,352150.070872291,494707.717146306,606031.229542773,3.75,3.93327272727273,5.424,101.238208049631,6.91579
"1998-02-01",,,71.7,4.9,353385.589444512,493161.80900364,603085.634477266,3.75,3.8783,5.323,101.013234253965,6.91322
"1998-03-01",,,71.9,4.9,356568.397532011,491746.313362469,599851.799751709,3.75,3.88018181818182,5.165,100.328086785346,6.96041
"1998-04-01",,,72,4.9,363950.283407042,501173.327898459,610107.896187715,3.75,3.91829545454545,5.131,100.195147724271,6.91664
"1998-05-01",,,72.4,4.9,360096.832172016,503300.561987756,613446.47427813,4,4.58035714285714,5.235,102.199459722021,6.76461
"1998-06-01",,,72.4,4.8,362539.368216424,499604.299017813,607021.987568239,4,4.14386363636364,4.988,102.414207436066,6.82914
"1998-07-01",,,72.2,4.9,368415.067602198,515809.391296912,623546.876637555,4,4.17445652173913,4.912,102.117651069052,6.85006
"1998-08-01",,,72.3,4.9,366926.923278138,509727.311642982,618258.973351596,4,4.33440476190476,4.809,103.201615720896,6.80805
"1998-09-01",,,72.6,4.8,370549.046956919,517214.459981612,630737.135362228,5,4.91204545454545,4.737,105.195701637025,6.48679
"1998-10-01",,,72.7,4.8,376002.798383984,517021.18147265,632235.797339427,4.65,4.84795454545455,4.668,106.463735758051,6.22807
"1998-11-01",,,72.8,4.8,374331.870842667,508326.718855092,622794.032345147,4.25,4.42964285714286,4.591,105.512710167282,6.3896
"1998-12-01",,,72.7,4.9,374853.624053253,516198.88595256,632087.098083029,3.95,4.23217391304348,4.268,105.666101391599,6.34754
"1999-01-01",,,72.6,5,379915.331292645,522345.429401571,628648.293099812,3.75,3.8875,4.035,104.848014861905,6.40769
"1999-02-01",,,73.2,5,383088.314688929,523752.860666931,625250.779425349,3.5,3.615,4.188,104.643493229482,6.63452
"1999-03-01",,,73.5,5,386491.608364028,525573.032618432,628870.728259833,3.4,3.45902173913043,4.432,104.081058740317,6.82524
"1999-04-01",,,73.7,5,391777.463960447,529824.54286091,633686.871881946,2.9,3.15977272727273,4.217,103.283424373866,6.94102
"1999-05-01",,,73.9,5,399104.938880615,535168.224142925,641006.856855177,2.9,3.10845238095238,4.461,103.170937476033,6.99139
"1999-06-01",,,74.1,4.9,390877.60760781,531986.48005777,634261.62415983,2.85,3.12670454545454,4.812,102.434659599308,7.15834
"1999-07-01",,,73.9,5,394170.815471674,538121.83081097,644577.024604084,2.85,3.17306818181818,5.115,101.954033763113,7.18705
"1999-08-01",,,74.3,5.3,400961.809941215,538677.822765089,650791.169346481,2.85,3.20727272727273,5.384,102.986868006851,7.01273
"1999-09-01",,,74.7,5.2,392286.565373308,531430.061251011,642416.256759581,2.85,3.17522727272727,5.555,102.53692041552,7.07755
"1999-10-01",,,74.8,5.3,389011.516159209,529318.472723125,641091.442078091,2.85,3.69071428571428,5.76,103.109580986306,6.937
"1999-11-01",,,74.9,5.3,394372.487553663,539683.293143667,655843.854705963,3.3,3.85261363636364,5.449,101.882451191765,7.18712
"1999-12-01",,,75,5.3,385776.420089329,535065.088779864,652114.273243675,3.3,3.79847826086957,5.5,100.726903968572,7.35523
"2000-01-01",107279.179222228,73.8398153986678,74.9,5,393241.355221088,530167.056934638,645652.154016932,3.3,3.71642857142857,5.869,100.471251928042,7.33583
"2000-02-01",107359.627920497,74.0757625849719,75.4,4.6,396182.542176184,536161.12090588,648355.745660068,3.6,3.93321428571429,5.847,99.9804000102261,7.56235
"2000-03-01",108877.992857276,74.3673952130561,75.9,4.4,403455.170200868,545026.511356641,657740.220397467,3.85,4.18478260869565,5.65,99.5100002556521,7.71573
"2000-04-01",108268.360575465,74.3034078599214,76,4.4,391323.415946248,526097.00496665,633391.30904638,4.1,4.3245,5.574,98.7328180524428,7.85645
"2000-05-01",110602.969954039,74.5132562270153,76.3,4.5,393807.691480849,546342.672702287,662095.711884142,4.1,4.70130434782609,5.768,98.1294792367934,8.21324
"2000-06-01",110153.569470496,74.7446532149248,76.5,4.4,394318.106223041,548130.962785285,656194.833276399,4.7,5.14113636363636,5.67,99.6531653983485,7.85108
"2000-07-01",108662.992771259,74.6337263055653,76.2,4.2,382849.726849735,507438.401413228,609433.426455554,4.7,5.77547619047619,5.756,99.0498265826992,7.93219
"2000-08-01",110880.352540773,74.6578871090129,76.1,4.1,386772.556080909,517209.143193191,632438.005404335,5.1,5.6575,5.642,97.5977229924924,8.24039
"2000-09-01",111926.254687969,75.5485320926109,76.7,4,396803.273867129,515640.387283791,627985.058059953,5.6,6.09785714285714,5.663,96.8921233606313,8.56511
"2000-10-01",113436.489348985,75.9649668578325,76.9,4,391531.434521534,513467.099757937,623196.445958459,5.4,5.55295454545455,5.57,96.8000886260407,8.70721
"2000-11-01",113928.079634766,76.1320932410181,76.9,4.1,386182.038966436,508629.317828804,617197.481170272,5.4,5.49613636363636,5.489,96.8818972790101,8.70685
"2000-12-01",114606.731016249,76.15120864325,76.8,4.1,394414.564790058,511298.303467742,620413.792722534,5.4,5.38511904761905,5.204,98.0885749103088,8.3113
"2001-01-01",112046.65905817,76.1208371758019,76.7,4.3,388270.380015662,497072.384577085,631877.856097931,5.4,5.34354347826087,5.088,99.8985913572567,7.95062
"2001-02-01",112406.416662737,76.3848387094955,77.3,4.4,389141.627065919,505352.251277062,644810.108366993,5.3,5.272,5.062,100.092886908059,8.09493
"2001-03-01",113240.024279094,76.4572521626309,77.7,4.4,392746.17859272,511623.790047373,648612.834573106,5.3,5.16215909090909,4.945,100.307634622104,8.20677
"2001-04-01",113518.920117429,76.4357161567817,78,4.3,393642.176479581,507473.674245053,647151.344119238,5.3,5.11202380952381,5.136,99.7861044594238,8.35922
"2001-05-01",113234.970333137,76.5961705009953,78.4,4.3,392527.065528426,505448.514776496,645935.700557513,5,5.10913043478261,5.348,98.9168875216239,8.5252
"2001-06-01",114079.709549434,76.5684128800347,78.3,4.4,403001.109013841,516093.043676784,661355.387286372,5,4.96416666666667,5.328,98.2828704611111,8.72189
"2001-07-01",113457.330864223,76.6169578058536,78.1,4.5,405033.848266365,510275.915211861,656413.86141747,4.95,4.93238636363636,5.315,99.0089222562145,8.65706
"2001-08-01",115693.119546711,76.7728874243018,78.1,4.7,411911.336225447,528496.856787293,677760.335505201,4.65,4.80771739130435,5.12,100.348538948588,8.26772
"2001-09-01",115734.349589066,77.3981199140032,78.4,4.7,414382.95596999,531657.914097933,687841.017950516,4.15,4.433375,5.113,101.003008172344,8.1705
"2001-10-01",115240.871650816,77.4367772716957,78.5,4.7,417768.730402088,535823.949052364,686734.57097944,4.1,3.9595652173913,4.858,101.074590743692,8.20787
"2001-11-01",117435.283829159,77.3691662629011,78.3,4.7,418101.15952335,540371.209606799,686954.309715643,3.6,3.70102272727273,4.665,99.8781391940144,8.38144
"2001-12-01",116188.744520025,77.4720227865434,78.5,4.7,422812.948232086,545540.590568377,671051.415879359,3.6,3.63488095238095,4.972,100.174695561028,8.33059
"2002-01-01",117127.291860582,77.5644164508091,78.6,4.6,420570.725087325,544202.350899322,656033.487667863,3.6,3.6329347826087,5.083,99.8270087859085,8.41802
"2002-02-01",116035.521178833,77.9612048605347,79.2,4.4,423465.882902676,545694.258045202,657331.495537096,3.55,3.604625,5.145,99.9497217653626,8.53996
"2002-03-01",115503.186960584,78.2773851388718,79.7,4.3,421591.055415238,543046.102212842,653850.046507006,3.55,3.64047619047619,5.398,100.082660826438,8.48489
"2002-04-01",117680.639154076,78.4312724417417,80,4.3,427564.921462131,552207.476210055,666608.139719445,3.55,3.66681818181818,5.403,100.154243397786,8.3981
"2002-05-01",116899.344399357,78.4535991944827,80,4.4,426044.082310593,550039.021408512,664318.083056321,3.55,3.72554347826087,5.417,100.962103845859,8.11306
"2002-06-01",117160.716446567,78.5613390508551,80,4.5,419855.719409297,555301.614854783,672827.875566777,3.55,3.733125,5.271,102.138103232294,7.77506
"2002-07-01",118061.13661728,78.556177419696,79.8,4.8,429933.979643513,561216.681235723,682978.564979195,3.55,3.67782608695652,5.13,103.119807067927,7.48489
"2002-08-01",118200.065118873,78.8065148429649,79.9,5,436783.447294359,564250.250551139,690313.834488237,3.45,3.57897727272727,4.875,102.935737598746,7.5961
"2002-09-01",118864.298263847,79.3192866295768,80.3,5,445431.975824926,575334.968251885,707403.037617615,3.45,3.4522619047619,4.74,103.037998414957,7.57256
"2002-10-01",120069.245006892,79.4145673013332,80.5,4.9,436735.455489908,572236.174966526,709991.634669817,3.45,3.4358652173913,4.81,103.068676659821,7.57587
"2002-11-01",118453.914628544,79.2645027538164,80.5,4.8,445183.750630493,573728.116065619,718037.161436034,3.45,3.31083333333333,4.792,103.365233026835,7.49295
"2002-12-01",117423.940364564,79.0718513877319,80.5,4.7,445996.088229499,579203.600028417,751301.856049639,2.95,3.06534090909091,4.607,103.518624251153,7.28511
"2003-01-01",118682.350956355,78.9485565546202,80.6,4.8,452096.177093359,594139.849604434,770610.774040922,2.95,2.97478260869565,4.426,104.623041066239,6.99871
"2003-02-01",119550.323504561,79.3239270088656,81.4,5,460733.089270265,604138.113880391,792694.856566337,2.95,2.83425,4.21,105.891075187265,6.8986
"2003-03-01",119235.225539083,79.7992100191009,82,5.2,456875.6424405,595548.294464535,776660.295742861,2.7,2.66630952380952,4.264,106.842100778034,6.87471
"2003-04-01",119312.347446957,79.5265450142216,81.9,5.4,457948.098568926,605253.909602666,788603.58016393,2.7,2.67136363636364,4.409,106.678483472096,6.8489
"2003-05-01",118025.584307074,79.4761662463519,81.8,5.6,463459.535488672,613822.925652757,811617.698224733,2.65,2.53522727272727,4.088,108.355560857968,6.42658
"2003-06-01",118311.368245969,79.6866707857346,81.8,5.6,463261.050946058,609839.245991254,820298.873497519,2.15,2.21738095238095,3.851,108.590760735255,6.37227
"2003-07-01",118386.131891573,79.7531934948716,81.3,5.4,466119.21387958,616619.848678536,818550.412881556,2.15,2.1779347826087,4.166,107.435213512063,6.53948
"2003-08-01",119304.053013583,80.0263555780892,81.3,5.4,466376.465345085,614155.058254059,811838.649088947,2.15,2.185,4.351,106.750066043444,6.67438
"2003-09-01",121560.415094844,80.6050321330356,81.8,5.5,468260.181272177,614786.606024383,818362.336639954,2.15,2.18602272727273,4.4,106.80119645155,6.62165
"2003-10-01",121868.86858395,80.1268520369923,81.6,5.7,476660.948575136,628154.539971316,853754.450152167,2.15,2.19554347826087,4.438,107.189787553154,6.35512
"2003-11-01",122004.05550324,80.188485545912,81.8,5.8,479574.155610462,629240.424246217,857939.611830144,2.15,2.212625,4.572,107.251144042881,6.37138
"2003-12-01",122652.575912809,80.3063917367255,81.6,5.8,476555.084202164,622753.981941486,830113.330614597,2.15,2.22380434782609,4.518,108.018100164469,6.0703
"2004-01-01",123060.951995037,80.6709122860367,81.6,5.8,482555.530322314,634967.715387964,886403.588815646,2.15,2.19420454545455,4.35,108.611212898498,5.90553
"2004-02-01",124047.263182462,81.1575511385275,82.2,5.7,487144.154362838,640714.133428407,895394.669058287,2.15,2.17925,4.298,109.183873469283,5.89249
"2004-03-01",124796.884822501,81.2798804879742,82.5,5.5,490872.975001922,654502.344814172,909017.31042939,2.15,2.14467391304348,4.097,108.130587062302,6.07563
"2004-04-01",124330.98079526,80.7484481156758,82.6,5.5,497396.276451051,659064.763209173,922385.754658742,2.15,2.16863636363636,4.301,106.985265920731,6.21293
"2004-05-01",124515.372295432,80.856580668967,82.9,5.4,501406.051330195,668839.656895376,926641.340521296,2.15,2.19595238095238,4.463,107.537474328274,6.20236
"2004-06-01",124904.246909307,80.9230102980027,82.7,5.5,496452.053481456,657582.01339012,909984.338312293,2.15,2.20988636363636,4.532,107.384083103957,6.12493
"2004-07-01",125000.083568197,81.333422067308,82.4,5.6,504086.549587424,672747.212466358,930151.726974053,2.15,2.21829545454545,4.62,107.394309185578,6.06257
"2004-08-01",125392.700104555,81.4755077224196,82.2,5.6,510446.326258193,678106.258508935,924508.126382231,2.15,2.20875,4.451,106.821648614792,6.10591
"2004-09-01",127967.216327248,82.2191295769493,82.7,5.6,513169.544303604,676779.113973725,917887.147923683,2.15,2.21079545454546,4.375,107.251144042881,6.08822
"2004-10-01",128157.3934109,82.5067689469329,83,5.4,525534.746208923,684839.375693585,899812.071348952,2.15,2.20571428571428,4.229,107.67041338935,5.95414
"2004-11-01",128797.016268893,82.261975294512,82.8,5.3,536208.671827229,704639.160944733,924658.136186163,2.15,2.20636363636364,4.093,108.079456654197,5.71659
"2004-12-01",128704.190320207,82.2736394735797,82.6,5.3,543439.501024351,700595.476009819,869606.646201511,2.15,2.19804347826087,3.846,108.059004490954,5.55138
"2005-01-01",128038.18143664,82.4478252389956,82.4,5.3,545231.887041497,697401.594258302,851821.490194053,2.15,2.19583333333333,3.735,107.394309185578,5.672
"2005-02-01",128478.616233402,83.1185409151765,83.2,5.2,550965.975304596,708246.923237852,849896.623766721,2.15,2.189375,3.64,107.527248246653,5.71964
"2005-03-01",130652.302329957,83.4869213691443,83.7,5.2,563047.158001722,714014.233984047,863445.420857842,2.15,2.18619565217391,3.815,107.946517593121,5.63706
"2005-04-01",132904.45921044,83.3840068210908,84.1,5.2,582682.970786036,736082.619332539,879783.578945832,2.15,2.18094761904762,3.582,107.701091634213,5.76076
"2005-05-01",131420.332561146,83.198242908955,84.1,5,579639.825461253,728743.388038573,878737.521369809,2.15,2.17585,3.386,107.077300655321,5.86641
"2005-06-01",132550.308228414,83.3928172653734,84.2,5,596587.609877971,767189.152331519,947082.355549482,2.15,2.16090909090909,3.158,105.85017086078,6.1184
"2005-07-01",131438.604507383,83.6912480956058,84.1,5,604771.838743477,774660.844273255,965859.670694154,2.15,2.16278095238095,3.205,105.778588289432,6.19649
"2005-08-01",133155.877801888,83.9546991265643,84.1,4.7,614471.910938004,781648.683107945,967047.503807623,2.15,2.17290869565217,3.24,105.67632747322,6.07287
"2005-09-01",135791.81769073,84.8798211550266,84.7,4.5,624005.953362082,789382.070433262,966249.737389708,2.15,2.17658636363636,3.051,105.574066657009,6.08649
"2005-10-01",134721.734990147,84.830345790199,84.7,4.3,625136.554997187,786893.473445773,985818.423686627,2.15,2.21778095238095,3.218,105.093440820813,6.214
"2005-11-01",134660.942554557,84.664378000329,84.4,4.1,637593.491315935,793984.031581681,994470.731083512,2.15,2.39076818181818,3.462,104.663945392724,6.3349
"2005-12-01",136265.322455296,84.9668561456948,84.5,4.1,646231.196408999,800496.830628052,1025540.31845158,2.4,2.481,3.353,104.582136739755,6.2839
"2006-01-01",135734.061915656,84.887501,84.2,4.1,700198.052560112,866989.718004602,1051097.38609989,2.4,2.52464090909091,3.311,104.428745515437,6.16522
"2006-02-01",137798.783569945,85.5622563320024,85,4.2,642851.517148705,814820.166419312,1004784.53158249,2.5,2.65741,3.484,104.633267147861,6.25415
"2006-03-01",138845.454514399,85.5496325680596,85.3,4.2,661890.111238969,830239.361315541,1042505.04153402,2.75,2.84767391304348,3.704,105.072988657571,6.2076
"2006-04-01",139817.723649308,85.4417608404897,85.7,4.2,657352.884975492,820166.743169029,1036114.75152217,2.75,2.917925,3.975,105.318414616479,6.07621
"2006-05-01",142676.102629228,85.2879797625286,85.8,4.1,662459.853933198,826883.56815388,1044844.04332688,2.75,2.97815652173913,4.022,105.942205595371,5.84532
"2006-06-01",142795.173721464,85.5947005859103,86,4,679063.519128639,844412.872650041,1053687.08888161,3,3.07862727272727,4.029,106.320570615354,5.90165
"2006-07-01",142501.615544387,85.8564518491257,85.8,3.8,670402.636806492,837629.878348686,1057411.42691081,3,3.2044380952381,4.063,106.136501146173,5.882
"2006-08-01",142036.452391153,86.0092418573577,85.8,3.7,669455.676046014,841759.356952389,1073084.61692317,3.25,3.33108260869565,3.934,105.921753432129,5.8238
"2006-09-01",140569.63206446,86.1553072056393,86.1,3.6,682170.798339168,854247.518031932,1089620.27677663,3.25,3.44634761904762,3.792,106.156953309416,5.86156
"2006-10-01",140681.967477604,85.5751770439847,86,3.5,682307.62139408,862907.405118368,1101960.54659099,3.5,3.61454545454545,3.878,105.768362207811,5.91213
"2006-11-01",140608.772226249,85.4621155160717,85.9,3.6,685791.853104568,868812.875659609,1113306.43954717,3.5,3.72446818181818,3.775,105.614970983493,5.7893
"2006-12-01",141175.060296146,85.7085109542909,86,3.8,707477.477184262,884972.959963704,1115950.28739152,3.75,3.84040952380952,3.777,105.799040452675,5.6424
"2007-01-01",141898.923674696,86.0206379792132,85.7,4.1,705280.406517046,875987.205085407,1115764.57460806,3.75,3.91897826086956,3.996,105.430901514312,5.7347
"2007-02-01",144334.34899372,87.0856860103821,86.6,3.9,707714.639490745,896851.246739599,1124970.67753045,3.75,3.994925,4.054,106.289892370491,5.7016
"2007-03-01",144165.927331584,87.4670874930764,87,3.7,734836.011141976,930990.290997712,1143548.37326546,4,4.07257727272727,3.958,106.80119645155,5.62589
"2007-04-01",142338.920264945,87.3477288532998,87.1,3.5,724256.012032242,916415.916086575,1148102.56235372,4,4.16175238095238,4.182,106.565996574263,5.5111
"2007-05-01",142474.593332012,87.4247564006379,87.3,3.6,717090.378195489,914944.759630867,1144324.79331247,4,4.28224347826087,4.336,106.433057513187,5.51244
"2007-06-01",143421.986403042,87.317243791537,87.2,3.7,744212.172579729,944163.650022568,1170249.83252266,4.25,4.37190476190476,4.645,106.10582290131,5.55083
"2007-07-01",144333.282493545,87.2280495134248,86.8,4,749561.715080664,956987.903622396,1179143.36759464,4.25,4.41575909090909,4.582,105.85017086078,5.4254
"2007-08-01",145334.873942271,87.2712704915037,86.6,4,745721.259932553,968828.142564145,1204375.29725682,4.25,4.66050869565217,4.391,105.543388412145,5.46403
"2007-09-01",146657.143564184,88.046002536711,87.2,4.1,756317.095328027,979836.81780415,1216602.61727662,4.25,4.84933,4.357,106.02401424834,5.36252
"2007-10-01",149712.917140406,88.531537571111,87.5,3.7,753771.070565912,979233.17021794,1212865.5002917,4.25,4.83556956521739,4.394,106.02401424834,5.23904
"2007-11-01",150405.274320277,89.2102815860551,88,3.7,756191.609961022,989171.156677388,1225484.8622456,4.25,4.81840454545455,4.208,106.923909431004,5.07696
"2007-12-01",148066.108539317,88.9903305068688,88,3.3,769988.4810244,1001970.10320115,1253150.7746463,4.25,4.91786666666667,4.334,106.525092247778,5.1199
"2008-01-01",150156.915270786,88.9610636475955,88.2,3.2,776612.151902912,1002795.47507823,1272771.04667323,4.25,4.72565217391304,4.149,107.128431063427,5.0624
"2008-02-01",149716.986534178,89.6944019596644,89.3,3.5,788232.120893144,1020881.24873173,1332804.43678918,4.25,4.61476666666667,4.082,107.506796083411,5.0549
"2008-03-01",150087.498195037,90.1496337126585,89.7,3.6,803191.696101161,1027680.84480331,1320294.41635181,4.25,4.80920476190476,4.037,108.774830204436,4.8012
"2008-04-01",151002.447747002,90.5308480622186,90,3.2,789337.217661449,1016936.48765007,1337635.08394897,4.25,4.99568181818182,4.285,109.040708326587,4.7373
"2008-05-01",151109.305611527,91.1477394446005,90.3,3.5,785913.769037903,1022891.43023204,1367865.24548836,4.35,5.14324545454545,4.415,108.324882613105,4.7942
"2008-06-01",151359.346641471,91.7929429806001,90.5,3.7,773803.025225012,1010813.30678695,1355338.63666866,4.35,5.32452380952381,4.824,108.11013489906,4.7936
"2008-07-01",152240.674575322,91.9559681894325,90.3,3.7,769235.800389679,1017162.03188848,1377026.44869985,4.6,5.37890869565217,4.777,107.966969756364,4.7307
"2008-08-01",152470.656916039,92.471716953129,90.4,3.8,771323.106371846,1011675.24796445,1379181.63533196,4.6,5.3833380952381,4.486,106.831874696413,4.9834
"2008-09-01",152931.568508639,93.0233618382529,90.8,3.8,763714.632113724,1009661.35831109,1370871.18050802,4.6,5.41757727272727,4.373,106.596674819126,5.19167
"2008-10-01",152092.867374933,92.8344278186854,90.7,3.6,770610.287392255,1071910.88676399,1453988.21672619,5.5,5.99029565217391,4.427,105.768362207811,5.6029
"2008-11-01",149056.202274446,92.5310388057245,90.4,4.6,775474.657975584,1082511.09476169,1479403.17691306,5,6.075745,4.057,106.013788166719,5.8507
"2008-12-01",147496.430350621,91.8254007941419,90.1,4.2,772248.518331236,1079190.13566477,1474515.68491185,3.75,5.29173913043478,3.5,109.265682122253,5.5746
"2009-01-01",145442.559215234,90.9612976139698,89.8,5.4,770744.671657817,1091305.69259925,1549023.45145301,3,4.44275,3.442,109.194099550905,5.6316
"2009-02-01",145247.753177713,91.420123949281,90.9,5,776549.812383679,1091218.45888266,1588550.69063648,3,3.859535,3.55,109.776986203312,5.8288
"2009-03-01",143805.987607053,91.4475885011279,91.2,5.4,770819.277786322,1080799.15286128,1569824.63065346,2.25,3.27727272727273,3.44,111.177959385413,5.7146
"2009-04-01",142300.169045973,91.0297565825822,91.1,6.2,767605.662242515,1074483.32963919,1586495.01744369,2,2.943,3.499,109.991733917356,5.6501
"2009-05-01",141673.499243488,91.279297472799,91.4,6,774061.98721203,1075468.85907505,1595969.80359332,1.65,2.66565238095238,3.618,110.339420692476,5.4699
"2009-06-01",142879.031710539,91.6960951882707,91.6,7.4,783727.6505412,1070602.11678122,1602711.77812155,1.45,2.34518181818182,3.756,111.290446283245,5.3193
"2009-07-01",143832.74810325,91.7010816453621,91.2,5.8,781847.473846583,1049675.96102992,1607733.631211,1.45,2.06419130434783,3.736,111.024568161095,5.2856
"2009-08-01",144310.598553102,92.358866389138,91.4,7.1,808019.438072878,1064997.65366557,1629142.65420583,1.25,1.93799047619048,3.602,110.380325018961,5.2175
"2009-09-01",144164.653343648,92.6793089741669,91.6,7.2,794519.222773198,1053106.55056925,1649350.06520209,1,1.76246818181818,3.646,111.06547248758,5.1119
"2009-10-01",145629.445804033,92.8204862334189,91.6,7,807164.544289352,1048913.71995551,1633711.11346515,1,1.58281818181818,3.596,111.321124528109,5.0245
"2009-11-01",146142.00606545,92.9055815320681,91.6,7.3,809841.402681894,1043754.44903393,1591701.71853938,1,1.55866666666667,3.622,111.177959385413,4.9897
"2009-12-01",144100.448130517,92.766877895554,91.4,7.5,803552.708447247,1037611.080945,1581452.28470294,0.95,1.55176086956522,3.529,110.11444689681,5.0869
"2010-01-01",146904.631439669,93.1622862595662,91.6,7.5,816377.508732976,1035481.95288198,1558342.95787666,0.8,1.46290476190476,3.568,109.204325632526,5.2155
"2010-02-01",148997.60223102,94.1310187525111,92.7,7.7,822249.518180929,1035363.2005541,1552106.82726319,0.8,1.39265,3.496,108.406691266074,5.4398
"2010-03-01",149475.66632931,94.7875411994716,93.3,7.8,827443.076172919,1031996.27288934,1550946.44182618,0.7,1.37167391304348,3.4,107.803352450425,5.4849
"2010-04-01",150390.784917767,94.9877286575929,93.4,7.7,824774.783392555,1029521.50597916,1558989.83415322,0.7,1.28375,3.343,106.658031308853,5.5517
"2010-05-01",150216.87421288,94.9649486025413,93.4,7.6,827822.099811719,1025080.07876125,1570901.85457051,0.5,1.25198888888889,2.928,104.960501759738,5.919
"2010-06-01",150786.440869352,94.680740657165,93.3,8,826375.311632315,1017000.46792423,1601165.19927178,0.5,1.15197727272727,2.701,103.876537107894,6.0955
"2010-07-01",151949.719633176,94.5432846751613,93.2,7.7,833247.413166965,1021036.23700617,1643860.38495914,0.5,1.13409090909091,2.716,104.837788780284,5.8372
"2010-08-01",150966.257892579,94.9559281764581,93.6,7.6,836651.049788431,1025508.53892051,1606369.74083366,0.5,1.14454545454545,2.446,104.88891918839,5.779
"2010-09-01",155081.722474246,95.3741085527186,93.9,7.6,833593.66990586,1001610.08538627,1447858.19084352,0.5,1.14602272727273,2.395,104.848014861905,5.7026
"2010-10-01",152637.85331101,95.4228826579368,93.8,8.1,825541.62557528,1009272.52603453,1471302.73081628,0.7,1.19130952380952,2.456,106.054692493204,5.3657
"2010-11-01",152605.364102268,95.5752459757722,93.9,7.5,820127.173349328,997745.995335648,1477849.11889369,0.7,1.23872727272727,2.652,105.359318942964,5.4599
"2010-12-01",152882.882586723,95.5690778967969,94,8.2,814927.042232023,988884.099842268,1509087.3817226,0.7,1.21166666666667,3.012,103.57998074088,5.6381
"2011-01-01",153041.880692792,95.4144826152765,94.1,8,802932.778504068,962064.222927116,1338826.17879187,0.7,1.21607142857143,3.052,103.590206822501,5.58
"2011-02-01",153762.980146414,95.8393692136737,95.2,7.8,807755.432960186,972772.493595105,1340659.66160548,0.7,1.23975,3.23,104.674171474345,5.4627
"2011-03-01",155153.039160794,95.7460607999382,95.8,7.9,802693.833963032,971873.543367871,1340306.34627576,0.7,1.30739130434783,3.289,105.430901514312,5.3275
"2011-04-01",154340.88146501,95.3720844950648,96.2,7.3,806381.608810277,971529.251985528,1298680.05160186,0.95,1.41214285714286,3.416,106.167179391037,5.1763
"2011-05-01",155170.068891654,94.992590312644,96.3,7.8,805901.408098316,971341.203386075,1307534.16938891,0.95,1.45738636363636,3.131,105.727457881326,5.19507
"2011-06-01",153709.849643335,94.7164845177651,96.1,7.3,798119.302101796,965294.919004755,1293087.42210708,0.95,1.50647727272727,2.958,105.839944779159,5.18666842105263
"2011-07-01",151917.919755381,94.9324627568637,96,8.2,802279.873602624,967403.229731124,1304861.89265033,1.2,1.6625,3.016,105.533162330524,5.2276
"2011-08-01",153057.497399809,95.1816124754632,96,7.6,792637.78456232,954131.17684734,1277715.44701267,1.1,1.60413043478261,2.494,105.727457881326,5.1942
"2011-09-01",153408.682844809,95.6740171694828,96.3,7,802870.048842106,969111.679407439,1321789.3177125,1,1.43659090909091,2.071,105.001406086223,5.4093
"2011-10-01",154760.659218552,96.0048275131836,96.4,8.2,791869.931098804,946539.072826812,1277672.17993796,1,1.39738095238095,2.232,105.021858249465,5.5331
"2011-11-01",155355.203961577,95.9050814932988,96.3,8.1,790015.021571588,949722.433030647,1302733.61488653,0.65,1.28772727272727,2.005,104.612814984618,5.4901
"2011-12-01",154852.536819871,95.773613761376,96.3,7.9,797647.135367899,958088.871095994,1353244.88223007,0.3,1.08020454545455,1.857,103.477719924668,5.642
"2012-01-01",154294.85389247,95.8964380424381,96.7,7.5,796930.457109667,957934.592712416,1453677.77214823,0.3,1.00693181818182,1.735,102.843702864155,5.7579
"2012-02-01",156902.223643595,96.6867825276334,97.8,8.1,796333.584624717,958442.011203998,1440940.2950557,0.3,1.00071428571429,1.844,103.67201547547,5.6222
"2012-03-01",156343.522463935,97.3894344486386,98.3,7.6,800379.615641578,959803.415359507,1478784.78869936,0.3,0.987818181818182,1.887,103.57998074088,5.63270909090909
"2012-04-01",156610.112009016,97.6922928093496,98.3,8.4,808929.140059532,970349.229309336,1505395.29548457,0.3,0.966452380952381,1.713,103.048224496579,5.65012222222222
"2012-05-01",158257.429373234,97.864885417117,98.4,8.5,813114.229080241,974236.990444627,1481971.11978098,0.2,0.901413043478261,1.369,102.88460719064,5.80205789473684
"2012-06-01",158077.75861775,97.8343519141642,98.2,7.8,829713.244889917,989449.34019315,1470898.15494453,0.05,0.623333333333333,1.255,102.403981354445,5.931575
"2012-07-01",158201.977410076,97.6832258631793,98.2,7.5,834180.625488707,988446.410680001,1456584.21411042,-0.2,0.406477272727273,1.1,101.217755886388,6.06024285714286
"2012-08-01",158676.454191287,98.1160587653033,98.5,8.1,846910.686809528,1001388.57848871,1468580.8808074,-0.2,0.312434782608696,1.149,100.747356131814,6.00486956521739
"2012-09-01",158458.968398637,98.5494275624329,98.7,7.7,869147.564979988,1018330.92921142,1464093.33868569,-0.2,0.3217,1.31,101.596120906372,5.79223157894737
"2012-10-01",159152.634334488,98.6714654042885,98.7,7.6,866412.40884775,1015299.63986199,1425275.14546723,-0.2,0.334521739130435,1.292,101.688155640962,5.74629
"2012-11-01",159369.520287909,98.6252277747358,98.5,7.3,876284.664318259,1023025.58039933,1396088.36738292,-0.2,0.300818181818182,1.113,101.258660212873,5.81822
"2012-12-01",158592.545377603,98.119768622763,98.3,7.4,885069.509967464,1030287.82598901,1390352.68218733,-0.2,0.277619047619048,1.074,101.473407926918,5.69128823529412
"2013-01-01",159234.814582726,97.3313038265928,97.9,7.9,881215.387027551,1032784.83657187,1309944.25568803,-0.1,0.304,1.612,102.066520660946,5.61656666666667
"2013-02-01",159523.258432409,98.2667652415765,99,7.2,871650.469006421,1017269.06956149,1279236.56950488,-0.1,0.3285,1.729,103.140259231169,5.5849
"2013-03-01",159601.826984865,98.4503207566399,99.3,7.5,887810.049942643,1040431.32655358,1268646.4605188,-0.1,0.273452380952381,1.588,102.01539025284,5.749
"2013-04-01",160547.613089791,98.368146529895,99.1,8.3,876789.125929924,1025568.64765761,1220109.71307163,-0.1,0.259922727272727,1.415,101.974485926355,5.7241
"2013-05-01",160779.337893169,98.6796420091993,99.2,6.6,873091.918989434,1020238.82977969,1210785.11361952,-0.1,0.240326086956522,1.454,102.219911885263,5.73612631578947
"2013-06-01",160515.449017041,98.593020089506,99.1,7.5,878713.777993118,1026365.04738503,1219509.46282181,-0.1,0.25725,1.722,103.089128823063,5.64524117647059
"2013-07-01",162660.899544801,98.375860740698,98.8,7.5,875321.051409254,1023501.58537394,1200854.4721875,-0.1,0.268369565217391,1.765,102.956189761988,5.7002
"2013-08-01",161857.639567279,98.5834951201173,98.9,7.1,876529.57966544,1023137.56468681,1170531.47491637,-0.1,0.268068181818182,1.94,103.600432904122,5.6036
"2013-09-01",161877.96088792,98.9808801690096,99.2,7.5,883966.5816019,1032146.91372851,1201342.09807909,-0.1,0.271071428571429,2.099,103.40613735332,5.587976
"2013-10-01",164415.416383389,99.2485177665896,99.3,6.8,886810.739020213,1035484.41841666,1216437.71622138,-0.1,0.27304347826087,1.934,104.01970225059,5.46971428571428
"2013-11-01",162160.569827336,99.0831432334727,99.1,7.6,895875.834636023,1038949.97747627,1210912.79928702,-0.1,0.253571428571429,1.797,103.927667516,5.53261578947368
"2013-12-01",162380.413789275,99.09403301057,99,6.9,886479.895790616,1034996.1634375,1198208.39264649,-0.1,0.25875,1.885,104.377615107331,5.4457
"2014-01-01",162695.391561361,99.0108913183892,98.9,7.5,895372.858191097,1047607.22480516,1217515.40267232,-0.1,0.276304347826087,1.856,104.571910658134,5.4822
"2014-02-01",164190.02353951,99.6190665029947,99.5,6.9,902068.57746258,1058545.80853255,1221793.89655352,-0.1,0.268,1.673,105.011632167844,5.4025
"2014-03-01",163557.784899129,99.6682228221649,99.6,6.7,910797.739741114,1063608.46176574,1212897.48706388,-0.1,0.29297619047619,1.614,105.144571228919,5.3999
"2014-04-01",163816.889091389,99.6148423764581,99.8,6.7,907557.843228408,1061372.48243852,1221456.43255582,0.05,0.306184210526316,1.565,105.072988657571,5.4059
"2014-05-01",163793.199436194,99.4716877033001,99.7,6.8,914417.636328346,1065357.12867485,1219848.17947491,0.05,0.3475,1.469,104.520780250028,5.427
"2014-06-01",163304.811472418,99.2401854663007,99.7,7,902979.708775501,1049637.78517637,1230166.49667108,0.05,0.363947368421053,1.377,104.142415230044,5.4871
"2014-07-01",164521.430607545,98.8969650198547,99.5,6.5,912955.260566105,1066679.24269604,1248063.44320918,0.05,0.377826086956522,1.235,104.183319556529,5.5075
"2014-08-01",165893.765324741,98.9069439911752,99.4,7.1,920627.083730685,1081586.02131078,1280651.36350848,0.05,0.366547619047619,1.066,103.610658985743,5.5988
"2014-09-01",166110.304067714,99.58106617174,99.7,7.2,923754.426379134,1078443.16272082,1278672.95127249,-0.05,0.286818181818182,0.959,102.915285435503,5.7712
"2014-10-01",167129.088419741,100.304292429441,99.8,6.8,944209.96191375,1097834.19381534,1336079.90844058,-0.05,0.296304347826087,1.127,102.71076380308,5.8749
"2014-11-01",166759.497358082,100.49814045438,99.6,6.7,943786.77149026,1089508.75877361,1353840.62391957,-0.05,0.295375,1.025,102.772120292807,5.9666
"2014-12-01",168489.014222177,100.294881383076,99.4,7.1,954900.133232234,1098950.59902685,1350803.58887277,-0.05,0.301710526315789,0.932,103.201615720896,6.026
"2015-01-01",166438.473543181,99.609951265294,98.8,6,995560.506407245,1147960.35906751,1461874.6516668,-0.5,0.182619047619048,0.626,101.575668743129,6.40537
"2015-02-01",168215.355020016,100.122126621391,99.8,6.5,1012784.46502468,1150545.7181845,1462335.84438763,-0.75,-0.327125,0.2,100.951877764238,6.56890555555556
"2015-03-01",169569.771436803,100.206309581643,100.2,6.6,1003765.84304605,1140453.27181371,1426782.61460391,-0.75,-0.190113636363636,0.295,98.9577918481086,6.8851
"2015-04-01",168993.020841827,99.884393137692,100.3,6.5,1022094.91338188,1149502.41678319,1476613.47204712,-0.75,-0.193157894736842,0.246,98.221513971384,6.92876842
"2015-05-01",167680.613701295,99.6587744671862,100.4,6.1,1033794.66892439,1152629.1165342,1487015.46600837,-0.75,-0.176578947368421,0.73,99.1214091540474,6.702647
"2015-06-01",169481.165456878,99.5882023294645,100.3,6.4,1039790.23226345,1152863.71070356,1473246.04237098,-0.75,-0.196405263157895,1,99.622487153485,6.653748
"2015-07-01",168603.371629527,99.8335577280111,100.2,6.6,1061816.85342573,1173529.95267569,1520011.05994555,-0.75,-0.157391304347826,0.943,99.4077394394403,6.7863
"2015-08-01",169687.935976226,99.7998341308293,100,6.1,1043100.8576358,1147270.2822217,1480762.11780449,-0.75,-0.0685714285714286,0.842,100.604190989118,6.7013
"2015-09-01",170066.692394247,100.319328503565,100.2,6,1042222.80043891,1145810.55612051,1495952.73726053,-0.75,-0.0138636363636364,0.928,101.299564539358,6.649282
"2015-10-01",169898.941012798,100.392797726539,100.1,6.2,1050548.37455874,1156928.54942919,1514310.54268989,-0.75,-0.0700772727272727,0.83,100.818938703162,6.641077
"2015-11-01",170014.446038519,100.315941204627,99.9,5.9,1051679.47300409,1162617.58648006,1517717.71911363,-0.75,-0.141785714285714,0.812,99.3157047048497,6.949729
"2015-12-01",171556.012948683,100.268783303759,99.8,6.3,1053219.96597854,1169041.62153583,1518226.3105148,-0.75,-0.127375,0.834,100.10311298968,6.862655
"2016-01-01",171920.661683876,99.7949927746573,99.4,5.7,1051242.37008319,1153463.26648218,1493363.52781939,-0.65,-0.058875,0.786,101.135947233419,6.862655
"2016-02-01",171934.465234862,100.264006915586,100.1,6.1,1058798.70255147,1157290.34413976,1480989.44402168,-0.65,-0.0769047619047619,0.545,102.230137966885,6.728429
"2016-03-01",172772.373081262,100.248838410534,100.2,6.1,1063712.21432928,1162955.55426318,1472652.83880155,-0.65,-0.07675,0.508,101.135947233419,6.72137
"2016-04-01",173558.166780097,100.268175883712,100.3,6,1091129.07562954,1192641.57216777,1504028.91524258,-0.65,-0.091125,0.396,101.483634008539,6.56171
"2016-05-01",174384.120272109,100.308941208514,100.5,6.3,1085629.24177429,1202103.57303066,1508754.30281474,-0.65,-0.0942105263157895,0.414,101.790416457174,6.585089
"2016-06-01",175261.812947794,100.270611269436,100.6,5.9,1096915.02125557,1212590.43520016,1502983.52224557,-0.65,-0.167840909090909,0.225,101.596120906372,6.623795
"2016-07-01",176971.821487124,100.043343809091,100.5,6.5,1110272.90606345,1225460.07989373,1496333.57844893,-0.65,-0.185714285714286,0.073,101.657477396099,6.72305
"2016-08-01",176135.701741639,99.8054560214748,100.2,5.8,1116241.34776337,1227057.20201031,1481752.51012702,-0.65,-0.205869565217391,0.038,101.483634008539,6.63692608695652
"2016-09-01",173066.576771237,100.263733235465,100.2,5.7,1117935.16292743,1218519.88323325,1467123.92032657,-0.65,-0.191818181818182,0.014,101.217755886388,6.642432
"2016-10-01",177956.649647878,101.151668137908,100.4,6.3,1118685.16795869,1220404.99072727,1461476.44836553,-0.65,-0.195238095238095,0.132,101.238208049631,6.748548
"2016-11-01",178556.502719053,101.282182353228,100.3,5.8,1128745.85677305,1227369.86803597,1465187.63035927,-0.65,-0.18375,0.324,101.227981968009,6.892377
"2016-12-01",179001.347633069,101.393192189066,100.3,5.6,1132242.19479725,1232946.75086962,1463208.88063115,-0.65,-0.202857142857143,0.389,100.307634622104,7.054238
"2017-01-01",177072.19021541,101.025832586869,100.3,6.1,1136663.90640638,1236179.81543335,1481982.60802027,-0.65,-0.229318181818182,0.373,100.573512744254,7.005736
"2017-02-01",181065.758477058,101.506938764284,101.1,6.3,1142571.73578605,1245254.95019763,1499711.74665183,-0.65,-0.23325,0.334,100.553060581012,6.98537894736842
"2017-03-01",183079.351307531,101.580084177478,101.2,5.9,1143940.65517265,1249706.82626154,1509400.01511457,-0.65,-0.254021739130435,0.189,100.573512744254,6.98621
"2017-04-01",182564.040829872,102.056793947361,101.4,5.9,1142180.3038444,1241879.00888325,1500129.78051098,-0.65,-0.256911764705882,0.545,100.205373805892,6.933541
"2017-05-01",184332.82614977,101.842157256949,101.3,5.9,1155827.8861335,1256295.61585434,1507581.39844055,-0.65,-0.23275,0.635,101.166625478282,6.732942
"2017-06-01",182867.333020359,101.344795691245,101.2,5.8,1160551.15765351,1259692.59424063,1514030.51726709,-0.65,-0.226309523809524,0.529,101.534764416645,6.62404285
"2017-07-01",182322.511608104,101.790044450245,102,5.8,1154326.13914285,1258161.96633564,1495435.85777866,-0.65,-0.239761904761905,0.673,103.068676659821,6.46125238
"2017-08-01",183207.008487776,101.139180322858,101.7,6,1159467.28890298,1266509.808372,1506442.07330603,-0.65,-0.265869565217391,0.546,103.201615720896,6.29995217
"2017-09-01",181265.67990412,101.346662915091,101.8,6,1173339.69976245,1279429.41024683,1512521.74591756,-0.65,-0.306190476190476,0.51,102.874381109019,6.24485238
"2017-10-01",183945.80525313,101.815478434051,101.9,5.4,1167886.17316689,1272534.00448536,1487234.83155592,-0.65,-0.306022727272727,0.531,102.772120292807,6.33142272
"2017-11-01",184694.69321363,101.679610093686,101.6,5.5,1161947.70766003,1261392.02524906,1475398.09375608,-0.65,-0.311136363636364,0.442,102.700537721459,6.34062272
"2017-12-01",183172.001533241,101.251305198159,101.3,5.3,1191096.83617366,1296030.02927068,1508620.6515378,-0.65,-0.303552631578947,0.41,102.332398783096,6.28876842
"2018-01-01",183622.927537212,100.665873427184,101,5.4,1192051.50855733,1296850.68550511,1502661.16060138,-0.65,-0.307045454545455,0.567,102.506242170656,6.10417727
"2018-02-01",184310.923677892,101.100615485754,101.7,4.6,1202135.02720593,1303628.77089076,1496082.19990739,-0.65,-0.30075,0.772,103.0584505782,6.03029
"2018-03-01",184855.348784896,101.058230558605,101.7,5.6,1206832.57106051,1303706.89403401,1491918.5867293,-0.65,-0.298625,0.642,102.853928945776,6.03795
"2018-04-01",185833.613312893,101.729426723748,102.2,5.1,1220211.20076578,1318113.72477755,1505631.05248515,-0.65,-0.288947368421053,0.553,103.181163557654,6.06170526
"2018-05-01",185572.019588488,102.01307835663,102.4,5,1204597.16097213,1300902.53959421,1494078.68495021,-0.65,-0.2845,0.518,102.444885680929,6.30992631
"2018-06-01",186469.367098619,101.975779463304,102.3,5.3,1225657.06538625,1320995.20162578,1498760.13931152,-0.65,-0.3035,0.407,102.086972824188,6.379375
"2018-07-01",189101.803115468,102.80933238501,103.1,5,1221619.52466678,1318917.3941448,1498432.5729201,-0.65,-0.301931818181818,0.32,103.528850332774,6.37732272
"2018-08-01",187830.098988468,102.515371712028,102.7,5,1237885.97822705,1337608.13710816,1506598.8547115,-0.65,-0.299347826086957,0.326,103.273198292244,6.45646521
"2018-09-01",188024.397896064,102.618867173378,102.4,4.7,1236925.19448213,1338598.34817891,1495629.81673988,-0.65,-0.30375,0.365,103.007320170094,6.39745
"2018-10-01",189761.865625824,103.317212510371,102.7,5,1230780.14717039,1335162.9801191,1478850.99765681,-0.65,-0.305869565217391,0.418,102.45511176255,6.49606956
"2018-11-01",188303.769917016,103.184509869819,102.4,5.1,1246110.86365057,1348435.38251652,1481328.7023688,-0.65,-0.302840909090909,0.336,101.994938089598,6.5641
"2018-12-01",189856.16445716,102.604061956843,102.1,5.7,1239661.06763534,1336397.49300239,1464413.82571064,-0.65,-0.293823529411765,0.234,101.698381722583,6.56059411
"2019-01-01",188662.136083924,102.397993134605,102.3,5.1,1256163.01413093,1348206.40160463,1472898.16014411,-0.65,-0.295568181818182,0.153,102.127877150673,6.53962727
"2019-02-01",188506.682276931,102.604262981787,102.8,5.1,1257784.83345057,1348212.43786903,1475361.96662456,-0.65,-0.3155,0.054,102.005164171219,6.574515
"2019-03-01",190084.781639145,102.513919277894,102.9,5.2,1258371.54171372,1358835.97086277,1480450.46380613,-0.65,-0.317857142857143,0.163,101.381373192327,6.60263809
"2019-04-01",190860.869736504,102.76563921884,103.2,5.4,1245335.94710713,1348622.02432622,1462694.53348474,-0.65,-0.329473684210526,0.082,100.97232992748,6.64293684
"2019-05-01",193077.982693108,102.800308040668,103.1,4.8,1256473.4498139,1352695.32198223,1458069.11440613,-0.65,-0.339,0.044,101.268886294494,6.673521
"2019-06-01",189896.847570388,102.71549391933,102.9,4.5,1270722.18649321,1368315.95712271,1467065.47886692,-0.65,-0.356111111111111,-0.217,101.135947233419,6.61093888
"2019-07-01",193675.875183002,103.632687858451,103.5,4.6,1280453.15775192,1375407.53822815,1472504.4854747,-0.65,-0.389782608695652,-0.308,101.391599273948,6.65496086
"2019-08-01",192446.071045593,103.430801390493,103.1,4.9,1296575.80211333,1388789.65915602,1484615.2581173,-0.65,-0.430909090909091,-0.579,101.637025232856,6.70523181
"2019-09-01",193275.053771405,103.200032830643,102.9,5.1,1295361.87680905,1385635.46005358,1475542.79984192,-0.75,-0.447738095238095,-0.591,100.70645180533,6.78267619
"2019-10-01",194605.52251953,103.672850845621,103.3,5,1312887.18625712,1399511.1622304,1501563.64478219,-0.75,-0.427830434782609,-0.432,100.839390866405,6.75830869
"2019-11-01",192488.787786666,103.646284205515,103.1,5.2,1324454.45956726,1409912.02649003,1506241.65754187,-0.75,-0.413642857142857,-0.312,100.236052050755,6.76153809
"2019-12-01",196055.989693804,103.854629113788,102.9,5.1,1320124.00691271,1403044.87303108,1500430.64798276,-0.75,-0.40055,-0.258,99.6531653983485,6.72646666
"2020-01-01",196472.661780924,104.777708094522,103,4.7,1332452.16941161,1416575.05283043,1521214.57041364,-0.75,-0.407890909090909,-0.259,99.8883652756355,6.73230454
"2020-02-01",197793.494415184,105.540760542827,103.6,5.3,1340535.74245935,1418040.94269543,1525170.74548628,-0.75,-0.40899,-0.411,99.9804000102261,6.851725
"2020-03-01",192513.743803892,105.421973700241,103.3,4.8,1354878.27807089,1422126.69573899,1524840.75429277,-0.6,-0.362872727272727,-0.409,101.93358159987,6.75452727
"2020-04-01",184709.207904005,105.225082632432,103.2,4.2,1355729.3579504,1432522.76705013,1539415.12619158,-0.6,-0.122636842105263,-0.21,101.964259844734,6.86968421
"2020-05-01",180919.039002679,105.125727685691,103.1,5.3,1388941.182791,1463840.41516601,1571435.96512931,-0.6,-0.126672222222222,-0.288,101.739286049068,6.84278235
"2020-06-01",186024.153093316,105.189717596974,103.2,6.8,1396238.57639393,1471939.45182819,1580659.94173647,-0.6,-0.166495,-0.264,101.93358159987,6.62197
"2020-07-01",192417.616418447,106.251591911013,104,6.4,1420413.25349349,1501810.18510949,1618138.87923741,-0.6,-0.187113043478261,-0.341,103.099354904684,6.4978
"2020-08-01",197424.751043655,106.079315115911,103.6,6.3,1419297.10101041,1490764.28178643,1603529.88304029,-0.6,-0.206828571428571,-0.357,103.57998074088,6.2953619
"2020-09-01",200671.432537898,106.221918528167,103.5,6,1421750.1170089,1493707.61509943,1599810.0863553,-0.6,-0.225777272727273,-0.385,103.528850332774,6.31101363
"2020-10-01",198768.140195741,107.113545697605,103.7,5.9,1450014.55300689,1517134.22745718,1663227.46004541,-0.6,-0.219236363636364,-0.458,103.549302496016,6.32048636
"2020-11-01",200114.802559956,107.389060310855,103.6,5.9,1455469.94643378,1519532.35799974,1654782.27235031,-0.6,-0.228571428571429,-0.46,103.007320170094,6.29017619
"2020-12-01",198761.857244303,107.775957455971,103.4,5.9,1466888.66746144,1531972.37584983,1670895.7115808,-0.6,-0.223665,-0.469,102.925511517124,6.117995
"2021-01-01",200375.18030061,108.475703106925,103.6,6.2,1464472.34464711,1529688.59005718,1668124.94206321,-0.6,-0.237845,-0.444,102.475563925793,6.112085
"2021-02-01",202733.285986703,108.995659765724,104.2,6,1473714.97195437,1534113.92208885,1670640.85609152,-0.6,-0.22733,-0.282,102.28126837499,6.14729
"2021-03-01",206689.433712687,108.57873897495,104.3,6.4,1493444.23213488,1564044.8656108,1684046.05672746,-0.5,-0.207695652173913,-0.028,101.861999028522,6.2498
"2021-04-01",208744.546436889,108.231474989358,104.7,5,1496777.80604541,1575320.07334186,1689436.07125183,-0.5,-0.209816666666667,0.003,102.01539025284,6.20469444
"2021-05-01",211051.296120829,107.931884550118,104.9,5.1,1490366.8968686,1563027.97227264,1681898.78470351,-0.5,-0.209083333333333,0.113,102.086972824188,6.12200555
"2021-06-01",210564.157442282,107.758174817958,105,4.8,1463691.83088429,1538742.47400227,1663616.52658198,-0.5,-0.210340909090909,0.106,101.575668743129,6.17347272
"2021-07-01",214929.375864638,108.404786759702,105.7,4.2,1474114.68031451,1549021.59453005,1669845.16032576,-0.5,,-0.05,101.923355518249,6.29121363
"2021-08-01",214909.230188375,108.205364429952,105.5,5.1,1455447.27167267,1530403.88484432,1659134.01061988,-0.5,,-0.156,101.248434131252,6.31767727
"2021-09-01",218644.993946986,108.779794795501,105.8,4.8,1463756.75943128,1536426.48153948,1665838.35964363,-0.5,-0.21425,-0.013,101.003008172344,6.31790909
"2021-10-01",225342.182282844,110.145276513793,106.8,4.8,1463651.41662154,1538138.09631124,1666240.2075356,-0.6,-0.276342857142857,0.097,100.634869233981,6.41284285
"2021-11-01",228301.689676269,110.898740228638,107.1,4.1,1453920.94536023,1527863.49109158,1656579.31722952,-0.6,-0.275238095238095,0.006,100.225825969134,6.51680454
"2021-12-01",225234.628040887,110.81410180701,106.6,4.5,1463404.29219833,1539540.06500536,1673363.29954389,-0.6,-0.272866666666667,-0.082,99.4690959291673,6.5795619
"2022-01-01",226534.829409337,113.001431560544,108.1,4.9,1456974.87506872,1534200.41362433,1668016.11804107,-0.6,-0.294776190476191,0.114,100.113339071301,6.57694285
"2022-02-01",227547.885734317,114.360228894633,109.2,4.4,1476745.00820367,1552793.89858579,1679698.60459346,-0.6,,0.458,100.440573683179,6.560795
"2022-03-01",229410.984856347,115.364136888852,109.9,4.1,1475019.08954,1558709.17898272,1673145.66378627,-0.6,-0.243636363636364,0.565,99.1009569908051,6.7526
"2022-04-01",231850.239419812,117.491754462569,111.7,4,1489573.0102404,1572468.26052523,1690409.8976305,-0.6,-0.210733333333333,1.04,98.9168875216239,6.87962777
"2022-05-01",236689.877599535,118.755187017839,112.7,4.1,1482205.70356232,1574548.0661103,1702370.79231116,-0.6,-0.153336842105263,1.298,99.3463829497132,7.03652631
"2022-06-01",240866.282980654,119.903513894595,113.6,4.3,1520888.75968341,1613790.22025678,1737758.24104617,-0.6,0.0142857142857143,1.835,99.5611306637579,7.04667142
"2022-07-01",242561.270608276,121.640468972466,114.9,4.7,1527666.77357903,1630991.1694957,1756162.58239193,-0.1,0.28047619047619,1.586,99.4997741740309,7.31265714
"2022-08-01",243976.713032277,121.415462949769,114.9,4.6,1540533.36046223,1642398.7026987,1776779.02448657,-0.1,0.694639130434783,1.375,98.6919137259581,7.34598695
"2022-09-01",246487.116359447,122.442587142538,116.4,4.5,1569994.83109299,1672408.88304232,1805874.30608175,0.65,1.34484545454545,2.2,99.5918089086214,7.51083181
"2022-10-01",241712.312837412,123.004651788654,117.6,4.5,1555440.37594659,1673527.05846498,1825471.21860805,1.25,1.80128095238095,2.599,100.236052050755,7.57167142
"2022-11-01",238166.717122267,120.554678745289,116.6,4.7,1554289.85378456,1684347.46299974,1838472.10324803,1.25,2.09060454545455,2.378,99.7758783778026,7.29525454
"2022-12-01",238423.670040321,118.492959254878,115.9,4.7,1548697.89136786,1681353.17526582,1845979.64624876,1.75,2.33254285714286,2.285,99.8372348675296,7.02425714
"2023-01-01",236811.59597075,117.864111856681,116.4,4.3,1569936.06084177,1704961.17404384,1865610.37199633,1.75,2.61970454545455,2.433,100.317860703725,6.90794545
"2023-02-01",240797.020142235,117.834425698504,117.5,5.4,1545299.31456588,1693849.86522174,1864322.32193035,2.1,2.855665,2.545,100.53260841777,6.94864
"2023-03-01",236407.483887014,117.174867812678,117.3,4.8,1560062.21198921,1713505.95877878,1877483.44651369,2.6,3.07275652173913,2.551,100.01107825509,6.95546956
"2023-04-01",234373.6236779,117.346239850257,117.6,5,1530067.87985756,1691006.0753111,1867239.34637692,2.6,3.28157058823529,2.597,100.4507997648,6.79257058
"2023-05-01",231028.539297383,114.803958766466,116,4.8,1511427.60532795,1677244.29317468,1859507.13781372,2.85,3.39613684210526,2.539,98.9271136032451,6.85044444
"2023-06-01",233791.037024718,113.796072547623,116.4,4.7,1503034.35063633,1677333.53951333,1847878.72376015,3.1,3.56237619047619,2.571,99.4793220107885,6.868105
"2023-07-01",233478.726611928,114.140523709848,118.5,5.4,1493188.05026598,1682287.47354215,1840379.31227065,3.35,3.7208,2.738,101.739286049068,6.738676
"2023-08-01",230300.038948846,112.002899956944,117.7,4.3,1505305.09534944,1701357.08775814,1877198.04095315,3.35,3.80144347826087,2.843,100.716677886951,6.831517
"2023-09-01",229122.934439226,111.351555010625,117.4,4.8,1494409.61669077,1700447.54283287,1877469.54733256,3.6,3.91015714285714,2.954,99.857687030772,6.979686
"2023-10-01",231630.543075362,112.1063590472,117.7,6.2,1482580.00070082,1695525.30650613,1867468.79129567,3.6,3.96545454545454,3.133,99.622487153485,7.063186
"2023-11-01",233507.442741939,112.143947478462,117.3,5.9,1482537.42476392,1694847.13828412,1881573.72216885,3.6,3.95196363636364,2.868,99.7349740513179,6.901386
"2023-12-01",233493.314182699,112.1186766094,116.7,5.8,1498435.00294613,1717385.72509027,1934239.31110559,3.6,3.90684736842105,2.361,98.6101050729887,6.838805
"2024-01-01",236412.500775647,113.903065905929,117.8,5.9,1505990.65085685,1739210.78865459,1881788.02612651,3.6,3.88954090909091,2.403,99.7042958064544,6.838345
"2024-02-01",239556.37357461,114.720659692389,118.4,5.8,1487707.45724409,1712060.706494,1881498.0768367,3.6,3.87793333333333,2.475,99.4179655210615,6.906262
"2024-03-01",236296.125649743,114.7328387843,118.4,5.8,1470045.20806169,1710514.19502602,1895345.93422839,3.6,3.87876315789474,2.393,99.3975133578191,6.856389
"2024-04-01",243296.467224949,114.501382901523,118.5,6,1461574.85556403,1704833.86350561,1869162.75161466,3.6,3.82254285714286,2.48,99.1111830724262,6.953914
"2024-05-01",239117.626291841,114.57242729997,118.5,6.1,1482346.64101026,1747887.16407214,1917832.89304179,3.6,3.734335,2.522,99.0089222562145,6.898111
"2024-06-01",241607.306483211,115.131152038733,118.5,6.3,1471434.05377032,1742097.7229703,1952794.60673544,3.35,3.64736315789474,2.518,98.5385225016404,6.937032
"2024-07-01",253741.215011614,117.408404839752,119.8,6,,,,3.35,3.58696086956522,2.448,99.919043520499,6.880035
"2024-08-01",249870.169115439,117.367154876279,,6.1,,,,,3.44620454545455,2.199,,
"2024-09-01",245729.715872947,117.175390853779,,6.6,,,,,3.3398380952381,2.114,,
"2024-10-01",,,,5.9,,,,,3.07855217391304,2.104,,
"2024-11-01",,,,6.8,,,,,2.89428571428571,2.069,,
"2024-12-01",,,,7,,,,,2.75555555555556,1.912,,
"2025-01-01",,,,6.7,,,,,2.62333181818182,2.213,,
"2025-02-01",,,,5.7,,,,,2.458335,2.166,,
