"date","gdp_nom","gdp_defl","cpi","ur","m1","m2","m3","policy","estr_1d","euribor_3m","gov_10y","sx5e","reer","xr_usd"
"1970-01-01",,,,,,,,,,,7.752553,,,
"1970-02-01",,,,,,,,,,,7.903703,,,
"1970-03-01",,,,,,,,,,,8.11234,,,
"1970-04-01",,,,,,,,,,,8.072667,,,
"1970-05-01",,,,,,,,,,,8.243205,,,
"1970-06-01",,,,,,,,,,,8.447445,,,
"1970-07-01",,,,,,,,,,,8.350388,,,
"1970-08-01",,,,,,,,,,,8.39389,,,
"1970-09-01",,,,,,,,,,,8.409963,,,
"1970-10-01",,,,,,,,,,,8.426637,,,
"1970-11-01",,,,,,,,,,,8.373195,,,
"1970-12-01",,,,,,,,,,,8.222966,,,
"1971-01-01",,,,,,,,,,,7.905951,,,
"1971-02-01",,,,,,,,,,,7.830704,,,
"1971-03-01",,,,,,,,,,,7.845216,,,
"1971-04-01",,,,,,,,,,,7.856379,,,
"1971-05-01",,,,,,,,,,,7.89686,,,
"1971-06-01",,,,,,,,,,,8.039046,,,
"1971-07-01",,,,,,,,,,,8.069148,,,
"1971-08-01",,,,,,,,,,,8.016785,,,
"1971-09-01",,,,,,,,,,,7.995011,,,
"1971-10-01",,,,,,,,,,,7.902785,,,
"1971-11-01",,,,,,,,,,,7.845936,,,
"1971-12-01",,,,,,,,,,,7.789369,,,
"1972-01-01",,,,,,,,,,,7.678324,,,
"1972-02-01",,,,,,,,,,,7.557993,,,
"1972-03-01",,,,,,,,,,,7.526637,,,
"1972-04-01",,,,,,,,,,,7.582169,,,
"1972-05-01",,,,,,,,,,,7.50905,,,
"1972-06-01",,,,,,,,,,,7.557907,,,
"1972-07-01",,,,,,,,,,,7.582335,,,
"1972-08-01",,,,,,,,,,,7.577326,,,
"1972-09-01",,,,,,,,,,,7.588698,,,
"1972-10-01",,,,,,,,,,,7.696853,,,
"1972-11-01",,,,,,,,,,,7.810791,,,
"1972-12-01",,,,,,,,,,,7.936406,,,
"1973-01-01",,,,,,,,,,,8.004867,,,
"1973-02-01",,,,,,,,,,,7.935751,,,
"1973-03-01",,,,,,,,,,,7.986922,,,
"1973-04-01",,,,,,,,,,,8.06778,,,
"1973-05-01",,,,,,,,,,,8.360784,,,
"1973-06-01",,,,,,,,,,,8.486979,,,
"1973-07-01",,,,,,,,,,,8.539714,,,
"1973-08-01",,,,,,,,,,,8.591274,,,
"1973-09-01",,,,,,,,,,,8.67481,,,
"1973-10-01",,,,,,,,,,,8.612548,,,
"1973-11-01",,,,,,,,,,,8.681376,,,
"1973-12-01",,,,,,,,,,,8.853853,,,
"1974-01-01",,,,,,,,,,,9.028589,,,
"1974-02-01",,,,,,,,,,,9.398973,,,
"1974-03-01",,,,,,,,,,,9.593311,,,
"1974-04-01",,,,,,,,,,,9.711231,,,
"1974-05-01",,,,,,,,,,,10.00017,,,
"1974-06-01",,,,,,,,,,,10.48198,,,
"1974-07-01",,,,,,,,,,,10.62748,,,
"1974-08-01",,,,,,,,,,,10.72116,,,
"1974-09-01",,,,,,,,,,,10.74501,,,
"1974-10-01",,,,,,,,,,,10.71857,,,
"1974-11-01",,,,,,,,,,,10.49011,,,
"1974-12-01",,,,,,,,,,,10.55281,,,
"1975-01-01",,,,,,,,,,,10.08654,,,
"1975-02-01",,,,,,,,,,,9.880766,,,
"1975-03-01",,,,,,,,,,,9.72824,,,
"1975-04-01",,,,,,,,,,,9.734974,,,
"1975-05-01",,,,,,,,,,,9.518357,,,
"1975-06-01",,,,,,,,,,,9.441504,,,
"1975-07-01",,,,,,,,,,,9.335235,,,
"1975-08-01",,,,,,,,,,,9.432022,,,
"1975-09-01",,,,,,,,,,,9.557984,,,
"1975-10-01",,,,,,,,,,,9.38034,,,
"1975-11-01",,,,,,,,,,,9.240782,,,
"1975-12-01",,,,,,,,,,,9.241016,,,
"1976-01-01",,,,,,,,,,,9.362705,,,
"1976-02-01",,,,,,,,,,,9.386747,,,
"1976-03-01",,,,,,,,,,,9.542863,,,
"1976-04-01",,,,,,,,,,,9.841007,,,
"1976-05-01",,,,,,,,,,,10.08663,,,
"1976-06-01",,,,,,,,,,,10.38447,,,
"1976-07-01",,,,,,,,,,,10.16386,,,
"1976-08-01",,,,,,,,,,,10.41784,,,
"1976-09-01",,,,,,,,,,,10.39514,,,
"1976-10-01",,,,,,,,,,,10.54226,,,
"1976-11-01",,,,,,,,,,,10.377,,,
"1976-12-01",,,,,,,,,,,10.38712,,,
"1977-01-01",,,,,,,,,,,10.32347,,,
"1977-02-01",,,,,,,,,,,10.34273,,,
"1977-03-01",,,,,,,,,,,10.26659,,,
"1977-04-01",,,,,,,,,,,10.27807,,,
"1977-05-01",,,,,,,,,,,10.16762,,,
"1977-06-01",,,,,,,,,,,10.22348,,,
"1977-07-01",,,,,,,,,,,10.15033,,,
"1977-08-01",,,,,,,,,,,10.08498,,,
"1977-09-01",,,,,,,,,,,10.01941,,,
"1977-10-01",,,,,,,,,,,10.03544,,,
"1977-11-01",,,,,,,,,,,9.969873,,,
"1977-12-01",,,,,,,,,,,9.937547,,,
"1978-01-01",,,,,,,,,,,9.757384,,,
"1978-02-01",,,,,,,,,,,9.745911,,,
"1978-03-01",,,,,,,,,,,9.647067,,,
"1978-04-01",,,,,,,,,,,9.518571,,,
"1978-05-01",,,,,,,,,,,9.63628,,,
"1978-06-01",,,,,,,,,,,9.571094,,,
"1978-07-01",,,,,,,,,,,9.57506,,,
"1978-08-01",,,,,,,,,,,9.525956,,,
"1978-09-01",,,,,,,,,,,9.628968,,,
"1978-10-01",,,,,,,,,,,9.805702,,,
"1978-11-01",,,,,,,,,,,9.849514,,,
"1978-12-01",,,,,,,,,,,9.658335,,,
"1979-01-01",,,,,,,,,,,9.62363,,,
"1979-02-01",,,,,,,,,,,9.741858,,,
"1979-03-01",,,,,,,,,,,9.8235,,,
"1979-04-01",,,,,,,,,,,9.927376,,,
"1979-05-01",,,,,,,,,,,10.20096,,,
"1979-06-01",,,,,,,,,,,10.39924,,,
"1979-07-01",,,,,,,,,,,10.52924,,,
"1979-08-01",,,,,,,,,,,10.59905,,,
"1979-09-01",,,,,,,,,,,10.67042,,,
"1979-10-01",,,,,,,,,,,10.84679,,,
"1979-11-01",,,,,,,,,,,11.13737,,,
"1979-12-01",,,,,,,,,,,11.42005,,,
"1980-01-01",,,,,444330,1070496,1097404,,,,11.50233,,,
"1980-02-01",,,,,447116,1078232,1105520,,,,12.08525,,,
"1980-03-01",,,,,451370,1088333,1117228,,,,12.68496,,,
"1980-04-01",,,,,453226,1093263,1122639,,,,12.57242,,,
"1980-05-01",,,,,455917,1100958,1130672,,,,12.26384,,,
"1980-06-01",,,,,458753,1109205,1139157,,,,12.10574,,,
"1980-07-01",,,,,464938,1120452,1150687,,,,12.12374,,,
"1980-08-01",,,,,465216,1127098,1157482,,,,12.16397,,,
"1980-09-01",,,,,466718,1133419,1164470,,,,12.45372,,,
"1980-10-01",,,,,473228,1145159,1176441,,,,12.76213,,,
"1980-11-01",,,,,476657,1160031,1192713,,,,12.90683,,,
"1980-12-01",,,,,473379,1165452,1198927,,,,12.84098,,,
"1981-01-01",,,,,476622,1175008,1209209,,,,12.93123,,,
"1981-02-01",,,,,480316,1186668,1222048,,,,13.44935,,,
"1981-03-01",,,,,481349,1194414,1233640,,,,13.70546,,,
"1981-04-01",,,,,482746,1204188,1244293,,,,13.93224,,,
"1981-05-01",,,,,486588,1215847,1257592,,,,14.7366,,,
"1981-06-01",,,,,487093,1223076,1266536,,,,14.89767,,,
"1981-07-01",,,,,488660,1230470,1275262,,,,15.0344,,,
"1981-08-01",,,,,489042,1234000,1280121,,,,15.20414,,,
"1981-09-01",,,,,493362,1246150,1293408,,,,15.43534,,,
"1981-10-01",,,,,494975,1253958,1302173,,,,15.20365,,,
"1981-11-01",,,,,497550,1264026,1313067,,,,15.19854,,,
"1981-12-01",,,,,499258,1273805,1324037,,,,14.90963,,,
"1982-01-01",,,,,504513,1287848,1338805,,,,14.84676,,,
"1982-02-01",,,,,507652,1299092,1350759,,,,14.89629,,,
"1982-03-01",,,,,512323,1313351,1366026,,,,14.61023,,,
"1982-04-01",,,,,517834,1326733,1376835,,,,14.47084,,,
"1982-05-01",,,,,519493,1334764,1385084,,,,14.43455,,,
"1982-06-01",,,,,525037,1347524,1403542,,,,14.64248,,,
"1982-07-01",,,,,527685,1358609,1414886,,,,14.58915,,,
"1982-08-01",,,,,534112,1372472,1429591,,,,14.22989,,,
"1982-09-01",,,,,537908,1382740,1440564,,,,13.98509,,,
"1982-10-01",,,,,540880,1389853,1448567,,,,13.81237,,,
"1982-11-01",,,,,548081,1401761,1461236,,,,13.81408,,,
"1982-12-01",,,,,551435,1414556,1478452,,,,13.40261,,,
"1983-01-01",,,,,556058,1425088,1488249,,,,13.11282,,,
"1983-02-01",,,,,561066,1435898,1498226,,,,13.04968,,,
"1983-03-01",,,,,564440,1443423,1505297,,,,12.82723,,,
"1983-04-01",,,,,569885,1453878,1516179,,,,12.78834,,,
"1983-05-01",,,,,574912,1464343,1527129,,,,12.93503,,,
"1983-06-01",,,,,581509,1474969,1538465,,,,13.09088,,,
"1983-07-01",,,,,586440,1486582,1550957,,,,13.04498,,,
"1983-08-01",,,,,589345,1498206,1563091,,,,13.14601,,,
"1983-09-01",,,,,590795,1503408,1569280,,,,13.20074,,,
"1983-10-01",,,,,593003,1513481,1581495,,,,13.11731,,,
"1983-11-01",,,,,597800,1526253,1595252,,,,13.17624,,,
"1983-12-01",,,,,603201,1537092,1607971,,,,12.9664,,,
"1984-01-01",,,,,605312,1543563,1616845,,,,12.79031,,,
"1984-02-01",,,,,607750,1549774,1623473,,,,12.57776,,,
"1984-03-01",,,,,610604,1559014,1633342,,,,12.45496,,,
"1984-04-01",,,,,613037,1568820,1643658,,,,12.46373,,,
"1984-05-01",,,,,618405,1583749,1659252,,,,12.59207,,,
"1984-06-01",,,,,620180,1591965,1668177,,,,12.46192,,,
"1984-07-01",,,,,623188,1603857,1681799,,,,12.32811,,,
"1984-08-01",,,,,630220,1617813,1697027,,,,12.20775,,,
"1984-09-01",,,,,633449,1631220,1711302,,,,12.09158,,,
"1984-10-01",,,,,636282,1638411,1717983,,,,11.6297,,,
"1984-11-01",,,,,641335,1649653,1729206,,,,11.42026,,,
"1984-12-01",,,,,649438,1661882,1742791,,,,11.20494,,,
"1985-01-01",,,,,655896,1676415,1758943,,,,10.85502,,,
"1985-02-01",,,,,660173,1691806,1776558,,,,10.96171,,,
"1985-03-01",,,,,662471,1700138,1788333,,,,11.02553,,,
"1985-04-01",,,,,662313,1709983,1797511,,,,10.85834,,,
"1985-05-01",,,,,664412,1715317,1804082,,,,10.8509,,,
"1985-06-01",,,,,667103,1722006,1812216,,,,10.82305,,,
"1985-07-01",,,,,673104,1731220,1823517,,,,10.79132,,,
"1985-08-01",,,,,676373,1738364,1831278,,,,10.67796,,,
"1985-09-01",,,,,681849,1746936,1840516,,,,10.53759,,,
"1985-10-01",,,,,688046,1755357,1849577,,,,10.40023,,,
"1985-11-01",,,,,691122,1760581,1856300,,,,10.26614,,,
"1985-12-01",,,,,698795,1784034,1882118,,,,10.20474,,,
"1986-01-01",,,,,702125,1792537,1891332,,,,9.961056,,,
"1986-02-01",,,,,709952,1800828,1899853,,,,9.942846,,,
"1986-03-01",,,,,724787,1818276,1919041,,,,9.395134,,,
"1986-04-01",,,,,722982,1815354,1917327,,,,8.766322,,,
"1986-05-01",,,,,730348,1824547,1927726,,,,8.478387,,,
"1986-06-01",,,,,729246,1832456,1936535,,,,8.54983,,,
"1986-07-01",,,,,737933,1847233,1950177,,,,8.531181,,,
"1986-08-01",,,,,743114,1858580,1961502,,,,8.352067,,,
"1986-09-01",,,,,748489,1872837,1976548,,,,8.327866,,,
"1986-10-01",,,,,756418,1889296,1995452,,,,8.416492,,,
"1986-11-01",,,,,758059,1896941,2004194,,,,8.535029,,,
"1986-12-01",,,,,760344,1903734,2011545,,,,8.467434,900.82,,
"1987-01-01",,,,,767204,1918425,2026350,,,,8.452924,877.864090909091,,
"1987-02-01",,,,,770640,1927091,2038106,,,,8.502905,839.7895,,
"1987-03-01",,,,,777454,1940390,2053663,,,,8.457948,856.624545454545,,
"1987-04-01",,,,,785292,1952955,2069485,,,,8.488893,888.983636363636,,
"1987-05-01",,,,,788094,1962800,2084022,,,,8.677882,872.086666666667,,
"1987-06-01",,,,,796118,1975973,2095216,,,,8.900209,884.069090909091,,
"1987-07-01",,,,,800728,1985755,2109659,,,,9.178526,930.359565217391,,
"1987-08-01",,,,,803222,1992865,2123852,,,,9.507368,952.900476190476,,
"1987-09-01",,,,,809350,2002177,2137689,,,,9.730625,932.272272727273,,
"1987-10-01",,,,,815589,2016290,2155101,,,,9.994997,852.726818181818,,
"1987-11-01",,,,,816949,2024128,2168100,,,,9.494731,672.963333333333,,
"1987-12-01",,,,,815428,2027444,2173838,,,,9.350561,653.369565217391,,
"1988-01-01",,,,,824174,2037581,2186450,,,,9.204124,646.565714285714,,
"1988-02-01",,,,,827054,2046281,2197901,,,,8.918649,679.016666666667,,
"1988-03-01",,,,,832408,2057427,2210937,,,,8.835713,716.696086956522,,
"1988-04-01",,,,,843094,2076081,2234863,,,,8.822996,713.544761904762,,
"1988-05-01",,,,,848492,2090533,2252687,,,,8.967405,696.439090909091,,
"1988-06-01",,,,,854395,2100900,2262415,,,,8.858418,748.139090909091,,
"1988-07-01",,,,,863859,2116901,2280986,,,,8.971496,773.788571428571,,
"1988-08-01",,,,,868224,2131825,2300792,,,,9.087037,773.915652173913,,
"1988-09-01",,,,,869720,2139817,2315101,,,,9.043827,787.253181818182,,
"1988-10-01",,,,,877198,2154925,2334535,,,,8.92625,826.487619047619,,
"1988-11-01",,,,,881397,2167024,2349769,,,,8.929999,828.448181818182,,
"1988-12-01",,,,,882693,2173774,2358041,,,,9.085835,842.953636363637,,
"1989-01-01",,,,,888361,2185797,2374823,,,,9.162319,883.074545454546,,
"1989-02-01",,,,,893464,2197853,2393302,,,,9.405645,874.1225,,
"1989-03-01",,,,,908243,2222161,2423922,,,,9.644775,874.340434782609,,
"1989-04-01",,,,,901575,2224430,2431297,,,,9.595987,901.6255,,
"1989-05-01",,,,,907746,2240671,2452172,,,,9.681744,902.447391304348,,
"1989-06-01",,,,,920566,2263203,2480570,,,,9.603747,946.996363636363,,
"1989-07-01",,,,,926896,2280165,2502846,,,,9.585411,978.765714285714,,
"1989-08-01",,,,,933145,2292824,2519586,,,,9.537504,1021.51086956522,,
"1989-09-01",,,,,935497,2303555,2534023,,,,9.691426,1048.31476190476,,
"1989-10-01",,,,,941093,2312607,2548639,,,,9.868504,1008.32545454545,,
"1989-11-01",,,,,947348,2326287,2568371,,,,10.15425,982.984090909091,,
"1989-12-01",,,,,956837,2343345,2593728,,,,10.23731,1054.79571428571,,
"1990-01-01",,,,,965584,2360748,2621156,,,,10.45023,1085.35652173913,,
"1990-02-01",,,,,965756,2368976,2636316,,,,10.92049,1072.5385,,
"1990-03-01",,,,,965508,2371264,2644762,,,,11.05491,1092.65227272727,,
"1990-04-01",,,,,966414,2378067,2655640,,,,10.87428,1115.8880952381,,
"1990-05-01",,,,,972359,2386578,2670162,,,,10.79594,1110.41913043478,,
"1990-06-01",,,,,1006819,2494707,2786501,,,,10.70634,1107.33095238095,,
"1990-07-01",,,,,1014117,2506891,2804287,,,,10.56729,1120.05409090909,,
"1990-08-01",,,,,1022099,2521801,2823790,,,,10.95686,992.523478260869,,
"1990-09-01",,,,,1028301,2539282,2846434,,,,11.13562,913.04,,
"1990-10-01",,,,,1027958,2548320,2864450,,,,11.07904,892.445652173913,,
"1990-11-01",,,,,1033314,2560619,2884653,,,,10.98924,874.406818181818,,
"1990-12-01",,,,,1058884,2573883,2907362,,,,10.86486,887.475714285714,,
"1991-01-01",,,,,1056331,2583655,2923138,,,,10.84488,850.446956521739,,
"1991-02-01",,,,,1065570,2601663,2947536,,,,10.44127,925.197,,
"1991-03-01",,,,,1059848,2601696,2954443,,,,10.37246,973.742857142857,,
"1991-04-01",,,,,1064370,2615487,2969291,,,,10.11736,1000.92181818182,,
"1991-05-01",,,,,1070969,2630099,2986959,,,,9.985477,1018.56260869565,,
"1991-06-01",,,,,1073039,2639742,3003602,,,,10.05273,1034.729,,
"1991-07-01",,,,,1080404,2650528,3025478,,,,10.22461,999.448260869565,,
"1991-08-01",,,,,1083755,2665240,3050014,,,,10.20169,1001.56454545455,,
"1991-09-01",,,,,1081506,2672023,3064203,,,,10.00208,1011.49095238095,,
"1991-10-01",,,,,1081901,2683318,3083316,,,,9.871881,998.483913043478,,
"1991-11-01",,,,,1091345,2704447,3109460,,,,9.91832,1000.26476190476,,
"1991-12-01",,,,,1099507,2722085,3132988,,,,9.892325,976.927727272727,,
"1992-01-01",,,,,1093150,2720803,3137429,,,,9.61139,1032.62086956522,,
"1992-02-01",,,,,1092910,2729621,3152683,,,,9.546991,1060.3905,,
"1992-03-01",,,,,1100845,2747609,3174957,,,,9.581193,1070.95818181818,,
"1992-04-01",,,,,1108333,2764811,3206393,,,,9.623109,1071.56363636364,,
"1992-05-01",,,,,1114672,2778249,3232729,,,,9.579656,1092.71476190476,,
"1992-06-01",,,,,1109260,2784130,3249564,,,,9.825446,1076.79136363636,,
"1992-07-01",,,,,1113660,2792853,3271402,,,,10.03309,1022.80086956522,,
"1992-08-01",,,,,1115857,2803439,3285469,,,,10.10136,962.765714285715,,
"1992-09-01",,,,,1128821,2836589,3332285,,,,10.02186,984.131818181818,,
"1992-10-01",,,,,1132818,2839113,3336785,,,,10.22449,962.108181818182,,
"1992-11-01",,,,,1145342,2860628,3361978,,,,9.8813,997.649047619048,,
"1992-12-01",,,,,1144131,2853356,3365086,,,,9.932801,1010.03304347826,,
"1993-01-01",,,,,1139862,2861813,3378259,,,,9.702705,1035.8,,
"1993-02-01",,,,,1141771,2876975,3396757,,,,9.403037,1097.522,,
"1993-03-01",,,,,1152504,2905799,3441196,,,,9.145782,1136.25391304348,,
"1993-04-01",,,,,1155244,2918598,3450523,,,,9.155884,1127.54045454545,,
"1993-05-01",,,,,1159512,2937506,3469532,,,,9.042294,1110.74857142857,,
"1993-06-01",,,,,1166557,2950419,3479485,,,,8.779623,1135.955,,
"1993-07-01",,,,,1170031,2962145,3487064,,,,8.401828,1185.17909090909,,
"1993-08-01",,,,,1175388,2977872,3503529,,,,7.919743,1276.86454545455,,
"1993-09-01",,,,,1183230,2989060,3515151,,,,7.612,1279.57909090909,,
"1993-10-01",,,,,1198003,3013455,3540903,,,,7.361458,1333.03380952381,,
"1993-11-01",,,,,1213444,3037935,3562936,,,,7.380636,1330.57636363636,,
"1993-12-01",,,,,1221682,3067025,3588556,,,,7.185278,1393.69173913043,,
"1994-01-01",,,,,1234252,3085865,3598429,,6.75500015258789,6.91,6.69,1423.21047619048,115.10989010989,
"1994-02-01",,,,,1241994,3101072,3606066,,6.64500001907349,6.86,6.88,1424.005,114.814032121724,
"1994-03-01",,,,,1254183,3125371,3622879,,6.59499982833862,6.75,7.35,1387.07043478261,116.768808114962,
"1994-04-01",,,,,1257216,3133464,3633025,,6.13499979019165,6.57,7.46,1409.01428571429,116.620879120879,
"1994-05-01",,,,,1251928,3135071,3632446,,5.76499990463257,6.24,7.75,1413.69636363636,118.23753169907,
"1994-06-01",,,,,1260722,3145542,3642375,,6.23500017166138,6.3,8.37,1324.98727272727,118.892645815723,
"1994-07-01",,,,,1262275,3155590,3656552,,6.18499998092651,6.34,8.39,1328.10285714286,121.270076077768,
"1994-08-01",,,,,1268603,3157950,3656590,,5.85500005722046,6.43,8.68,1374.30304347826,121.037616229924,
"1994-09-01",,,,,1271745,3162985,3656168,,5.915,6.38,9.12,1341.77318181818,120.625528317836,
"1994-10-01",,,,,1278103,3169833,3670601,,6.04500011444092,6.43,9.16,1300.92904761905,121.724429416737,
"1994-11-01",,,,,1273612,3167131,3678013,,5.88499979019165,6.4,9.12,1320.99954545455,120.118343195266,
"1994-12-01",,,,,1273837,3159101,3672401,,5.15499977111816,6.69,9.14,1319.09681818182,118.596787827557,
"1995-01-01",,,,,1270347,3158136,3679631,,5.78499988555908,6.66,9.34,1306.87318181818,119.80135249366,
"1995-02-01",,,,,1279599,3172336,3700799,,5.94500020980835,6.59,9.19,1328.846,121.069315300085,
"1995-03-01",,,,,1279786,3176992,3698901,,6.33500007629395,7.58,9.43,1295.38391304348,123.858833474218,
"1995-04-01",,,,,1280661,3182541,3709760,,6.44500020980835,7.29,9.26,1324.1225,123.541842772612,
"1995-05-01",,,,,1288668,3197971,3730389,,6.39500001907349,7.04,8.78,1379.02347826087,121.830092983939,
"1995-06-01",,,,,1291901,3212302,3752177,,6.2750001335144,7.08,8.75,1383.52045454545,122.210481825866,
"1995-07-01",,,,,1295406,3220407,3758401,,6.11499980926514,6.92,8.71,1420.56761904762,123.679205409975,
"1995-08-01",,,,,1300280,3233209,3781841,,5.87500003814697,6.66,8.47,1448.53434782609,121.999154691462,
"1995-09-01",,,,,1313848,3256397,3804491,,5.71500019073486,6.5,8.36,1445.90952380952,121.027049873204,
"1995-10-01",,,,,1312908,3269129,3820462,,5.93499998092651,6.75,8.48,1403.89590909091,122.802197802198,
"1995-11-01",,,,,1320636,3280691,3840964,,5.67500022888184,6.45,8.16,1432.94090909091,123.351648351648,
"1995-12-01",,,,,1349298,3312463,3877110,,5.53499988555908,6.32,7.82,1486.30761904762,122.601437024514,
"1996-01-01",491687.875138065,74.1877027304132,,,1342826,3319911,3891983,,5.17500022888184,5.81,7.44,1556.21391304348,121.713863060017,
"1996-02-01",493560.205337132,74.4308522303409,,,1342788,3329074,3906146,,4.8049998664856,5.58,7.66,1587.58095238095,121.756128486898,
"1996-03-01",495144.719524803,74.5849416565813,,,1347622,3337370,3919392,,4.8049998664856,5.5,7.83,1594.01285714286,121.164412510566,
"1996-04-01",494831.825520577,74.6106440215393,,,1360812,3358564,3933563,,4.62500003814697,5.27,7.62,1645.45590909091,119.621724429417,
"1996-05-01",500550.739404497,74.7011026612025,,,1367743,3368180,3940474,,4.64500001907349,5.06,7.48,1672.27130434783,118.554522400676,
"1996-06-01",502359.935074926,74.7809541064642,,,1370698,3382265,3948661,,4.64500001907349,5.08,7.51,1667.2085,118.998309382925,
"1996-07-01",500384.828602828,75.0060651439762,,,1379242,3397399,3963579,,4.43499998092651,5.06,7.39,1613.71217391304,120.424767540152,
"1996-08-01",505060.751079467,74.982784687766,,,1391358,3412208,3982902,,4.3049998664856,5.08,7.31,1620.20227272727,120.8157227388,
"1996-09-01",506236.220317705,75.0827175922906,,,1403713,3430659,4002704,,3.99499992370605,4.86,7.13,1644.45952380952,119.516060862215,
"1996-10-01",505312.970218104,75.0446358112835,,,1413817,3436406,4007200,,4.06500009536743,4.69,6.68,1714.03347826087,118.501690617075,
"1996-11-01",506644.864931916,74.8348250761816,,,1431291,3455104,4016115,,4.48500017166138,4.57,6.43,1760.79571428571,119.103972950127,
"1996-12-01",505110.56484998,74.7644327088018,,,1458860,3485231,4037575,,3.95499996185303,4.5,6.31,1816.10090909091,117.804311073542,
"1997-01-01",503627.811683648,74.6638648739728,,,1455766,3482856,4040762,,4.26499990463257,4.39,6.23,1932.35608695652,116.008030431107,
"1997-02-01",503963.466294225,74.5757665082364,,,1462263,3493517,4054012,,4.26499990463257,4.43,6.06,2070.8415,113.218512256974,
"1997-03-01",507453.022022127,74.4335897415582,,,1462135,3496684,4061573,,4.00500015258789,4.5,6.32,2122.85333333333,112.214708368555,
"1997-04-01",509927.939346152,74.2859054457955,,,1462884,3498629,4068933,,3.76499990463257,4.39,6.39,2096.54772727273,111.126373626374,
"1997-05-01",506759.173187608,74.459719660981,,,1481529,3514659,4097362,,3.75499991416931,4.3,6.18,2241.63136363636,111.062975486052,
"1997-06-01",512679.98746624,74.3576479860627,,,1497996,3533982,4121578,,3.85500005722046,4.29,6.09,2350.2319047619,109.509721048183,
"1997-07-01",514492.489861826,74.3436128451849,,,1511944,3548645,4143617,,3.74499992370606,4.3,5.83,2567.73869565217,107.480980557904,
"1997-08-01",514527.800263218,74.4922839045201,,,1519774,3558109,4146012,,3.93499998092651,4.36,5.94,2564.77904761905,106.360946745562,
"1997-09-01",514915.109874956,74.6585285549269,,,1529659,3570962,4169047,,3.78499988555908,4.31,5.66,2511.03136363636,108.548182586644,
"1997-10-01",521773.448686668,74.8145822050254,,,1553269,3595263,4191990,,4.19500020980835,4.44,5.75,2510.69695652174,110.048605240913,
"1997-11-01",521935.00437285,74.9699423941217,,,1552044,3600773,4201492,,3.77499989509583,4.49,5.59,2367.9425,112.109044801352,
"1997-12-01",524907.446940482,74.9373750503009,,,1566011,3615677,4222019,,3.89500001907349,4.37,5.46,2474.44782608696,112.658495350803,
"1998-01-01",523545.421892828,74.664868855954,,,1574257,3638426,4244379,,3.80500010490417,4.26,5.22,2572.52227272727,112.341504649197,
"1998-02-01",526086.551724034,74.7177897255392,,,1586035,3656642,4255439,,4.13499979019165,4.24,5.12,2762.1255,111.094674556213,
"1998-03-01",526087.326383137,74.7545413808163,,,1606018,3666674,4267921,,3.74499992370606,4.11,5.01,3029.02363636364,110.080304311074,
"1998-04-01",528436.68570301,74.9579621166428,,,1619997,3695000,4298513,,3.67499999046326,4.09,5,3239.13954545455,110.39729501268,
"1998-05-01",531582.262827432,75.1416037416702,,,1633711,3718207,4316033,,3.70499996185303,4.06,5.06,3312.44857142857,112.827557058326,
"1998-06-01",530571.551469558,75.2456735391994,,,1657166,3742800,4340943,,3.67499999046326,4.02,4.91,3355.57681818182,113.577768385461,
"1998-07-01",536200.402589487,75.2593852097457,,,1652445,3735036,4362649,,3.68499998092651,3.95,4.82,3552.03086956522,113.577768385461,
"1998-08-01",533419.610276659,75.4756026642629,,,1659698,3747240,4368163,,3.69499997138977,3.93,4.59,3257.71523809524,114.909129332206,
"1998-09-01",536960.087133854,75.6677164541114,,,1668328,3756213,4371401,,3.72499994277954,3.93,4.27,2881.79590909091,117.994505494506,
"1998-10-01",541311.246978767,76.017422437555,,,1683846,3776275,4410036,,3.57500008583069,3.81,4.25,2701.02090909091,118.74471682164,
"1998-11-01",543317.691103022,76.2663416478822,,,1702749,3805327,4417203,,3.31500009536743,3.69,4.24,3042.17571428571,116.251056635672,
"1998-12-01",543128.461918211,76.4377780020327,,,1726398,3848054,4422982,,3.00499991416931,3.37,3.95,3171.06217391304,116.821639898563,
"1999-01-01",550415.08041476,76.2756986645676,,,1807005,3930982,4447197,3,3.052,3.1321,3.82199861904762,3504.36142857143,115.912933220626,0.861489687968435
"1999-02-01",547666.712694681,76.439818765514,,,1785973,3905442,4436979,3,3.033,3.0934,3.9742402,3450.8705,114.116652578191,0.892247705808086
"1999-03-01",549975.606890559,76.5333895592216,,,1806407,3930847,4453500,3,2.84021739130435,3.04669565217391,4.18098443478261,3524.19347826087,112.426035502959,0.918867954679846
"1999-04-01",551497.428595989,76.6392275561171,,,1823152,3952443,4488386,2.5,2.62409090909091,2.69645454545455,4.04069322727273,3671.79545454546,110.714285714286,0.934194490800315
"1999-05-01",553171.186003629,76.5782982494147,,,1836913,3968746,4505279,2.5,2.46595238095238,2.57895238095238,4.20485314285714,3669.73047619048,109.91124260355,0.940902370177896
"1999-06-01",554736.885400381,76.5073928195463,,,1858495,3988595,4537054,2.5,2.47818181818182,2.62668181818182,4.5266515,3749.45045454546,107.745139475909,0.963619002566773
"1999-07-01",559562.74475619,76.5725196552406,,,1882493,4023726,4565970,2.5,2.43590909090909,2.67645454545455,4.85616086363636,3846.23590909091,107.840236686391,0.965933289134551
"1999-08-01",560285.438918603,76.6619365130969,,,1879218,4024225,4572050,2.5,2.35772727272727,2.69504545454545,5.06057286363636,3691.32590909091,109.150464919696,0.943080787729702
"1999-09-01",562800.916325206,76.6987957198003,,,1886642,4029253,4594744,2.5,2.34863636363636,2.72668181818182,5.23533545454546,3772.79227272727,107.216821639899,0.952310868897069
"1999-10-01",566108.332815008,76.7354953765603,,,1900478,4052935,4616547,2.5,2.41690476190476,3.37566666666667,5.47163580952381,3742.61714285714,108.188926458157,0.934026588623585
"1999-11-01",568094.224744945,76.8453030729357,,,1912382,4066747,4646110,3,2.85045454545455,3.46768181818182,5.18420681818182,4159.97309090909,105.505071851226,0.967283823057434
"1999-12-01",571463.042440048,77.0806885592666,74.79,,1925201,4078868,4667221,3,2.95681818181818,3.44604545454545,5.30435652173913,4590.10773913043,103.518596787828,0.989106342419659
"2000-01-01",573257.801565334,77.1049863473475,74.82,9.4,1986266,4121606,4713205,3,2.95785714285714,3.34314285714286,5.69853923809524,4714.70352380952,103.349535080304,0.986489787481951
"2000-02-01",580906.40806989,77.2342100159434,75.06,9.4,1987628,4136412,4735956,3.25,3.19071428571429,3.5367619047619,5.66359938095238,5089.75704761905,101.595519864751,1.01685559197944
"2000-03-01",581736.290364776,77.3895331648166,75.33,9.3,2003675,4149339,4766006,3.5,3.4254347826087,3.74704347826087,5.4906287826087,5317.08052173913,99.9577345731192,1.03697491873269
"2000-04-01",583711.251150879,77.331692529713,75.41,9.2,2022293,4174322,4802801,3.75,3.6,3.92527777777778,5.4137985,5149.1464,98.3622147083686,1.05602196525688
"2000-05-01",587861.627957092,77.3235078003749,75.5,9.1,2005841,4168507,4795425,3.75,3.835,4.36204545454546,5.51549747826087,5174.72956521739,96.4708368554522,1.10379152388452
"2000-06-01",584130.620892029,77.6378355867608,75.76,9.1,2001262,4171277,4788838,4.25,4.20954545454545,4.50172727272727,5.34537513636364,5275.06477272727,99.9683009298394,1.05354397827781
"2000-07-01",591128.458717155,77.7104553415978,75.84,9,2011982,4183450,4803137,4.25,4.22357142857143,4.58290476190476,5.45373552380952,5227.82161904762,99.3871513102282,1.06421795183659
"2000-08-01",591843.808895407,77.7766876523997,75.9,9,2022187,4209465,4828781,4.25,4.33413043478261,4.77708695652174,5.3981782173913,5151.95995652174,96.5870667793745,1.10612553082006
"2000-09-01",593949.532387438,78.0459141036811,76.23,8.9,2015210,4212330,4830524,4.5,4.50547619047619,4.85280952380952,5.46718466666667,5132.91333333333,94.27303465765,1.14663871052285
"2000-10-01",592376.389128962,78.0374439985867,76.27,8.8,2022687,4225858,4847849,4.75,4.67772727272727,5.04127272727273,5.416259,4893.24286363636,92.8888419273035,1.1693730565817
"2000-11-01",597809.314389499,78.2264352741864,76.43,8.8,2019092,4226830,4851550,4.75,4.74409090909091,5.09195454545454,5.33570140909091,4962.71772727273,93.5016906170752,1.16769724794985
"2000-12-01",605318.396481539,78.6400395352913,76.71,8.7,2025182,4226952,4859203,4.75,4.74184210526316,4.93915789473684,5.06802647619048,4787.1350952381,97.242180896027,1.11443486421489
"2001-01-01",604745.295474784,78.6348599974039,76.4,8.6,2094231,4340387,5024537,4.75,4.67090909090909,4.77072727272727,5.0082062173913,4729.65286956522,100.422654268808,1.06577787251361
"2001-02-01",611152.977606858,78.8868785426602,76.63,8.5,2104954,4363192,5049678,4.75,4.9075,4.7558,5.0210686,4525.8688,99.6618765849535,1.08494583407923
"2001-03-01",613007.526918358,79.1300559861449,77.04,8.5,2106179,4382791,5079966,4.75,4.69636363636364,4.70863636363636,4.93812240909091,4199.15859090909,100.084530853762,1.0994777480697
"2001-04-01",610618.487581772,79.2237985331315,77.51,8.5,2124789,4412550,5111811,4.75,4.97921052631579,4.682,5.10137785714286,4307.638,99.5033812341505,1.12107623318386
"2001-05-01",614442.442244599,79.3950737136616,77.87,8.5,2142955,4429759,5142003,4.5,4.56863636363636,4.63668181818182,5.2625182173913,4481.86669565217,97.5486052409129,1.14395058133493
"2001-06-01",616565.87017363,79.5456819011058,77.99,8.5,2158667,4467986,5192173,4.5,4.45452380952381,4.45357142857143,5.20828771428571,4289.67876190476,96.0904480135249,1.17210392654811
"2001-07-01",610066.076965901,79.7129758729663,77.81,8.5,2157872,4481145,5214090,4.5,4.42045454545454,4.46713636363636,5.25002486363636,4037.82586363636,97.2316145393068,1.16189409863429
"2001-08-01",623221.303380986,79.7517392589163,77.75,8.5,2173000,4501923,5249306,4.25,4.40630434782609,4.35352173913043,5.05821360869565,3884.62791304348,100.105663567202,1.11051561722935
"2001-09-01",623263.019653112,80.1419940388925,77.96,8.5,2190698,4533918,5296229,3.75,3.9015,3.98285,5.0374285,3276.9981,100.813609467456,1.09758038404338
"2001-10-01",621360.350136631,80.347015118836,78.03,8.5,2202764,4553696,5334043,3.75,3.88630434782609,3.59986956521739,4.81686943478261,3440.914,100.813609467456,1.1039169854427
"2001-11-01",621245.657302359,80.4003912147263,77.98,8.6,2220198,4588671,5371237,3.25,3.42227272727273,3.38568181818182,4.6666605,3674.62968181818,98.9961961115807,1.12573428577275
"2001-12-01",628022.99256101,80.7707079717506,78.32,8.6,2221922,4615510,5402883,3.25,3.25388888888889,3.34488888888889,4.95876742857143,3711.08604761905,99.894336432798,1.12060861499004
"2002-01-01",627433.340819248,80.934024056288,78.42,8.6,2247196,4645232,5424797,3.25,3.20863636363636,3.33877272727273,5.02288778260869,3690.13043478261,99.0807269653424,1.13213567102191
"2002-02-01",627229.107557843,81.0116522043577,78.55,8.6,2248416,4650397,5431456,3.25,3.198,3.3571,5.066115,3537.6015,98.1086221470837,1.14937904796934
"2002-03-01",632638.051622909,81.2356089068186,78.99,8.6,2238965,4662027,5453968,3.25,3.179,3.3908,5.31646104761905,3744.24461904762,98.6263736263736,1.14181319936058
"2002-04-01",631977.122465504,81.2971899238826,79.35,8.6,2273547,4697507,5482865,3.25,3.23119047619048,3.40690476190476,5.29724245454545,3658.61663636364,98.8905325443787,1.12886839007235
"2002-05-01",634000.535536918,81.3493761382314,79.49,8.7,2293570,4719009,5523451,3.25,3.225,3.46713636363636,5.30314330434783,3503.45430434783,101.215131022823,1.09051254089422
"2002-06-01",637415.241997578,81.4142688359396,79.46,8.7,2304238,4735880,5539079,3.25,3.2635,3.464,5.16486755,3143.10955,104.15257819104,1.04663819810768
"2002-07-01",636960.192585311,81.6979696129946,79.38,8.8,2323079,4761547,5568190,3.25,3.21673913043478,3.41,5.02740760869565,2810.64708695652,106.403212172443,1.0078789844085
"2002-08-01",641217.642108484,81.9136520315559,79.43,8.8,2340395,4785365,5606774,3.25,3.20772727272727,3.35190909090909,4.73105454545455,2697.44790909091,105.70583262891,1.02274681902494
"2002-09-01",646719.365306205,82.1185729686699,79.63,8.9,2369110,4821013,5660669,3.25,3.23357142857143,3.31014285714286,4.52329023809524,2450.15742857143,105.779797125951,1.01958080663411
"2002-10-01",646803.189550266,82.2210998521843,79.82,8.9,2380902,4847022,5680917,3.25,3.2154347826087,3.26126086956522,4.62346526086957,2384.73139130435,106.139053254438,1.01925505749925
"2002-11-01",647517.325993501,82.099101758708,79.76,8.9,2417288,4890882,5733178,3.25,3.21928571428571,3.12414285714286,4.59236780952381,2558.99785714286,106.614539306847,0.998639947500076
"2002-12-01",643086.684456233,82.5313741350897,80.14,9,2442884,4915147,5767431,2.75,3.0095,2.94105,4.40649604545455,2477.03022727273,108.136094674556,0.982072270698401
"2003-01-01",646064.03063377,82.4624323746825,80.11,9.1,2454715,4922129,5809186,2.75,2.70181818181818,2.83181818181818,4.2703242173913,2377.38456521739,110.587489433643,0.941454375837113
"2003-02-01",648788.447513024,82.7523235418673,80.43,9.1,2481185,4968610,5857436,2.75,2.6785,2.68745,4.06079105,2170.88175,112.00338123415,0.928250850509842
"2003-03-01",649452.821853206,83.1730372885347,80.89,9.2,2499997,5000011,5880069,2.5,2.66404761904762,2.52995238095238,4.12716414285714,2086.4630952381,112.99661876585,0.925366952061569
"2003-04-01",654290.426044184,83.1780725372625,81.02,9.2,2531994,5048210,5957074,2.5,2.4755,2.53335,4.22886363636364,2278.27745454545,113.197379543533,0.92186290054943
"2003-05-01",648976.631566841,83.2183597663494,80.97,9.2,2549757,5088934,5983094,2.5,2.47214285714286,2.40052380952381,3.9187085,2303.03595454546,117.339391377853,0.863422937447028
"2003-06-01",653283.442388975,83.4508858854725,81.07,9.2,2558373,5096544,5990357,2,2.12833333333333,2.15185714285714,3.72330985714286,2443.32728571429,118.110735418428,0.85742633278754
"2003-07-01",663002.170231304,83.5255785967567,80.95,9.2,2576935,5123636,6028830,2,1.99326086956522,2.13004347826087,4.0626237826087,2459.84752173913,116.346153846154,0.879366244570832
"2003-08-01",659761.42671941,83.815980663515,81.07,9.2,2607442,5160933,6054734,2,2.01309523809524,2.14042857142857,4.20469604761905,2524.12133333333,114.877430262046,0.897773521666241
"2003-09-01",658804.203049286,84.0883494478544,81.36,9.2,2623849,5167505,6057142,2,1.93590909090909,2.14731818181818,4.23185136363637,2553.31213636364,114.697802197802,0.891128411604134
"2003-10-01",666944.921753574,83.9183565678222,81.48,9.2,2655345,5200531,6110399,2,1.92978260869565,2.1435652173913,4.30806830434783,2523.27,116.937869822485,0.855292026447136
"2003-11-01",664517.505717781,83.9108588732406,81.51,9.2,2663643,5217471,6134302,2,1.888,2.15905,4.4378369,2618.0584,116.895604395604,0.854558428296139
"2003-12-01",667225.772528644,84.1957334905846,81.76,9.3,2681722,5238327,6148767,2,1.97166666666667,2.14633333333333,4.3560047826087,2702.1682173913,120.467032967033,0.813959798137973
"2004-01-01",668243.129020417,84.1662080282413,81.58,9.4,2704804,5259980,6165335,2,1.93642857142857,2.08947619047619,4.25670331818182,2839.12454545455,121.058748943364,0.792820818719662
"2004-02-01",675237.750371855,84.3116079643917,81.77,9.4,2722810,5281581,6201786,2,1.9465,2.07055,4.18328015,2874.76395,120.910819949282,0.790735740069348
"2004-03-01",675599.020607729,84.7051482097689,82.29,9.4,2760683,5316424,6232560,2,1.92065217391304,2.02882608695652,4.01941056521739,2829.00443478261,118.892645815723,0.815550780446641
"2004-04-01",680150.73983618,84.7915031622278,82.71,9.4,2776949,5341144,6260857,2,1.99119047619048,2.04875,4.24242631818182,2860.86522727273,117.064666103128,0.834348457289703
"2004-05-01",681927.687299189,84.926135161206,82.98,9.4,2774765,5355734,6265034,2,1.9302380952381,2.08585714285714,4.3862070952381,2728.588,118.385460693153,0.832830990830934
"2004-06-01",681862.872864631,85.0353345959324,83.02,9.3,2796512,5385279,6315025,2,1.94272727272727,2.11268181818182,4.44260136363636,2792.16740909091,118.353761622992,0.823837359526381
"2004-07-01",687081.717059728,85.0497485172485,82.85,9.4,2820299,5421035,6354328,2,1.98272727272727,2.11604545454546,4.3395705,2730.37322727273,118.543956043956,0.815270762537543
"2004-08-01",681678.340976279,85.417696760942,83.01,9.4,2834917,5438154,6375262,2,1.95545454545455,2.11427272727273,4.16788581818182,2646.928,118.417159763314,0.821290845220243
"2004-09-01",689463.341963992,85.4589698946494,83.11,9.4,2868123,5484081,6417367,2,1.96681818181818,2.11859090909091,4.11397131818182,2748.65195454545,118.554522400676,0.81847674037919
"2004-10-01",694841.45456424,85.6622156812046,83.43,9.4,2888055,5518152,6461295,2,2.02642857142857,2.14733333333333,3.97941871428571,2794.37704761905,119.822485207101,0.800661880487849
"2004-11-01",690107.742849881,85.6669011952399,83.37,9.4,2913177,5542737,6484681,2,2,2.17031818181818,3.86868736363636,2882.69559090909,121.227810650888,0.76974213638429
"2004-12-01",694056.802585879,86.0758723817183,83.68,9.4,2905953,5573540,6540370,2,1.96847826086956,2.17317391304348,3.68934673913044,2926.00026086956,123.034657650042,0.745845156060002
"2005-01-01",695838.155431727,85.7349869822019,83.17,9.3,2963795,5623288,6573488,2,1.99214285714286,2.14542857142857,3.63360014285714,2957.02623809524,120.31910397295,0.762236620025028
"2005-02-01",696036.960666302,86.0686255464715,83.47,9.3,2990384,5653315,6608114,2,1.9735,2.13835,3.6152795,3050.4234,118.966610312764,0.768388497224197
"2005-03-01",699881.783901971,86.5086478954648,84.09,9.3,3006328,5679341,6628904,2,1.97166666666667,2.13719047619048,3.76245713043478,3065.76873913043,120.530431107354,0.757537498106137
"2005-04-01",706589.314486993,86.4406397766732,84.45,9.4,3024122,5721454,6682171,2,1.99071428571429,2.1372380952381,3.57094195238095,3013.74895238095,119.558326289096,0.772922678287484
"2005-05-01",700959.008843697,86.4962333381801,84.63,9.3,3054725,5762299,6731012,2,1.985,2.12563636363636,3.40743118181818,3023.47018181818,118.300929839391,0.787776572240874
"2005-06-01",706820.77666931,86.5309546649781,84.72,9.3,3256960,5824959,6807158,2,1.97727272727273,2.11104545454545,3.25411418181818,3151.66454545455,115.300084530854,0.822036558207668
"2005-07-01",712331.674826516,86.5614836363084,84.63,9.2,3302577,5885266,6876098,2,1.98785714285714,2.11942857142857,3.31599295238095,3267.10047619048,115.067624683009,0.830758640878896
"2005-08-01",709092.462653496,86.902128044882,84.83,9.2,3323473,5914509,6910851,2,1.97586956521739,2.13247826086957,3.31554360869565,3303.31917391304,115.701606086221,0.81350848524718
"2005-09-01",719549.762519988,87.2928230467391,85.27,9.2,3343523,5980748,6972348,2,2.00909090909091,2.13913636363636,3.15553768181818,3351.84495454545,115.09932375317,0.815899659176467
"2005-10-01",719691.785796458,87.4896404787282,85.49,9.2,3370621,6001860,6991045,2,1.98214285714286,2.19661904761905,3.32335995238095,3340.06257142857,114.444209636517,0.832325954697674
"2005-11-01",725721.726903181,87.286597295537,85.31,9.1,3390768,6027064,7026011,2,2.00090909090909,2.36086363636364,3.52725454545455,3404.894,113.303043110735,0.848483913516368
"2005-12-01",724572.687300362,87.7141302987129,85.59,9.1,3422279,6093186,7087688,2.25,2.19071428571429,2.47285714285714,3.40898186363636,3550.05563636364,113.609467455621,0.843448015487329
"2006-01-01",728162.682102447,87.4756575038686,85.22,9,3445371,6124570,7120559,2.25,2.24136363636364,2.51168181818182,3.39270140909091,3626.93772727273,113.292476754015,0.826232118646957
"2006-02-01",730558.954540722,87.7123372445385,85.46,8.9,3470031,6175649,7170882,2.25,2.2645,2.60035,3.55100435,3743.78925,112.130177514793,0.837636691837649
"2006-03-01",737191.66335683,87.9955928781413,85.95,8.8,3489442,6222149,7221902,2.5,2.435,2.72260869565217,3.73118234782609,3814.93217391304,113.53550295858,0.831946755407654
"2006-04-01",739191.431103299,88.2141463514296,86.52,8.7,3523343,6295495,7303181,2.5,2.54333333333333,2.79377777777778,4.0116374,3834.60115,114.887996618766,0.814918440246083
"2006-05-01",746672.7312456,88.2606473091559,86.77,8.6,3553540,6317503,7347101,2.5,2.49181818181818,2.889,4.06029543478261,3726.84734782609,116.737109044801,0.783110443489677
"2006-06-01",748646.537651101,88.4084020276477,86.83,8.5,3560905,6363553,7384631,2.75,2.61272727272727,2.98568181818182,4.07508859090909,3528.65586363636,117.476754015216,0.790516674511917
"2006-07-01",749409.04471698,88.6005581977974,86.72,8.4,3554322,6369246,7403368,2.75,2.72880952380952,3.10219047619048,4.09628790476191,3617.33047619048,117.371090448014,0.788415547554577
"2006-08-01",753674.861365829,88.8509987525465,86.8,8.4,3565013,6406721,7475572,3,2.88326086956522,3.22647826086956,3.96818330434783,3743.86313043478,117.138630600169,0.780560646168471
"2006-09-01",756804.593917191,88.9265977622315,86.81,8.3,3590868,6486139,7573385,3,2.95595238095238,3.33538095238095,3.83984828571429,3817.57,116.715976331361,0.785704664840812
"2006-10-01",757527.796955828,88.9939844997302,86.87,8.2,3589937,6500180,7598494,3.25,3.19318181818182,3.502,3.88128640909091,3975.83659090909,116.008030431107,0.792955670173722
"2006-11-01",763973.861379707,89.1204758877102,86.91,8.2,3617914,6556170,7652322,3.25,3.24272727272727,3.59718181818182,3.80406290909091,4052.80336363636,116.557480980558,0.776312585791368
"2006-12-01",776539.841664464,89.6586630846877,87.24,8,3696019,6663329,7753569,3.5,3.41605263157895,3.68421052631579,3.9026030952381,4070.35428571429,117.762045646661,0.756842453284908
"2007-01-01",772274.624493065,89.6998211695676,86.81,8,3696560,6705357,7838901,3.5,3.47818181818182,3.75186363636364,4.10280947826087,4157.78739130435,116.14539306847,0.769311466237739
"2007-02-01",777303.026982547,90.0365717139503,87.06,7.9,3718712,6739280,7889608,3.5,3.4845,3.8182,4.1175186,4230.1978,116.303888419273,0.764865154273302
"2007-03-01",784654.548524388,90.358238666616,87.64,7.8,3746750,6825507,8008864,3.75,3.60590909090909,3.89090909090909,4.02271686363636,4070.46959090909,117.519019442096,0.755180711311557
"2007-04-01",779888.667382985,90.4441242529561,88.2,7.7,3744814,6850746,8032194,3.75,3.73447368421053,3.97526315789474,4.24588171428571,4330.74647619048,118.565088757396,0.739855222014968
"2007-05-01",789101.338730858,90.3579942408601,88.41,7.7,3773413,6917829,8131881,3.75,3.70545454545454,4.07136363636364,4.37309595652174,4444.82791304348,118.21639898563,0.740120235896514
"2007-06-01",791445.793886157,90.5204771727856,88.49,7.6,3794192,6987296,8206302,4,3.87071428571429,4.14776190476191,4.66075533333333,4470.21152380952,117.571851225697,0.745235813903995
"2007-07-01",791401.301590447,90.696351314744,88.28,7.6,3821040,7057569,8290084,4,3.97818181818182,4.21618181818182,4.62842486363636,4449.02477272727,117.825443786982,0.729097278147293
"2007-08-01",794733.031256371,90.8854570241701,88.35,7.6,3810958,7100108,8344331,4,3.96239130434783,4.54360869565217,4.4263127826087,4220.62530434783,117.466187658495,0.734080819106504
"2007-09-01",795805.367153182,91.131221132413,88.69,7.5,3831681,7161755,8418602,4,3.94355,4.7417,4.3694047,4284.42795,118.469991546915,0.719608245271274
"2007-10-01",801332.974698009,91.197667531026,89.13,7.5,3829110,7267682,8541400,4,3.8564347826087,4.68739130434783,4.40021491304348,4430.7492173913,119.27303465765,0.702865245452746
"2007-11-01",801460.127241501,91.5235395666952,89.61,7.4,3854352,7323179,8631497,4,3.93713636363636,4.63854545454545,4.25154036363636,4314.87627272727,121.027049873204,0.681030212976738
"2007-12-01",807017.49806049,91.8379600747351,89.97,7.5,3839555,7356073,8647959,4,3.79405263157895,4.84836842105263,4.38176185714286,4386.04304761905,120.900253592561,0.686324443625654
"2008-01-01",810521.653549249,91.6024959436397,89.65,7.4,3852397,7440745,8793038,4,3.93681818181818,4.48154545454545,4.23174530434783,4042.08582608696,120.245139475909,0.6794443380668
"2008-02-01",812717.973021676,91.8595781385036,89.97,7.4,3845184,7505318,8843329,4,3.94285714285714,4.36209523809524,4.13937095238095,3776.58290476191,119.304733727811,0.678040527450953
"2008-03-01",814187.273429075,92.4906206705867,90.85,7.3,3859561,7536659,8867136,4,4.006,4.59636842105263,4.07051223809524,3587.33719047619,123.393913778529,0.644059063605937
"2008-04-01",821382.646656502,92.2740651034153,91.15,7.5,3840284,7616022,8940964,4,3.90181818181818,4.7835,4.2827465,3768.10281818182,124.270921386306,0.634900479349862
"2008-05-01",807870.962109235,92.6696896024938,91.73,7.5,3857591,7674618,9020742,4,3.92466666666667,4.85738095238095,4.42327081818182,3812.76218181818,123.489010989011,0.64279745452208
"2008-06-01",812817.091234263,92.8776988491131,92.08,7.6,3857729,7700435,9044137,4,3.92171428571429,4.94052380952381,4.80925171428571,3527.83233333333,123.013524936602,0.642972615490125
"2008-07-01",809920.108165638,92.8205553756253,91.95,7.6,3828594,7750811,9107460,4.25,4.10582608695652,4.961,4.8145092173913,3298.65782608696,122.580304311074,0.634127647138289
"2008-08-01",810902.879796446,92.7543292148372,91.82,7.7,3822371,7787840,9143592,4.25,4.21390476190476,4.96519047619048,4.49604304761905,3346.04333333333,119.442096365173,0.667762645357617
"2008-09-01",814496.312037916,92.9811481121887,91.99,7.8,3884458,7865188,9224888,4.25,4.18831818181818,5.01918181818182,4.50429840909091,3193.72363636364,117.962806424345,0.695918438359024
"2008-10-01",811795.839396737,93.123659759417,92.02,7.9,3977681,8010727,9369285,3.75,3.73478260869565,5.11308695652174,4.41582552173913,2627.27626086956,115.289518174134,0.750633142737773
"2008-11-01",799212.106586524,92.9796821737655,91.58,8.1,3967905,8035211,9387004,3.25,3.0652,4.2383,4.19642625,2452.8717,114.401944209637,0.785413304115958
"2008-12-01",790278.454016739,93.2744111286921,91.46,8.4,3992578,8041762,9402372,2.5,2.40142857142857,3.29261904761905,3.88814130434783,2407.00339130435,120.414201183432,0.743526012788624
"2009-01-01",778255.273869542,93.0854026505494,90.73,8.8,4091136,8089401,9402776,2,1.7272380952381,2.45652380952381,4.10369933310704,2344.93045454545,119.357565511412,0.755363077852735
"2009-02-01",778985.261815892,93.5981197515405,91.1,9.1,4132097,8112143,9436867,2,1.1721,1.94305,4.19616128799499,2159.84295,118.73415046492,0.782184955454567
"2009-03-01",778529.964314566,93.7487649333977,91.44,9.3,4147215,8093515,9403303,1.5,0.97695454545455,1.63545454545455,4.14197119368886,1993.92613636364,121.418005071851,0.7662942012428
"2009-04-01",772336.814624254,93.5965371326165,91.76,9.5,4190537,8145669,9451115,1.25,0.7569,1.4223,4.08787809137895,2256.26527272727,120.31910397295,0.758132870366861
"2009-05-01",780767.753548197,93.3278960133358,91.81,9.6,4207878,8140833,9421585,1,0.6971,1.2817,4.13402050998657,2426.68166666667,120.784023668639,0.732576581724412
"2009-06-01",782918.931827549,93.5431869410647,91.99,9.7,4258226,8155197,9428787,1,0.613045454545455,1.22790909090909,4.3237120446265,2449.025,122.242180896027,0.713447182207901
"2009-07-01",778392.709967051,93.3179496566543,91.39,9.8,4314634,8184207,9433131,1,0.272565217391304,0.974956521739131,4.08893751052918,2462.09569565217,121.153846153846,0.709839298555318
"2009-08-01",779762.364838284,93.772059179833,91.69,9.9,4346194,8176976,9387590,1,0.26247619047619,0.86047619047619,3.89003014085044,2702.65285714286,121.36517328825,0.700869077656294
"2009-09-01",788537.725194665,93.6647380452876,91.71,10,4400713,8189516,9414236,1,0.278181818181818,0.772090909090909,3.86690694743134,2827.93354545455,122.474640743872,0.686736006193127
"2009-10-01",786509.512449216,93.655030574065,91.92,10.1,4448680,8195862,9383509,1,0.273681818181818,0.7375,3.80355669541266,2865.48454545455,123.552409129332,0.674929439194977
"2009-11-01",787945.473435544,93.6745830021058,92.02,10.2,4467737,8181093,9354834,1,0.277380952380952,0.716190476190476,3.83675145153824,2843.77166666667,123.372781065089,0.670489521206634
"2009-12-01",788234.714115239,94.048605865195,92.3,10.1,4499550,8207839,9349315,1,0.269590909090909,0.712045454545454,3.87181795410203,2907.64636363636,122.189349112426,0.684294507914484
"2010-01-01",789228.540281768,93.5178951456877,91.57,10.3,4545385,8220765,9324051,1,0.259,0.67975,4.10119098626939,2922.72275,118.047337278106,0.700667736352744
"2010-02-01",786536.960371868,93.7847384136379,91.85,10.3,4568331,8228832,9323604,1,0.2556,0.6617,4.10677693933938,2727.4831,114.835164835165,0.730689698005948
"2010-03-01",798885.799346364,94.3868578595379,92.86,10.3,4580958,8230444,9332304,1,0.262652173913043,0.64495652173913,3.98523925504903,2890.46630434782,114.708368554522,0.736999961547852
"2010-04-01",795183.804308633,94.189168428425,93.24,10.4,4632696,8264563,9377955,1,0.26825,0.6447,4.15330778670087,2937.3015,113.102282333052,0.745951349053015
"2010-05-01",802956.226078387,93.9896859347441,93.35,10.4,4649309,8283333,9388633,1,0.258904761904762,0.68652380952381,3.68210980096795,2642.13114285714,109.520287404903,0.79584040747031
"2010-06-01",803362.16961298,94.1049143661016,93.35,10.3,4674690,8314433,9240895,1,0.269272727272727,0.727590909090909,3.68936173493662,2641.65540909091,107.544378698225,0.819101445714052
"2010-07-01",801982.24860684,94.1920858566233,92.96,10.3,4680518,8331067,9234411,1,0.396136363636364,0.848818181818182,3.61359855912159,2669.49777272727,109.245562130178,0.783085356303837
"2010-08-01",810162.159032683,94.4914128044392,93.13,10.2,4693166,8367919,9264711,1,0.340590909090909,0.8955,3.43701877587054,2712.23245454545,108.85460693153,0.775543585549497
"2010-09-01",809049.892360477,94.6589550638795,93.42,10.2,4676240,8367910,9272702,1,0.368590909090909,0.8805,3.49331181269301,2766.08790909091,109.161031276416,0.765286599831637
"2010-10-01",808926.486396818,94.5002657145347,93.7,10.3,4678750,8387527,9268660,1,0.616285714285714,0.997666666666667,3.33056475543013,2817.70928571429,112.806424344886,0.719537851117315
"2010-11-01",810730.147242928,94.3659516340726,93.79,10.2,4687979,8404159,9287184,1,0.507636363636364,1.04204545454545,3.72091354651344,2809.64559090909,111.221470836855,0.73201326940415
"2010-12-01",820092.266360254,94.9083660525908,94.35,10.2,4710694,8423299,9298808,1,0.413130434782609,1.02169565217391,4.06963273123597,2825.57934782609,109.087066779374,0.756422188822689
"2011-01-01",815772.55857227,94.5235359367777,93.69,10.1,4715716,8436054,9318798,1,0.573952380952381,1.0172380952381,3.93905109780245,2900.69295238095,107.650042265427,0.748521669702319
"2011-02-01",824306.773920597,94.779005609626,94.08,10.1,4718429,8444617,9327053,1,0.6221,1.08675,4.47872825489646,3015.73345,108.791208791209,0.732657090838489
"2011-03-01",831685.167507132,95.5665259780735,95.35,10.1,4727336,8458122,9345311,1,0.573695652173913,1.17552173913043,4.49074129195556,2890.362,111.580726965342,0.714327864066538
"2011-04-01",827750.343843449,95.3286563726579,95.88,10,4712016,8456009,9350480,1.25,0.881105263157895,1.32121052631579,4.66063752706196,2947.15968421053,113.387573964497,0.692434965779145
"2011-05-01",828610.422548791,94.9910538306934,95.89,10.1,4710610,8480338,9369117,1.25,0.94836363636364,1.42509090909091,4.36914735726476,2885.76840909091,112.161876584954,0.696930338644805
"2011-06-01",820285.63360776,95.1205852440804,95.88,10.1,4728150,8495988,9386874,1.25,1.03904545454545,1.48859090909091,4.37831442442718,2766.60604545455,112.394336432798,0.695003869907916
"2011-07-01",826445.843501409,95.0796155116366,95.34,10.2,4730745,8509521,9390737,1.5,0.92680952380952,1.59761904761905,4.60335677015054,2743.46095238095,110.661453930685,0.701051577366035
"2011-08-01",829587.719009986,95.4086945371064,95.52,10.3,4764855,8558299,9461608,1.5,0.820782608695652,1.55208695652174,4.20809452555615,2297.21243478261,111.105240912933,0.697193644019005
"2011-09-01",829624.037488606,95.9040586666433,96.21,10.5,4774497,8593759,9494473,1.5,0.92045454545455,1.53645454545455,4.03796949195519,2124.31331818182,110.650887573964,0.726216412490922
"2011-10-01",827513.419848344,95.6783942383953,96.54,10.6,4779936,8572193,9454437,1.5,0.874571428571429,1.57585714285714,4.07856254805124,2312.29914285714,111.242603550296,0.729589727376656
"2011-11-01",828136.514665117,95.4960384266558,96.63,10.7,4790210,8588089,9471859,1.25,0.705,1.48468181818182,4.39427258961432,2239.58022727273,110.682586644125,0.737695573155944
"2011-12-01",829034.865486539,95.8709875547595,96.95,10.8,4803786,8607320,9498551,1,0.542047619047619,1.42609523809524,4.09317656485986,2283.29523809524,109.044801352494,0.758780170544854
"2012-01-01",822299.809837632,95.4895192492095,96.17,10.9,4821347,8644031,9508245,1,0.295045454545455,1.22222727272727,3.90602923746474,2382.06590909091,105.357142857143,0.77490164032586
"2012-02-01",830131.752116609,95.9402134116748,96.65,11,4824871,8679871,9535017,1,0.280619047619048,1.04828571428571,3.74606128625883,2508.24328571429,105.927726120034,0.756195400891604
"2012-03-01",835752.93804576,96.8159056988673,97.9,11.2,4856040,8723292,9610720,1,0.271727272727273,0.858454545454546,3.28206985894367,2532.18336363636,107.163989856298,0.757518369820468
"2012-04-01",830157.088351177,96.6087981934565,98.36,11.3,4831364,8704188,9575598,1,0.260105263157895,0.744315789473684,3.38093110539288,2340.77873684211,107.163989856298,0.759778144781739
"2012-05-01",830037.212155039,96.1872792650919,98.23,11.4,4881060,8746773,9627462,1,0.252,0.684909090909091,3.52699713316753,2198.50308695652,105.832628909552,0.781927522427109
"2012-06-01",825692.099493783,96.2459590967921,98.16,11.5,4909295,8779098,9658453,1,0.247047619047619,0.658857142857143,3.40564590316793,2152.74504761905,105.272612003381,0.798321244468756
"2012-07-01",825806.123212331,96.2444311382867,97.64,11.6,4971911,8829323,9705253,0.75,0.099227272727273,0.497045454545455,3.2481082965524,2258.35786363636,102.62045646661,0.813771981090868
"2012-08-01",835038.965765566,96.7379941019462,98.02,11.6,5004569,8846566,9697121,0.75,0.025086956521739,0.332391304347826,3.00939101475364,2424.50086956522,102.62045646661,0.806454440583601
"2012-09-01",831934.111022104,97.2651393348344,98.73,11.7,5025079,8875881,9713753,0.75,0.0143,0.2463,2.41778519110247,2530.68895,105.21978021978,0.777865071524693
"2012-10-01",829526.467340905,96.9635864176765,98.96,11.9,5072266,8948155,9774469,0.75,0.00569565217391299,0.207913043478261,2.30546915112704,2503.46882608696,105.779797125951,0.770761981997709
"2012-11-01",825392.108995886,96.6345616219732,98.76,12,5096612,8975122,9777752,0.75,-0.00650000000000001,0.192,2.24665510044371,2513.98322727273,105.040152155537,0.779561319584723
"2012-12-01",832399.923663209,97.1690057345104,99.11,12,5102595,8998474,9785187,0.75,-0.0115789473684211,0.185473684210526,2.09900815466945,2625.55357894737,106.699070160609,0.762231814753577
"2013-01-01",823703.031169733,96.7926403896515,98.09,12.2,5105555,9014275,9767605,0.75,-0.016,0.204909090909091,2.39297134091302,2715.3045,106.741335587489,0.752556125293779
"2013-02-01",827588.006070159,97.3627758284304,98.45,12.2,5144982,9049240,9784933,0.75,-0.01735,0.22335,2.85824831957408,2630.39735,107.576077768385,0.748556222186458
"2013-03-01",841005.662760108,98.3081542381156,99.61,12.2,5173010,9079682,9803199,0.75,-0.01805,0.20605,3.02755932853801,2680.17895,107.121724429417,0.771390663087414
"2013-04-01",836603.287826467,97.736822084737,99.52,12.2,5215171,9108326,9822063,0.75,-0.004,0.208904761904762,2.85523932351308,2636.3469047619,107.132290786137,0.767695378473822
"2013-05-01",836427.540085093,97.6218888706639,99.63,12.2,5241782,9129445,9837477,0.5,-0.0062727272727273,0.201227272727273,2.68559314188344,2785.76913043478,107.396449704142,0.770294637698947
"2013-06-01",841122.37208844,97.7626360090874,99.74,12.2,5240787,9126627,9818212,0.5,0.00115,0.21025,3.07089911350625,2655.76035,109.38292476754,0.758221969481566
"2013-07-01",836363.46796613,97.5869737486859,99.21,12.1,5272637,9147571,9832329,0.5,0.00813043478260869,0.221434782608696,3.10108896385562,2686.53152173913,108.643279797126,0.764518370046812
"2013-08-01",842321.790650855,97.7896205236646,99.33,12.1,5314438,9183775,9874715,0.5,-0.003,0.225863636363636,3.09672807911542,2803.84918181818,109.974640743872,0.751343025658364
"2013-09-01",847008.941383015,98.1376221039353,99.81,12.1,5345103,9198843,9868977,0.5,-0.00466666666666671,0.223238095238095,3.40702413474181,2864.55571428571,110.080304311074,0.749181251917534
"2013-10-01",839126.995283786,97.7325923377473,99.69,12.1,5380840,9219721,9877942,0.5,0.0083478260869565,0.225826086956522,3.16264373744894,2988.882,110.703719357566,0.733409012640152
"2013-11-01",844319.787822576,97.625043373006,99.6,12.1,5402217,9235023,9885297,0.25,0.018095238095238,0.223380952380952,3.17117543480748,3055.9819047619,110.524091293322,0.741130258936783
"2013-12-01",849835.316893638,98.2456121685697,99.95,12,5386119,9212026,9832650,0.25,0.08365,0.2735,3.31316004745267,3010.19825,112.330938292477,0.729735252050556
"2014-01-01",845229.446178554,97.7743071962812,98.84,12,5416893,9239268,9874481,0.25,0.111090909090909,0.292045454545454,3.21243386550296,3092.40186363636,110.819949281488,0.734741588043765
"2014-02-01",854177.268538854,98.275604379768,99.14,12,5451336,9267544,9896754,0.25,0.0717,0.2881,3.08874146900564,3085.86525,111.105240912933,0.732144818245049
"2014-03-01",857017.385282593,99.049447314588,100.07,11.9,5475017,9284719,9891849,0.25,0.106857142857143,0.305333333333333,2.88650803494441,3093.96685714286,113.133981403212,0.723456883692238
"2014-04-01",860447.826131096,98.6778758115749,100.22,11.8,5479764,9287884,9879815,0.25,0.16885,0.32975,2.61034183565298,3171.53165,112.616229923922,0.723981900452489
"2014-05-01",853128.666442999,98.4024266974796,100.12,11.8,5516258,9337820,9941588,0.25,0.163047619047619,0.324571428571429,2.55500287020287,3197.39868181818,111.4539306847,0.728218465539654
"2014-06-01",853889.007425905,98.6114720309032,100.23,11.6,5548049,9362807,9973532,0.15,-0.00923809523809521,0.241428571428571,2.27567734706537,3271.68985714286,110.566356720203,0.735706278026903
"2014-07-01",860353.956039787,98.3486167473472,99.58,11.7,5580718,9390708,10007330,0.15,-0.0417391304347826,0.20504347826087,2.15833096791881,3192.30852173913,109.298393913779,0.738597499686925
"2014-08-01",855541.0323625,98.6870889572013,99.69,11.6,5626751,9433034,10049824,0.15,-0.0670952380952381,0.191571428571429,1.98988792333654,3089.05452380952,108.664412510566,0.750970898089687
"2014-09-01",867281.811597713,99.0712236345934,100.13,11.6,5683788,9482753,10098645,0.05,-0.0784090909090909,0.0970909090909091,1.84847133269162,3233.37777272727,107.237954353339,0.775111862734714
"2014-10-01",864748.192370916,98.8318504128731,100.06,11.6,5723293,9500212,10125070,0.05,-0.0894782608695652,0.0826086956521739,1.68988709921029,3029.57486956522,106.434911242604,0.789095387908987
"2014-11-01",863379.173924038,98.8345680041932,99.88,11.6,5788176,9559214,10184921,0.05,-0.09655,0.0809,1.61711584143162,3126.14485,106.339814032122,0.801783165760652
"2014-12-01",872834.233705046,99.228774092841,99.78,11.5,5941966,9676028,10326597,0.05,-0.115142857142857,0.0809047619047619,1.44752600788341,3159.7749047619,106.994928148774,0.810942314970017
"2015-01-01",862287.00026831,98.6748527102745,98.24,11.4,6037612,9745960,10405448,0.05,-0.135619047619048,0.0626666666666667,1.26783679420504,3207.25838095238,101.658918005072,0.860486461679694
"2015-02-01",881708.361767733,99.479785323407,98.85,11.3,6091007,9761926,10438257,0.05,-0.121,0.0482,1.21066283079436,3453.78565,99.8732037193576,0.881084438727185
"2015-03-01",889605.237963957,100.31013014266,100,11.3,6151855,9815782,10475465,0.05,-0.135363636363636,0.0271818181818182,0.952031264867717,3655.30627272727,97.8233305156382,0.922706549958253
"2015-04-01",881999.443849797,99.9203452451829,100.43,11.2,6206168,9865617,10545103,0.05,-0.1595,0.0047,0.850851036345758,3733.8009,97.0097210481826,0.927704025307766
"2015-05-01",885473.288884729,99.8182054099638,100.71,11.1,6271825,9909778,10561797,0.05,-0.19075,-0.0103684210526316,1.33257915735196,3617.86466666667,99.1018596787828,0.89689718419129
"2015-06-01",888664.567265474,99.9440329245535,100.72,11.1,6325590,9947884,10582758,0.05,-0.2035,-0.0139090909090909,1.66514799215752,3521.77477272727,100.200760777684,0.891803916640677
"2015-07-01",892046.383412935,99.9440617213355,100.12,10.8,6392616,10012113,10656208,0.05,-0.202695652173913,-0.0187391304347826,1.52864696573328,3545.09756521739,98.5841081994928,0.909439587509807
"2015-08-01",888634.118589859,100.310377924665,100.12,10.8,6424845,10030998,10662405,0.05,-0.206285714285714,-0.0276666666666667,1.39230000852554,3444.40585714286,101.120033812342,0.897742818057425
"2015-09-01",895427.097997207,100.512105530283,100.32,10.7,6459866,10060424,10694197,0.05,-0.220681818181818,-0.0370454545454546,1.48089877201104,3165.46081818182,102.715553677092,0.891171728792124
"2015-10-01",898224.549980931,100.378523360655,100.45,10.7,6527378,10124558,10780760,0.05,-0.223909090909091,-0.0535909090909091,1.20320706765034,3275.47868181818,102.261200338123,0.890068454355664
"2015-11-01",894477.737171155,100.098716031489,100.01,10.6,6583484,10182417,10836416,0.05,-0.219666666666667,-0.0876190476190476,1.15318835591793,3439.57128571429,98.8799661876585,0.931445603576751
"2015-12-01",899814.212847913,100.608863675531,100.03,10.6,6612393,10217313,10842557,0.05,-0.283954545454545,-0.126318181818182,1.19325539617419,3288.63395454545,100.771344040575,0.919355782329967
"2016-01-01",905001.786476792,100.001533131531,98.56,10.5,6670355,10268839,10909372,0.05,-0.3237,-0.14615,1.11291654032028,3030.5048,100.771344040575,0.920839990239096
"2016-02-01",901839.915999876,100.509339655154,98.72,10.4,6733011,10320213,10976218,0.05,-0.325380952380952,-0.183571428571429,1.03972471865796,2862.58766666667,101.743448858833,0.901473264878633
"2016-03-01",906817.597523332,101.421839121339,99.95,10.4,6757516,10342705,10986982,0,-0.372714285714286,-0.22852380952381,0.930598425796982,3031.41847619048,101.849112426035,0.900927955794441
"2016-04-01",910320.991123044,100.707390782825,100.17,10.3,6804786,10383940,11039392,0,-0.422809523809524,-0.249190476190476,0.961429055493306,3031.1839047619,102.525359256128,0.881897170789923
"2016-05-01",902660.231030701,100.731746306771,100.58,10.2,6849266,10423954,11084382,0,-0.423,-0.257181818181818,0.971041419728146,2983.70327272727,103.243871513102,0.88408802301843
"2016-06-01",910361.077846254,100.864272422109,100.76,10.2,6871798,10452292,11119739,0,-0.417545454545455,-0.267909090909091,0.882952622918901,2910.80236363636,102.821217244294,0.890558461114986
"2016-07-01",910768.767200847,100.813334939091,100.28,10,6928484,10502607,11178145,0,-0.413761904761905,-0.294523809523809,0.620918289190528,2919.07947619048,101.997041420118,0.903462844014973
"2016-08-01",914451.66000837,101.039205877263,100.34,10,6970524,10528589,11199036,0,-0.423826086956522,-0.298217391304348,0.613309394028143,2992.8667826087,102.461961115807,0.891922286423374
"2016-09-01",918892.772790783,101.329686744709,100.71,9.9,7005097,10569166,11240372,0,-0.428,-0.301636363636364,0.734074152576426,3012.09259090909,102.831783601014,0.891894302417026
"2016-10-01",921293.34340478,101.24205809465,100.95,9.8,7059544,10591645,11263126,0,-0.431619047619048,-0.309,0.770313220168188,3042.33238095238,102.60989010989,0.906943298768685
"2016-11-01",920182.861247867,100.811883220469,100.59,9.9,7137436,10662425,11337510,0,-0.433727272727273,-0.312681818181818,1.23070939657532,3026.39586363636,101.796280642434,0.926015565479784
"2016-12-01",925562.395347353,101.46848392071,101.12,9.7,7158597,10710530,11382913,0,-0.435428571428571,-0.315761904761905,1.28514364734369,3207.27123809524,101.098901098901,0.948505200970164
"2017-01-01",923945.110708824,100.999364454197,100.26,9.6,7208244,10759056,11439966,0,-0.436545454545454,-0.325545454545455,1.30882896678748,3298.76959090909,100.200760777684,0.94211556332088
"2017-02-01",934113.916631841,101.433543358911,100.65,9.5,7263871,10814115,11491550,0,-0.43785,-0.3286,1.43777869824884,3293.0971,99.5350803043111,0.939615603256708
"2017-03-01",939056.572659335,102.043035392213,101.48,9.5,7344648,10881654,11581144,0,-0.438478260869565,-0.329347826086957,1.45427677132092,3427.10395652174,100.697379543533,0.935918094959056
"2017-04-01",943788.03400119,102.110852735978,102.06,9.3,7394158,10912228,11578021,0,-0.441888888888889,-0.330388888888889,1.25982731674438,3491.83411111111,100.644547759932,0.932603829893032
"2017-05-01",943317.65642512,101.80773182212,101.97,9.3,7423638,10928508,11607575,0,-0.443863636363636,-0.329454545454545,1.17324886725221,3601.872,102.546491969569,0.904363554148768
"2017-06-01",943407.30957369,101.954951552665,102.07,9.1,7488142,10988182,11652740,0,-0.443681818181818,-0.33,1.07060542346137,3547.84940909091,103.508030431107,0.890515203523166
"2017-07-01",947366.828502734,101.783324543646,101.62,9.1,7522548,11008582,11668038,0,-0.44447619047619,-0.330428571428571,1.20681184372731,3483.894,104.659763313609,0.868723472908227
"2017-08-01",955200.794060337,102.170890315439,101.88,9,7579897,11066852,11736671,0,-0.440826086956522,-0.329086956521739,1.04405308235834,3451.34173913044,106.26584953508,0.846973909521076
"2017-09-01",954639.877436929,102.594368286375,102.29,8.9,7621867,11095402,11773187,0,-0.443142857142857,-0.329380952380952,1.11492206238135,3507.12238095238,106.360946745562,0.839308409870297
"2017-10-01",951336.94688249,102.537855507433,102.34,8.8,7666219,11139576,11804155,0,-0.444,-0.329545454545455,1.14894922128505,3614.74545454545,105.927726120034,0.850639332789413
"2017-11-01",966180.46281847,102.34520924527,102.13,8.7,7713565,11176686,11849209,0,-0.434181818181818,-0.329,0.94670410436982,3601.43131818182,105.610735418428,0.851933889930141
"2017-12-01",974750.59029904,102.960815193463,102.48,8.7,7749170,11208278,11858924,0,-0.427263157894737,-0.327894736842105,0.878612169522357,3564.6552631579,106.054522400676,0.844864999466386
"2018-01-01",964208.104566311,102.636071212326,101.55,8.7,7809609,11262451,11905687,0,-0.447363636363636,-0.328454545454546,1.032119325906,3612.16381818182,105.526204564666,0.819705725644494
"2018-02-01",964900.02641036,102.926164414767,101.77,8.6,7838207,11278673,11920069,0,-0.4497,-0.3285,1.26947002555199,3426.7103,105.557903634827,0.809860865903238
"2018-03-01",975834.56902333,103.591878345149,102.9,8.5,7861261,11290502,11942983,0,-0.448904761904762,-0.327904761904762,1.16879585342593,3374.29471428571,107.100591715976,0.810623021693847
"2018-04-01",969577.012688648,103.170139540499,103.32,8.4,7911663,11334856,11993660,0,-0.4507,-0.32845,1.12614617979075,3457.61825,107.29078613694,0.814577682200663
"2018-05-01",978258.120741725,103.305414767224,103.96,8.3,7992308,11419603,12065798,0,-0.4475,-0.325227272727273,1.23444334372189,3537.08656521739,106.508875739645,0.846580392428512
"2018-06-01",978368.066569627,103.350499414151,104.08,8.2,8047005,11497274,12150837,0,-0.446761904761905,-0.322047619047619,1.28848829618119,3442.768,106.413778529163,0.856290062142172
"2018-07-01",971395.556719867,103.464937925299,103.85,8.1,8062842,11497988,12135357,0,-0.448590909090909,-0.320727272727273,1.19857970641547,3460.88668181818,107.322485207101,0.855744770232549
"2018-08-01",984238.182329121,103.753919811215,104,8,8090796,11512050,12156615,0,-0.444130434782609,-0.319,1.36555842704414,3436.82804347826,107.628909551986,0.865879093161071
"2018-09-01",987657.660951013,104.224189958476,104.41,8,8151332,11561340,12193310,0,-0.4477,-0.31885,1.31995942118383,3365.2269,108.738377007608,0.857728563218884
"2018-10-01",995328.428320323,104.404760240293,104.67,8,8194282,11618086,12258408,0,-0.45104347826087,-0.317695652173913,1.55539712432472,3244.5497826087,107.565511411665,0.870773436109829
"2018-11-01",986976.481504887,104.102952924454,104.09,7.9,8247433,11671711,12309490,0,-0.446318181818182,-0.316363636363636,1.40582335351347,3186.40386363636,106.202451394759,0.8797501509571
"2018-12-01",994073.19017479,104.515141933229,104.04,7.9,8283767,11709262,12370070,0,-0.445473684210526,-0.311894736842105,1.21208589524443,3057.83889473684,106.2764158918,0.878409616273678
"2019-01-01",998319.015826536,104.178941881478,102.96,7.9,8318677,11747575,12400518,0,-0.452,-0.308,1.20220652204536,3088.65436363636,104.532967032967,0.875932170997893
"2019-02-01",1000098.49356858,104.709830407887,103.28,7.8,8374171,11812055,12457383,0,-0.45205,-0.30845,1.11991845160944,3223.07085,103.613693998309,0.880968007646802
"2019-03-01",1009142.29060488,105.347709781951,104.34,7.7,8463891,11895554,12535791,0,-0.452857142857143,-0.309190476190476,0.990761812567694,3332.85538095238,104.110312764159,0.884761872661716
"2019-04-01",1009095.60217336,105.174413977034,105.09,7.7,8515964,11969408,12608737,0,-0.452,-0.31045,0.950971833630982,3458.7648,104.332206255283,0.889818254621494
"2019-05-01",1010815.49420478,104.879964700681,105.23,7.6,8573197,12033491,12676936,0,-0.451590909090909,-0.311863636363636,0.871105042270359,3385.41208695652,104.913355874894,0.894087238530276
"2019-06-01",1007451.90362187,105.132717397008,105.4,7.5,8626434,12079082,12720582,0,-0.44655,-0.3289,0.574046565128611,3405.9535,105.473372781065,0.885472931092496
"2019-07-01",1008286.3103114,105.187294329792,104.91,7.5,8688313,12138190,12783083,0,-0.451826086956522,-0.364869565217391,0.356898989563315,3507.8027826087,103.994082840237,0.89139340291368
"2019-08-01",1017166.31796335,105.627873507469,105.05,7.5,8771506,12232907,12880993,0,-0.446227272727273,-0.407681818181818,0.0992022944515876,3355.32390909091,104.765426880812,0.898777254398924
"2019-09-01",1022339.87172525,105.956544547004,105.28,7.5,8808360,12268513,12910683,0,-0.488238095238095,-0.417571428571429,0.0478009331887888,3514.53095238095,103.983516483516,0.908768316009016
"2019-10-01",1030175.92278974,105.976300713801,105.43,7.4,8887124,12334635,12972243,0,-0.549217391304348,-0.412869565217391,0.132507764978225,3551.22265217391,103.719357565511,0.904767337112401
"2019-11-01",1020342.09198914,105.840537249301,105.09,7.5,8939511,12381853,13011969,0,-0.536285714285714,-0.401285714285714,0.30160624265349,3693.14104761905,102.662721893491,0.904899383806641
"2019-12-01",1013106.68522112,106.601004091641,105.42,7.5,8950015,12380743,12987109,0,-0.5412,-0.3947,0.366249130736934,3715.3338,102.842349957735,0.899810589870832
"2020-01-01",1021004.15031236,106.088171798014,104.37,7.5,8990551,12418229,13057815,0,-0.537681818181818,-0.391136363636364,0.316186822135828,3758.24118181818,100.919273034658,0.900871388324677
"2020-02-01",1014503.78739593,106.61556543551,104.55,7.3,9062379,12491659,13146537,0,-0.5383,-0.40885,0.133330854531729,3734.92425,100.116229923922,0.917010545621275
"2020-03-01",944069.562291713,107.741820793002,105.12,7.2,9355534,12790701,13483139,0,-0.533818181818182,-0.416636363636364,0.368176361456924,2824.17845454545,104.649196956889,0.903880523429001
"2020-04-01",837645.00302958,108.674320961212,105.42,7.4,9532102,12979824,13646693,0,-0.53655,-0.25405,0.553843048033478,2839.576,105.21978021978,0.920649241845349
"2020-05-01",892605.664596382,107.735777868823,105.32,7.6,9653392,13141213,13809754,0,-0.54175,-0.27195,0.478371921747441,2909.32442857143,105.262045646661,0.917275508285291
"2020-06-01",946609.632374038,107.550908972586,105.68,8.1,9740707,13221584,13908913,0,-0.545727272727273,-0.376,0.350450683563307,3237.39272727273,106.572273879966,0.888526298359046
"2020-07-01",982589.699608511,106.981429608202,105.31,8.5,9798614,13292212,13992496,0,-0.549869565217391,-0.444130434782609,0.220654348607008,3316.2912173913,106.804733727811,0.872342200881432
"2020-08-01",988251.842720297,106.671823781038,104.87,8.6,9855651,13327764,14013404,0,-0.552714285714286,-0.479714285714286,0.160505011359991,3297.6679047619,108.019864750634,0.845444663633819
"2020-09-01",988234.457671192,107.027194809814,104.95,8.6,9937663,13442381,14146910,0,-0.553954545454545,-0.491363636363636,0.122982564467726,3260.73331818182,107.903634826712,0.848003145320764
"2020-10-01",994573.383037992,107.53879483845,105.14,8.4,10052144,13540474,14251290,0,-0.554363636363636,-0.509136363636364,0.000531795048380393,3180.39022727273,107.840236686391,0.849243787009645
"2020-11-01",1000767.68078721,107.397123272414,104.79,8.2,10158109,13633583,14346331,0,-0.556333333333333,-0.520857142857143,-0.0553454385201783,3391.79361904762,106.741335587489,0.844744082768813
"2020-12-01",994941.036174803,107.979269691453,105.13,8.2,10270201,13745104,14480643,0,-0.557454545454546,-0.538090909090909,-0.0915406969551268,3530.94690909091,107.903634826712,0.821711101316997
"2021-01-01",1007790.75059495,108.115556415766,105.31,8.3,10382665,13835336,14591133,0,-0.56335,-0.54715,-0.0635944801138958,3592.2347,107.047759932375,0.821635300739061
"2021-02-01",1001494.40176518,108.21321266628,105.53,8.3,10473586,13923364,14671890,0,-0.56375,-0.5411,0.0643186400606099,3667.14305,105.917159763314,0.826589738714984
"2021-03-01",1019228.04763987,108.638213365689,106.52,8.2,10563499,14019354,14758349,0,-0.564347826086957,-0.539086956521739,0.147920311387671,3813.29308695652,106.614539306847,0.840400615319389
"2021-04-01",1031601.78498724,108.47816538501,107.12,8.3,10628067,14074552,14820519,0,-0.5658,-0.53815,0.205065223677536,3987.2866,107.343617920541,0.834787254468199
"2021-05-01",1030495.37413926,108.545737096689,107.4,8.1,10702210,14156859,14909537,0,-0.564714285714286,-0.540095238095238,0.376967791647506,4003.59071428571,107.650042265427,0.823322773892027
"2021-06-01",1043960.6408735,108.967072923398,107.69,7.9,10806050,14232712,14988884,0,-0.564590909090909,-0.542909090909091,0.30386782631217,4105.80877272727,106.910397295013,0.830075914215421
"2021-07-01",1065498.90787513,109.391255956408,107.6,7.7,10902782,14332568,15106293,0,-0.566227272727273,-0.544818181818182,0.164048511226758,4062.60654545455,105.779797125951,0.845893571208872
"2021-08-01",1063110.8185567,110.118748674318,107.97,7.6,10989804,14405853,15178895,0,-0.567909090909091,-0.547590909090909,0.0597810390299362,4177.02590909091,105.420540997464,0.849486446829884
"2021-09-01",1070550.17356817,110.550005202947,108.48,7.4,11076989,14489494,15250735,0,-0.570045454545455,-0.545045454545454,0.196650297559053,4158.28604545455,105.536770921386,0.849594704707926
"2021-10-01",1077472.37479918,111.04913752195,109.4,7.3,11148221,14568762,15363701,0,-0.570571428571429,-0.549809523809524,0.352253785095313,4132.22895238095,104.860524091293,0.861959274476579
"2021-11-01",1085556.81025151,111.225268968626,109.89,7.1,11192288,14617674,15418039,0,-0.573,-0.567363636363636,0.312345076299871,4306.35527272727,104.226542688081,0.87611356024678
"2021-12-01",1099865.31494931,111.459302306123,110.36,7,11289735,14708392,15495900,0,-0.577217391304348,-0.58195652173913,0.279098039044895,4207.864,104.194843617921,0.884659617596237
"2022-01-01",1099690.71719921,111.762100242694,110.69,6.9,11378722,14821644,15596492,0,-0.577857142857143,-0.560142857142857,0.533964619504543,4252.32604761905,103.10650887574,0.883823504654819
"2022-02-01",1109088.80621546,112.376952532563,111.73,6.8,11466429,14904777,15658593,0,-0.57655,-0.53150000005,0.944214649050264,4084.097,103.370667793745,0.881686489917915
"2022-03-01",1119110.97658532,114.328196207269,114.45,6.8,11535119,14979994,15732137,0,-0.578695652173913,-0.495434782608696,1.05417341373189,3796.59930434783,104.194843617921,0.907526949604645
"2022-04-01",1119974.29570376,113.909248155673,115.11,6.8,11575875,15039803,15812004,0,-0.583684210526316,-0.447894736842105,1.56824814264862,3837.34305263158,101.912510566357,0.924322325789588
"2022-05-01",1137422.72532153,114.124303578671,116.07,6.7,11617227,15086409,15862884,0,-0.584954545454545,-0.385727272727273,1.87418261095286,3691.77409090909,102.028740490279,0.945313607789384
"2022-06-01",1143167.17897472,114.743924882542,117.02,6.7,11647587,15142824,15932704,0,-0.581954545454545,-0.239227272727273,2.43731322379157,3587.624,102.282333051564,0.946448237885479
"2022-07-01",1134812.44027646,114.986548272344,117.16,6.7,11698076,15242503,15993536,0.5,-0.510619047619048,0.0366190476190476,2.09251147108357,3523.29123809524,100.116229923922,0.982423967402214
"2022-08-01",1154156.22548088,115.523414710449,117.87,6.7,11764014,15359159,16119865,0.5,-0.0847826086956522,0.394739130434783,2.05822321385582,3701.055,99.9577345731192,0.98731938494292
"2022-09-01",1173689.43424266,116.570577154468,119.27,6.7,11681424,15422603,16195630,1.25,0.355318181818182,1.01086363636364,2.81375186630484,3466.18818181818,100.866441251057,1.00971622384488
"2022-10-01",1178350.6887033,117.833409042812,121.04,6.7,11547504,15357455,16129054,1.25,0.656,1.42766666666667,3.1850119499636,3464.576,102.641589180051,1.01774264680934
"2022-11-01",1181323.55228767,117.810585689789,120.96,6.7,11443507,15317765,16132161,2,1.36795454545455,1.82522727272727,2.93411383385498,3839.95618181818,103.751056635672,0.980269841552721
"2022-12-01",1165204.65900903,118.020439130069,120.53,6.7,11296984,15229154,16048195,2.5,1.56838095238095,2.06347619047619,3.00015925310856,3884.67271428571,104.70202874049,0.944393227351384
"2023-01-01",1185396.81842857,118.817035539749,120.28,6.7,11264983,15266625,16086389,2.5,1.90190909090909,2.34486363636364,3.04419920460064,4092.674,103.814454775993,0.928591326957006
"2023-02-01",1207960.92843383,120.257023929912,121.25,6.6,11144466,15223160,16077506,3,2.2745,2.64035,3.22299493086068,4238.13415,104.099746407439,0.933262405390524
"2023-03-01",1200274.95313761,121.428169974111,122.35,6.6,11014046,15188493,16049043,3.5,2.57213043478261,2.9105652173913,3.23275676463568,4201.73495652174,105.092983939138,0.934070843181647
"2023-04-01",1206074.74894581,121.681014889439,123.13,6.5,10912853,15139424,16000276,3.5,2.89983333333333,3.167,3.19288143737296,4358.26688888889,106.836432797971,0.911766344678089
"2023-05-01",1210292.76150264,121.410775134281,123.17,6.5,10824092,15119329,16014230,3.75,3.07963636363636,3.3664347826087,3.20584999199048,4319.32043478261,106.434911242604,0.920174833218312
"2023-06-01",1222008.68955155,121.604424907996,123.48,6.5,10711305,15091218,15987595,4,3.23804545454545,3.53586363636364,3.16470521803867,4324.43940909091,107.248520710059,0.922520830100985
"2023-07-01",1211804.33610683,121.661752533433,123.37,6.6,10617393,15051708,15946578,4,3.40219047619048,3.67180952380952,3.26878685706511,4364.50680952381,108.400253592561,0.904310979627154
"2023-08-01",1223175.15890414,122.525370031363,124.04,6.5,10532796,15026212,15932995,4.25,3.64186956521739,3.78030434782609,3.34324651177463,4296.84373913043,108.431952662722,0.916685266077895
"2023-09-01",1230674.40498903,123.260582424107,124.44,6.6,10510793,15072362,15994396,4.5,3.74661904761905,3.88004761904762,3.50554163792282,4227.22776190476,107.79797125951,0.935995721162376
"2023-10-01",1231267.69191055,123.867092436817,124.55,6.6,10405829,15032213,15975490,4.5,3.90072727272727,3.96763636363636,3.72393528662163,4103.953,107.30135249366,0.94674148793339
"2023-11-01",1237116.11520972,123.564604150548,123.86,6.5,10366961,15047105,16001505,4.5,3.90172727272727,3.97163636363636,3.42024954194299,4275.04081818182,107.343617920541,0.9252211068168
"2023-12-01",1240106.29287973,124.078670848533,124.06,6.5,10345628,15100189,16095535,4.5,3.90152631578947,3.93309523809524,2.86562834297746,4508.59263157895,107.090025359256,0.917174330704096
"2024-01-01",1235609.10472121,123.902528083065,123.62,6.5,10284002,15078095,16097014,4.5,3.904,3.92527272727273,2.90361718054564,4505.77609090909,106.582840236686,0.916999078832774
"2024-02-01",1249190.32453139,124.528651508392,124.38,6.5,10266654,15105825,16124033,4.5,3.90714285714286,3.92319047619048,3.02476564147219,4758.88652380952,106.181318681319,0.926379312626575
"2024-03-01",1255334.37074739,125.048760451249,125.32,6.5,10266267,15133823,16187636,4.5,3.9066,3.92238095238095,2.95285639172761,4989.648,107.586644125106,0.919777046044039
"2024-04-01",1256759.76880098,125.06468863828,126.05,6.4,10262375,15151381,16224179,4.5,3.90771428571429,3.88636363636364,3.07367166234701,4981.40747619048,107.607776838546,0.932160882090518
"2024-05-01",1249013.93906637,125.02600429677,126.32,6.4,10263143,15197011,16264207,4.5,3.90686363636364,3.81365217391304,3.12138605307077,5022.56013043478,107.893068469992,0.924878819854649
"2024-06-01",1259555.99213265,125.266735471058,126.59,6.4,10330258,15288943,16375240,4.25,3.74945,3.7245,3.16643281360823,4951.9745,107.776838546069,0.929454410261177
"2024-07-01",1262322.74457258,125.591790454324,126.56,6.4,10286002,15248901,16360746,4.25,3.66260869565217,3.68482608695652,3.11249872592742,4913.88873913044,107.977599323753,0.922161546665362
"2024-08-01",1275727.12847334,125.930101068199,126.73,6.3,10333211,15315506,16450711,,3.66340909090909,3.54759090909091,2.90579314675962,4788.51095454545,,
"2024-09-01",1264404.12695408,125.932677245442,126.61,6.3,10384239,15399769,16543935,,3.55652380952381,3.43371428571428,2.83416486770752,4876.98961904762,,
"2024-10-01",,,127.05,6.2,10438347,15421845,16577367,,3.33752173913043,3.16660869565217,2.86593395053269,4948.44043478261,,
"2024-11-01",,,126.63,6.2,10547679,15541403,16691823,,3.16442857142857,3.0067619047619,2.9291315226785,4795.10576190476,,
"2024-12-01",,,127.08,6.2,10578368,15575663,16742401,,3.06415,2.81609090909091,2.81234302970702,4918.3386,,
"2025-01-01",,,126.73,6.2,10596641,15580221,16782722,,2.91945454545455,2.70313043478261,3.08795595250177,5098.11740909091,,
"2025-02-01",,,127.28,6.1,10661164,15627299,16858732,,2.69065,2.52495,2.98865455430641,5420.0439,,
"2025-03-01",,,,,,,,,2.50305,,,,,
