"date","pce_nom","gdp_nom","pce_defl","gdp_defl","cpi","ur","m1","m2","m3","policy","estr_1d","euribor_3m","gov_10y","sx5e","reer","rrppi","xr_usd","hfwh","hnfwh","hhwh"
"1970-01-01",68249.4986077646,122523.780070724,12.0816135331538,11.9574369482664,14.4048872160778,1.5723088,166300,297400,322000,,,7.986993218,7.92286533333333,,,,,,,
"1970-04-01",70126.2128144113,127468.906512735,12.2612346362405,12.2054338845989,14.5615204998184,1.5234821,168400,305200,331900,,,7.956545004,8.254439,,,,,,,
"1970-07-01",72164.7959885003,130932.28800452,12.468100007907,12.3878173805653,14.7283796652509,1.5737413,173100,314900,341100,,,7.602188806,8.384747,,,,,,,
"1970-10-01",74485.7101699775,134011.92175216,12.6239537279513,12.5274337815382,14.920557823541,1.5602564,178800,327600,346500,,,7.242308404,8.34093266666667,,,,,,,
"1971-01-01",76049.7432689661,137372.923434264,12.8008850649922,12.8641129668331,15.161972800956,1.5859755,183300,344700,359800,,,6.516898213,7.86062366666667,,,,0.972365128,,,
"1971-04-01",78332.3027467865,140711.292280386,12.9923150633075,13.0100692047439,15.4089172721676,1.6602434,189000,356400,373700,,,5.938637529,7.93076166666667,,,,0.967501374,,,
"1971-07-01",80293.8722819329,145022.427090786,13.2024694415062,13.2027646885716,15.6251338263842,1.662043,195700,371700,386400,,,6.226212562,8.02698133333333,,,,0.951682809,,,
"1971-10-01",82160.8394120168,148193.783056325,13.3554798147508,13.3850226475483,15.8690916889331,1.7905682,199700,384400,398200,,,6.005823296,7.84603,,,,0.927411266,,,
"1972-01-01",84939.2690820067,153755.374625297,13.5759874065755,13.6845718595921,16.1067444191344,1.9030049,207500,401300,412400,,,5.046600907,7.58765133333333,,,,0.887363974,,,
"1972-04-01",86438.2975352719,156972.367337812,13.7551007070089,13.8774482772553,16.3206002966982,1.9313086,215000,420700,431800,,,4.753677934,7.54970866666667,,,,0.882077456,,,
"1972-07-01",89812.1859499031,161381.775790832,14.0387128033012,14.0748159996839,16.6501079171385,1.9795788,222900,438200,448500,,,4.857332855,7.58278633333333,,,,0.89282742,,,
"1972-10-01",92434.3219139987,166731.925042366,14.3040680056026,14.3316359238044,17.0023753595956,1.9415225,226200,451200,462000,,,6.394842968,7.81468333333333,,,,0.903780556,,,
"1973-01-01",96311.0670801562,175349.546098441,14.5983895677606,14.7876748760177,17.3301304222048,1.8677913,233400,468000,477500,,,6.791362777,7.97584666666667,,,,0.865006786,,,
"1973-04-01",99965.500435499,181763.417003886,14.999266878207,15.1449413247645,17.7232618546825,2.0776026,235000,484700,494100,,,8.485433372,8.305181,,,,0.816771046,,,
"1973-07-01",103182.347142038,189318.230820122,15.4024460871576,15.5607378622224,18.1312748570196,1.8741403,235100,501700,507700,,,10.211200035,8.60193266666667,,,,0.76804483,,,
"1973-10-01",107523.206500931,195502.505336831,15.8925367752574,15.8953709405593,18.61935978886,1.901865,241400,521100,524400,,,11.082562958,8.71592566666667,,,,0.803514045,,,
"1974-01-01",111623.617725935,204130.833788626,16.4814986630269,16.4341866481842,19.2290248004653,1.9474786,245500,540500,540800,,,11.226946359,9.340291,,,,0.866909238,,,
"1974-04-01",116959.24963243,211666.851809285,17.1075593668809,17.0101178777091,19.8317610788521,1.9787452,249500,562000,556200,,,11.465486577,10.0644603333333,,,,0.828946612,,,
"1974-07-01",121419.599448715,220693.547478519,17.645457249249,17.615523221768,20.4719336396994,2.1283561,254400,568100,570600,,,11.524151691,10.6978833333333,,,,0.83865368,,,
"1974-10-01",124526.401593366,224496.117682904,18.2727629868823,18.2091892515878,21.1492184343205,2.5720169,263900,584500,589100,,,10.65978015,10.5871633333333,,,,0.825004699,,,
"1975-01-01",128302.747839487,228168.0237811,18.7040399325305,18.6813800702404,21.459931039079,2.8836494,267900,596100,605700,,,8.813935178,9.89851533333333,,,63.9255227377984,0.775022375,,,
"1975-04-01",133139.306487466,235083.441469931,19.1394689969459,19.1487144320583,21.9278844494272,3.2251342,276700,611500,623500,,,7.055312727,9.564945,,,63.6963136256264,0.770773306,,,
"1975-07-01",137774.287227712,242002.767946996,19.5675832522439,19.5377995445945,22.3774327463805,3.2750576,290900,639300,648900,,,6.382283317,9.441747,,,63.558809812467,0.830568022,,,
"1975-10-01",142710.49101559,249654.509857544,19.9972182325516,19.9447996613947,22.8176041615239,3.5450728,301400,664900,674400,,,6.598864929,9.28737933333333,,,63.06747728954,0.850290753,,,
"1976-01-01",148111.462442701,258972.363216994,20.4866502201943,20.3568273156712,23.3993511360496,3.5623845,306700,686300,697800,,,7.00077374,9.43077166666667,,,62.8120666633644,0.869432691,,,
"1976-04-01",154212.392900467,273178.217471515,21.17989525266,21.2008480416572,24.0275181325542,3.5984629,316000,708700,724000,,,8.567814704,10.1040356666667,,,64.2632191104315,0.903619671,,,
"1976-07-01",159529.341721591,283160.88688056,21.7416020675378,21.7921355834427,24.495772560167,3.5784341,320500,732500,746200,,,9.348489961,10.3256133333333,,,65.4599353677943,0.907726612,,,
"1976-10-01",165657.832532886,295105.656202039,22.3267915827196,22.352393373835,25.1927973035612,3.7186318,324100,758100,765900,,,9.205677893,10.43546,,,65.0880254479498,0.897869754,,,
"1977-01-01",170263.748312249,303341.344749633,22.8951518233075,22.8818676696966,25.8260389774304,3.7624329,334100,780800,791300,,,10.214431834,10.31093,,,64.7926629264547,0.89315357,,,
"1977-04-01",177203.03636209,313131.229924139,23.5220767995912,23.588562898798,26.4161303145589,3.9171594,344700,8e+05,815100,,,9.371813595,10.2230566666667,,,65.63663318124,0.886369796,,,
"1977-07-01",183001.809299527,320161.076191981,24.0995869870298,24.0991918299259,27.0306983887593,4.0733963,357900,832500,844100,,,8.998484223,10.0849066666667,,,66.5567177514987,0.874754955,,,
"1977-10-01",188421.255962039,331243.77982717,24.5671500324787,24.6386981369672,27.5276930348952,4.0895689,363100,851700,868800,,,9.12986131,9.98095333333333,,,67.0353826003,0.851982304,,,
"1978-01-01",192212.348263033,341280.25013999,24.9849272443624,25.2230428263447,27.9482199381502,4.0941349,375600,873600,896300,,,8.0570853,9.71678733333333,,,67.6314129085223,0.808144601,,,
"1978-04-01",198474.598472065,353511.370008053,25.5191030775816,25.8322643489161,28.4821883708242,4.2090462,384400,898400,926900,,,7.909355931,9.575315,,,68.2357800621095,0.80934809,,,
"1978-07-01",204529.155535377,363160.281584723,26.1024822541884,26.4136360012374,29.0131150626563,4.306015,396300,928600,961400,,,9.172121063,9.57666133333333,,,69.0257232281023,0.780292114,,,
"1978-10-01",211002.538248559,374921.287025964,26.6287421524877,26.9481187850666,29.5106990983057,4.3644159,406300,956500,988900,,,9.136764561,9.77118366666667,,,69.8284423389399,0.745242923,,,
"1979-01-01",217266.399438196,385224.274829642,27.2308115557508,27.5479618186708,30.1024950926083,4.3570852,418600,985900,1018100,,,7.697024631,9.72966266666667,,,71.2074864871376,0.738499889,,,
"1979-04-01",226902.55907974,400788.507393798,27.9074603677033,28.2090799678357,30.7543121267774,4.4945312,427500,1018100,1047800,,,9.350466897,10.1758586666667,,,72.0736522393227,0.750670533,,,
"1979-07-01",233019.811008991,414555.617834053,28.7670855653886,29.0299731309949,31.567372900031,4.6111694,433800,1034200,1072200,,,11.022080144,10.59957,,,71.8767078014196,0.719858782,,,
"1979-10-01",242601.537187496,429729.423315853,29.6476588008412,29.8094085791575,32.4232200331503,4.5390092,443500,1060800,1100500,,,12.693692391,11.1347366666667,,,70.3427282542998,0.71193665,,,
"1980-01-01",252506.017279728,446501.798849817,30.5797922424031,30.6832781329943,33.4198117811941,4.5833444,451370,1088333,1117228,,,12.735106889,12.0908466666667,,,69.3060361196532,0.708656271,,,3544574.74618934
"1980-04-01",257937.351042069,456207.100745689,31.4297802115255,31.4981208511716,34.2744684519764,4.7320975,458753,1109205,1139157,,,13.237090305,12.314,,,70.4050921884571,0.718867284,,,3683758.22616745
"1980-07-01",266625.272651184,466722.750457406,32.2548158038943,32.2425376100946,35.1392113380817,4.9613576,466718,1133419,1164470,,,12.239029243,12.2471433333333,,,72.6308133594158,0.702625956,,,3828406.97137086
"1980-10-01",274009.624678181,476916.719410227,33.166366378924,32.9312972527041,36.0601825328688,5.1132294,473379,1165452,1198927,,,12.663299259,12.8366466666667,,,73.7003115219263,0.745127976,,,3978735.58430833
"1981-01-01",281059.122945267,488341.128111575,34.0438542945007,33.6876529442771,37.1010872125277,5.315544,481349,1194414,1233640,,,13.432882044,13.3620133333333,,,74.409917814404,0.811117294,,,4134967.09420444
"1981-04-01",289466.465103002,504567.085951816,35.102921359008,34.7030273549417,38.0969959742457,5.7502304,487093,1223076,1266536,,,15.507875288,14.52217,,,74.6210457164991,0.896791589,,,4288847.59008766
"1981-07-01",298862.105145412,520472.425829523,36.1213080143347,35.6984705059125,39.1475766047317,6.0885419,493362,1246150,1293408,,,16.133415178,15.2246266666667,,,73.0762390974769,0.968121442,,,4438026.05794508
"1981-10-01",309931.902990205,536135.104426253,37.269471494382,36.6866682749274,40.2232524202178,6.4749738,499258,1273805,1324037,,,15.426309167,15.10394,,,71.0580728948856,0.918060968,,,4580151.48376382
"1982-01-01",317245.883052753,551178.105742407,37.9896708193018,37.5607985369777,41.075214632815,6.6934375,512323,1313351,1366026,,,14.331319171,14.7844266666667,,,69.9243701959944,0.964949871,,,4713456.2067437
"1982-04-01",324799.170224108,567334.770065787,39.0102032544534,38.6098859062162,42.0461829355309,6.8103077,525037,1347524,1403542,,,14.400041219,14.5159566666667,,,69.1090916817501,0.99814818,,,4839518.11261916
"1982-07-01",330946.342897216,576529.709080968,39.9676311851373,39.4460427616127,42.9489925908759,7.1146399,537908,1382740,1440564,,,13.349537282,14.2680433333333,,,68.8717622656514,1.051921541,,,4960498.44033743
"1982-10-01",341046.631667253,589166.788321823,40.9062333639389,40.2933827731895,43.7987817617601,7.4302836,551435,1414556,1478452,,,12.606617089,13.6763533333333,,,67.9063122641221,1.071130295,,,5078558.42884569
"1983-01-01",348987.452915741,605684.580697367,41.6215626997121,41.1490656665555,44.554512885005,7.7024134,564440,1443423,1505297,,,11.886461701,12.9965766666667,,,67.4734459294676,1.054918819,,,5193989.34981336
"1983-04-01",356218.151547404,621069.885432761,42.4852067388151,41.9200170038155,45.3392662445887,7.8019957,581509,1474969,1538465,,,11.847544911,12.9380833333333,,,67.1816563417002,1.09744881,,,5305410.8801333
"1983-07-01",363797.904729209,636571.31304512,43.4664246038231,42.8549724189024,46.1955248225977,7.9621831,590795,1503408,1569280,,,12.218649981,13.1305766666667,,,67.1603270100527,1.161869012,,,5409572.72942063
"1983-10-01",375481.918115313,656321.816940298,44.4850315510904,43.7066153567731,47.0082663168192,8.1382787,603201,1537092,1607971,,,12.169143466,13.08665,,,65.5452526943845,1.185024773,,,5503224.60729045
"1984-01-01",385013.890858754,673631.639330369,45.2102470496701,44.4772062131075,47.723478291285,8.385597,610604,1559014,1633342,,,11.431690392,12.6076766666667,,,64.3067439394788,1.202405467,,,5580305.10930736
"1984-04-01",389677.395980589,680331.612586508,45.9094723049569,45.1328524822422,48.3705432762592,8.5101942,620180,1591965,1668177,,,10.857933396,12.5059066666667,,,63.6913331725513,1.212450102,,,5643186.07173736
"1984-07-01",396660.096823348,698386.154896827,46.6418861581255,45.8577895497005,48.9600292306139,8.5839801,633449,1631220,1711302,,,10.413572546,12.2091466666667,,,63.5192910000235,1.301022533,,,5691428.21679597
"1984-10-01",403198.457514397,708951.272282947,47.3300444626001,46.3145034092067,49.60005284476,8.6897547,649438,1661882,1742791,,,10.128110652,11.4183,,,62.4679823183089,1.366000439,,,5724592.26669866
"1985-01-01",413532.820843212,722412.011645804,48.1222533652752,47.0880582522565,50.3071316720458,8.7272273,662471,1700138,1788333,,,9.863428615,10.94742,,,61.5480060187693,1.460977636,,,5756320.70614398
"1985-04-01",421417.500277635,739029.806126275,48.7142372698053,47.7159344255183,50.9912343636819,8.7441889,667103,1722006,1812216,,,9.961589378,10.8440966666667,,,61.0199697220934,1.377375968,,,5786172.94822223
"1985-07-01",430252.679577368,756984.749173418,49.2761215944496,48.4649428458114,51.342429481338,8.7764406,681849,1746936,1840516,,,9.346804458,10.6689566666667,,,61.6049564169754,1.274324952,,,5827790.16850679
"1985-10-01",438692.107729111,772536.897175306,49.875275791363,49.1675181990665,51.7962478455329,8.793575,698795,1784034,1882118,,,8.627972034,10.29037,,,61.2528600387122,1.172454975,,,5894813.542571
"1986-01-01",443915.566930933,784071.869262808,50.2960787906396,50.0724732660757,52.0810922565089,8.8028546,724787,1818276,1919041,,,8.748620189,9.76634533333333,,,60.8509591296983,1.083558347,,,5997202.21930247
"1986-04-01",454609.634344769,809352.918062979,50.5936198926809,50.7563413452858,52.2847462264591,8.8360206,729246,1832456,1936535,,,8.028393695,8.59817966666667,,,61.4704841839487,1.042994046,,,6125816.55366079
"1986-07-01",461061.072453553,822316.427409669,50.9377756540148,51.3086560016171,52.5227864450761,8.8369043,748489,1872837,1976548,,,7.753341258,8.40370466666667,,,62.4320364395932,0.987498995,,,6267834.87391984
"1986-10-01",468867.143946202,831403.377803056,51.4090628514652,51.7474917151029,52.7414152029697,8.8681562,760344,1903734,2011545,,,7.874773578,8.472985,900.82,,62.6974079719189,0.963245198,,,6410435.50835341
"1987-01-01",473216.022826013,834009.788295254,51.7944312612305,52.1600476465485,53.1003413131487,8.8967761,777454,1940390,2053663,,,8.105352975,8.471259,858.092712121212,,63.446316535402,0.889241197,,,6537758.82902467
"1987-04-01",485971.309401657,855990.375905486,52.2863716620078,52.647758413468,53.4525208057404,8.9283096,796118,1975973,2095216,,,8.42582686,8.68899466666667,881.713131313131,,64.120085219883,0.869730623,,,6658737.45112576
"1987-07-01",493911.930637031,871261.988372716,52.6874049461094,53.0176791367458,53.8184058909987,8.8946688,809350,2002177,2137689,,,8.490236505,9.472173,938.51077137838,,64.6999831909709,0.886173427,,,6779266.03363812
"1987-10-01",503866.850123752,892888.576495949,53.081241760938,53.6498236406431,54.1375364785391,8.8103278,815428,2027444,2173838,,,8.426012135,9.61342966666667,726.353238910847,,65.9837491064282,0.823642283,,,6905239.2355432
"1988-01-01",507770.536420557,906434.391217798,53.4642375728433,54.1646354350719,54.3879046593458,8.7459281,832408,2057427,2210937,,,7.453599159,8.986162,680.759489302968,,66.5058305135578,0.810682648,,,7055668.94465074
"1988-04-01",516283.516734446,924890.622521045,54.0615425646643,54.7640703274866,54.7739581479333,8.6841268,854395,2100900,2262415,,,7.259836433,8.88293966666667,719.374314574315,,67.8356114846,0.822185654,,,7225831.59277197
"1988-07-01",528840.468974221,944717.293379769,54.5900440313512,55.2536614487457,55.2866219661892,8.5941732,869720,2139817,2315101,,,7.974392507,9.03412,778.319135140222,,69.5508362153645,0.897975375,,,7424120.84054638
"1988-10-01",538433.036963238,965921.508461728,55.1677244048284,55.9761394509392,55.7552985988189,8.4469168,882693,2173774,2358041,,,8.475422507,8.98069466666667,832.629812409813,,70.2794981543903,0.854518048,,,7658930.34861347
"1989-01-01",549921.130653495,989136.836181038,55.8068831250833,56.6559939958111,56.3431402974927,8.3483835,908243,2222161,2423922,,,9.515946624,9.40424633333333,877.179160079052,,71.6368881587833,0.887914719,,,7938665.24761839
"1989-04-01",561770.325683407,1007177.67605912,56.6555046025593,57.1460770469018,56.9817080958677,8.2299107,920566,2263203,2480570,,,9.691345081,9.62715933333333,917.023084980237,,72.6400163705327,0.930812455,,,8257581.90291275
"1989-07-01",573567.586526825,1023429.3028028,57.1826285557516,57.7230035949894,57.4779036597307,8.0910268,935497,2303555,2534023,,,10.102045947,9.60478033333333,1016.1971152519,,74.4441313616153,0.92723412,,,8609948.14985378
"1989-10-01",585897.165147529,1048200.44767793,57.8125071698295,58.5104275019056,58.0451339410646,7.9867324,956837,2343345,2593728,,,11.071902127,10.086688,1015.36841991342,,75.3806730811654,0.886625207,,,8990031.82379872
"1990-01-01",596324.151134028,1077525.25336962,58.3642343537272,59.3428124086822,58.642364808575,7.8520901,965508,2371264,2644762,,,11.225662452,10.8085433333333,1083.51576482213,,77.0931910439544,0.829506332,,,9369925.14539222
"1990-04-01",607051.273429976,1097893.4209851,59.0352913179851,60.1896987354174,59.1280824563495,7.7706158,1006819,2494707,2786501,,,10.618018136,10.7921866666667,1111.21272601794,,78.6756758731966,0.817833807,,,9754717.25963795
"1990-07-01",616610.150207094,1118332.30455217,59.7651505677735,60.74682087456,59.7797582064597,7.7116607,1028301,2539282,2846434,,,10.536336844,10.88659,1008.53918972332,,80.3605848026347,0.771308954,,,10127321.6968269
"1990-10-01",631113.704174582,1137908.79181682,60.63632318184,61.4624033196766,60.599229098649,7.6988552,1058884,2573883,2907362,,,11.046291096,10.9777133333333,884.776061547148,,80.2817637191858,0.731768528,,,10470651.9872502
"1991-01-01",643606.731576039,1161288.10405106,61.1647126172405,62.2947071383165,61.0824227465034,7.688798,1059848,2601696,2954443,,,11.096522687,10.55287,916.462271221532,,81.1454392448334,0.74555407,,,10769761.9168848
"1991-04-01",658024.250350841,1181375.4558984,62.0030017645924,63.1845659443988,61.6612004179435,7.7510563,1073039,2639742,3003602,,,10.461557802,10.0518556666667,1018.07114229249,,82.1770426556859,0.842030595,,,11036229.5831271
"1991-07-01",666574.237388605,1196135.94447038,63.016894478832,63.9916933197616,62.5594866452156,7.9038109,1081506,2672023,3064203,,,10.505995789,10.1427933333333,1004.16791956836,,82.8712745060622,0.849770515,,,11283773.3390594
"1991-10-01",685370.580336358,1225525.8511824,63.8925609614731,64.9463737343497,63.125369357915,8.0369296,1099507,2722085,3132988,,,10.732214711,9.89417533333333,991.892134073655,,83.2649468404303,0.797139024,,,11526111.5377641
"1992-01-01",695729.841289669,1253267.7666327,64.4677806348168,65.4288644980704,63.6487243978581,8.1348934,1100845,2747609,3174957,,,10.849247498,9.579858,1054.6565171278,,83.0117016286352,0.79200749,,,11759839.5283716
"1992-04-01",703240.496476149,1255307.07716251,65.0897536832135,66.0394256171,64.2647744815328,8.3521769,1109260,2784130,3249564,,,10.979088304,9.67607033333333,1080.35658730159,,83.1096866293512,0.786274587,,,11976472.2800336
"1992-07-01",707215.265174528,1262375.8371967,65.5766024251729,66.5977931999589,64.6830529569245,8.6860171,1128821,2836589,3332285,,,11.92840899,10.0521033333333,989.899467344251,,83.5951725334509,0.721535417,,,12150401.7579501
"1992-10-01",720456.593369745,1271137.46800002,66.2581403694818,67.1943819790526,65.1988148966503,9.0146738,1144131,2853356,3365086,,,11.451664051,10.0128636666667,989.93009097183,,83.0851091761329,0.78856373,,,12256019.9273211
"1993-01-01",719007.242349561,1278242.87479432,67.2449903264331,68.0335342783981,65.8355429304497,9.6384485,1152504,2905799,3441196,,,10.706122967,9.41717466666667,1089.85863768116,,82.0013192787113,0.839999215,,,12282766.4507434
"1993-04-01",725050.2180311,1290820.09402178,67.8218305740297,68.6520235692315,66.3844535474372,10.1108074,1166557,2950419,3479485,,,9.091223936,8.99260033333333,1124.74800865801,,82.3184442147301,0.828606611,,,12247370.6311119
"1993-07-01",733578.332019622,1304889.1144847,68.3988231696733,69.1137282539427,66.9271029499662,10.4595448,1183230,2989060,3515151,,,8.120099873,7.977857,1247.20757575758,,82.7649526599815,0.869361641,,,12181609.468719
"1993-10-01",744558.478880142,1318869.21488907,69.0338283209181,69.6717460849091,67.3669862163957,10.7773141,1221682,3067025,3588556,,,7.412128577,7.309124,1352.43397076353,,82.3379329441542,0.877188912,,,12117259.9638563
"1994-01-01",751850.254467391,1338566.77355144,69.6572049871871,70.0630908632593,67.8578101995385,10.9576398,1254183,3125371,3622879,,6.665,6.84,6.97333333333333,1411.42863699103,115.564243448859,81.5682364026187,0.888731456,,,12099199.5474912
"1994-04-01",759526.252264142,1355933.75259561,70.1662363589421,70.5328134203321,68.2652573804218,11.0346948,1260722,3145542,3642375,,6.0449999554952,6.37,7.86,1382.56597402597,117.917018878557,81.5089040485941,0.859513915,,,12104996.5651777
"1994-07-01",770755.309790607,1374799.59228236,70.6898047509038,71.0357989004686,68.7643821371641,10.917961,1271745,3162985,3656168,,5.98500001271566,6.38333333333333,8.73,1348.05969414643,120.977740208509,81.9783658862784,0.815105993,,,12125319.7931451
"1994-10-01",779754.917367555,1397183.71731941,71.1907668245218,71.6240993187799,69.1685330679775,10.9189549,1273837,3159101,3672401,,5.69499989191691,6.50666666666667,9.14,1313.67513708514,120.14652014652,81.4037731804226,0.806317455,,,12150838.0076227
"1995-01-01",789366.5,1413598.3,71.7510305024008,72.0740640323723,69.6219108174388,10.8713232,1279786,3176992,3698901,,6.02166672388713,6.94333333333333,9.32,1310.36769828722,121.576500422654,80.6980646338298,0.78536314,,,12181383.5407572
"1995-04-01",799999.9,1430894.6,71.9994993607068,72.375504410364,70.0991433836244,10.7835611,1291901,3212302,3752177,,6.37166678746541,7.13666666666667,8.93,1362.22214426877,122.527472527473,80.5641337543981,0.751309529,,,11858726.9237623
"1995-07-01",812405,1452808,72.9759402106233,73.3001531438843,70.5101834220785,10.9083315,1313848,3256397,3804491,,5.90166667938232,6.69333333333333,8.51333333333333,1438.33716356108,122.235136658214,81.3550513568622,0.761949849,,,11547157.4037412
"1995-10-01",820646.5,1467155.8,73.4456777865786,73.8591989527082,70.9107080330449,10.9734638,1349298,3312463,3877110,,5.71500003178914,6.50666666666667,8.15333333333333,1441.04814574315,122.91842772612,80.9052947900401,0.759097786,,,11347664.8314943
"1996-01-01",834036,1480392.8,73.9656705292085,74.4005718157272,71.3833804784568,10.936109,1347622,3337370,3919392,,4.92833332061768,5.63,7.64333333333333,1579.26924085576,121.544801352494,80.6403563405904,0.776800796,,12345454.420794,11360054.514504
"1996-04-01",842583.2,1497742.5,74.5184383223042,74.6972310623846,71.8211832170373,11.0428371,1370698,3382265,3948661,,4.63833335876465,5.13666666666667,7.53666666666667,1661.64523781291,119.058185404339,80.4944074113473,0.797128857,,12459665.611201,11470095.818008
"1996-07-01",851301.4,1511681.8,74.8267152504883,75.0232253723916,72.0158053698521,11.0258581,1403713,3430659,4002704,,4.24499992370605,5,7.27666666666667,1626.12465681661,120.252183713722,81.4610483907858,0.784802873,,12614386.679732,11620335.190371
"1996-10-01",851553.1,1517068.4,74.7495060751742,74.8803782584603,72.3868973395474,10.9986492,1458860,3485231,4037575,,4.16833340962728,4.58666666666667,6.47333333333333,1763.6433672125,118.469991546915,81.3482303015637,0.792438036,,12663221.106065,11663000.527733
"1997-01-01",852908.6,1515044.3,74.5443178502931,74.5566074894444,72.795372726705,10.9815766,1462135,3496684,4061573,,4.17833332061768,4.44,6.20333333333333,2042.01697342995,113.813750352212,80.3063411724041,0.848198507,,12650538.199129,11643557.891709
"1997-04-01",855580.9,1529367.1,74.2659987594583,74.3667801150702,72.8479760596001,11.015774,1497996,3533982,4121578,,3.79166662534078,4.32666666666667,6.22,2229.47033189033,110.566356720203,81.3769220421049,0.874508631,,12794070.425611,11780506.854996
"1997-07-01",863059.9,1543935.4,74.5191239738768,74.4972615227927,73.1914793900709,10.9021518,1529659,3570962,4169047,,3.82166659673055,4.32333333333333,5.81,2547.84970230253,107.46336996337,81.75208008352,0.914645068,,12916480.950617,11896442.352626
"1997-10-01",876993.7,1568615.9,74.7936060844823,74.9066009758256,73.4883027209306,10.8255165,1566011,3615677,4222019,,3.95500004132589,4.43333333333333,5.6,2451.0290942029,111.605381797689,81.8885011894892,0.890150698,,12968012.517452,11940969.892716
"1998-01-01",878067.1,1575719.3,74.4615854511386,74.7117546106933,73.5493160537556,10.6630191,1606018,3666674,4267921,,3.89499993960063,4.20333333333333,5.11666666666667,2787.89046969697,111.172161172161,81.3123926935671,0.920159358,,12945922.925496,11911275.325931
"1998-04-01",886225.8,1590590.5,74.6745140527517,75.1144116590534,73.7984160516798,10.5703234,1657166,3742800,4340943,,3.68499998092652,4.05666666666667,4.99,3302.38831168831,112.267540152156,81.8836290071332,0.908779214,,13127463.947497,12085117.922855
"1998-07-01",898949.4,1606580.1,74.9871652157174,75.466568371249,73.9625360503121,10.4113163,1668328,3756213,4371401,,3.70166663169861,3.93666666666667,4.56,3230.51400558379,115.493801070724,82.9869076339789,0.894719049,,13334165.804736,12284329.490803
"1998-10-01",913538.6,1627757.4,75.466660386716,76.2396572492216,74.0449627162918,10.2653752,1726398,3848054,4422982,,3.29833336512248,3.62333333333333,4.14666666666667,2971.41959909655,117.272471118625,83.6152026164702,0.849649218,,13427557.91478,12370972.570079
"1999-01-01",921408.8,1648057.4,75.6278573889026,76.4153631607596,74.105422715788,9.996206,1806407,3930847,4453500,3,2.97507246376812,3.09073188405797,3.99240775127674,3493.14180227743,114.151873767258,84.077518586699,0.890868449485456,12309140,13558411.748505,12496003.434295
"1999-04-01",932725.2,1659405.5,75.8793943575449,76.5740849112384,74.4951560458736,9.8743594,1858495,3988595,4537054,2.5,2.5227417027417,2.63402958152958,4.25739929004329,3696.99212842713,109.456889264582,84.7076541714137,0.946238621181661,12505839,13767963.128262,12700070.996542
"1999-07-01",945736.7,1682649.1,76.1241249788501,76.6437706524425,74.7840760434659,9.7129807,1886642,4029253,4594744,2.5,2.38075757575757,2.69939393939394,5.05068972727273,3770.11803030303,108.069174415328,86.41270145459,0.953774981920441,12562923,14065810.311565,12991555.062623
"1999-10-01",957503.5,1705665.6,76.4664788979335,76.8867268456335,75.1656760402859,9.5337024,1925201,4078868,4667221,2.83333333333333,2.7413924963925,3.42979797979798,5.32006638314825,4164.23265763222,105.73753169907,86.6239376274042,0.963472251366893,13398427,14219016.780455,13136776.187409
"2000-01-01",973601.6,1735900.5,77.0044109000029,77.2426849730008,75.5915093700706,9.36666666666667,2003675,4149339,4766006,3.25,3.19133540372671,3.54231608005521,5.61758913388544,5040.51369772257,101.634263172725,87.5330868550415,1.01344009939803,13750105,14492479.684301,13399300.044907
"2000-04-01",985915.3,1755703.5,77.4527511531342,77.4298019354265,75.8984360341796,9.13333333333333,2001262,4171277,4788838,3.91666666666667,3.88151515151515,4.26301683501684,5.4248903715415,5199.64691264822,98.2671174978867,88.3428435626155,1.0711191558064,13799194,14804885.828737,13699066.684711
"2000-07-01",997041.5,1776921.8,78.0179989810764,77.8436413289584,76.4526760295609,8.96666666666667,2015210,4212330,4830524,4.33333333333333,4.35439268461008,4.73760041407867,5.43969946928916,5170.89830296756,96.7490842490842,89.2824168622983,1.10566073105983,13900965,15165220.160754,14046203.750621
"2000-10-01",1007187.2,1795504.1,78.6234040005753,78.3019734762051,76.9196593590027,8.76666666666667,2025182,4226952,4859203,4.75,4.72122009569378,5.0241283891547,5.27332896176046,4881.0318953824,94.5442378134686,89.3012559674084,1.15050172291548,13859037,15370356.699039,14238959.803377
"2001-01-01",1020858.4,1828905.8,78.9228129239315,78.8837929892875,77.0924660242293,8.53333333333333,2106179,4382791,5079966,4.75,4.75825757575758,4.74505454545454,4.9891324088274,4484.8934201581,100.056353902508,90.2573946871017,1.08340048488751,13729935,15684140.277279,14541990.304282
"2001-04-01",1031530.6,1841626.8,79.6713205031904,79.3877419574066,77.8420626846494,8.5,2158667,4467986,5192173,4.58333333333333,4.66745689982532,4.59075108225108,5.19072792960662,4359.72781918564,97.7141448295294,90.2424533278765,1.1457102470223,13867460,16020736.19998,14869183.460421
"2001-07-01",1038532.8,1856550.4,79.9254259477565,79.868791135726,78.1814693484876,8.5,2190698,4533918,5296229,4.16666666666667,4.24275296442688,4.2678360342556,5.11522232411067,3733.15062555995,99.3836291913215,91.6029831831213,1.12333003330234,13480561,16404343.311023,15244440.830056
"2001-10-01",1046510.2,1870629,80.2015365490106,80.5057869173976,78.3562693470309,8.56666666666667,2221922,4615510,5402883,3.41666666666667,3.5208219879959,3.4434800907627,4.81409912111801,3608.87657647908,99.9013806706114,91.7588930185146,1.11675329540183,13980648,16640487.79466,15472553.896247
"2002-01-01",1053989.7,1887300.5,80.7087959842976,81.0599510018666,79.0415593413202,8.6,2238965,4662027,5453968,3.25,3.19521212121212,3.36222424242424,5.13515461007591,3657.32551794341,98.6052409129332,93.1300334042236,1.14110930611728,14208585,17071247.842865,15895033.11177
"2002-04-01",1059338,1903392.9,81.074866318743,81.3529857140926,79.4728426710596,8.66666666666667,2304238,4735880,5539079,3.25,3.23989682539683,3.44601370851371,5.25508443629776,3435.06016357049,101.419413919414,94.020884880346,1.08867304302475,14063392,17444472.731532,16260039.368082
"2002-07-01",1069003.5,1924897.2,81.3662574232831,81.9099980546359,79.8179926681833,8.83333333333333,2369110,4821013,5660669,3.25,3.21934594391116,3.35735064935065,4.76058413074848,2652.75080820629,105.962947309101,95.7143471965869,1.01673553668918,13716822,17944803.060759,16752131.722627
"2002-10-01",1080888.1,1937407.2,81.8211139491563,82.2821390711266,80.1404759988292,8.93333333333333,2442884,4915147,5767431,3.08333333333333,3.1480734989648,3.10881790890269,4.54077637194931,2473.58649190665,106.963229078614,95.7292885558121,0.999989091899242,14057012,18174268.613118,16973116.454925
"2003-01-01",1092097.3,1944305.3,82.6179000766532,82.7947201846274,80.8579193261838,9.13333333333333,2499997,5000011,5880069,2.66666666666667,2.68145526695527,2.68307352092352,4.15275980341615,2211.57647015183,111.862496477881,96.585385131128,0.931690726136175,13925506,18575040.600003,17366057.150777
"2003-04-01",1097221.3,1956550.5,82.8367109013548,83.2815683685127,81.0111326582405,9.2,2558373,5096544,5990357,2.33333333333333,2.35865873015873,2.36191031746032,3.95696066450217,2341.5468982684,116.215835446605,97.694077293925,0.880904056927999,14442302,19028982.979509,17812203.624405
"2003-07-01",1108762.7,1981567.8,83.2147497171852,83.807949844575,81.4238059881348,9.2,2623849,5167505,6057142,2,1.98075506618985,2.13926341050254,4.16639039795471,2512.42699714537,115.307128768667,99.2470042168738,0.889422725947069,14527117,19550200.954742,18325268.180249
"2003-10-01",1117670.7,1998688.2,83.589132383674,84.007460406203,81.7589859853417,9.23333333333333,2681722,5238327,6148767,2,1.92981642512077,2.14964951690821,4.36730332898551,2614.49887246377,118.100169061708,99.7507878724885,0.841270084293749,14836545,19956296.768188,18722071.575602
"2004-01-01",1129386.6,2019079.9,84.0209585440308,84.393758698941,82.2573626478552,9.4,2760683,5316424,6232560,2,1.93452691511387,2.06295075914424,4.1531313444664,2847.63097674572,120.28740490279,100.641639348611,0.799702446411884,15055965,20357702.968117,19113067.786884
"2004-04-01",1139880.7,2043941.3,84.6360092206785,84.9168464287224,82.877825976018,9.36666666666667,2796512,5385279,6315025,2,1.95471861471862,2.08242965367965,4.35707825901876,2793.87354545455,117.934629473091,101.671943510835,0.830338935882339,15227274,20966950.01747,19710782.669379
"2004-07-01",1147156,2058223.4,85.0498527231963,85.3074914083713,83.2682793060975,9.4,2868123,5484081,6417367,2,1.96833333333333,2.11630303030303,4.20714254545455,2708.65106060606,118.505212735982,103.698338288072,0.818346116045659,15304637,21635356.738183,20367629.752367
"2004-10-01",1162013.5,2079006,85.3920755024298,85.8006201607983,83.6230426364746,9.4,2905953,5573540,6540370,2,1.99830227743271,2.163608476065,3.84581760568417,2867.6909664659,121.361651169343,104.534729592526,0.772083057644047,15679101,22147908.306823,20868966.137692
"2005-01-01",1172212.2,2091756.9,85.8376120038568,86.1028877563367,83.9597893003349,9.3,3006328,5679341,6628904,2,1.97910317460318,2.14032301587302,3.67044559109731,3024.40612574189,119.938715131023,106.136811421911,0.762720871785121,16020977,22674816.538358,21385550.858272
"2005-04-01",1185538.3,2114369.1,86.1540204287184,86.4884310257844,84.535745962202,9.33333333333333,3256960,5824959,6807158,2,1.98432900432901,2.12463997113997,3.4108291053391,3062.96122655123,117.71978021978,106.853996664721,0.794245269578675,16409234,23330887.969522,22031587.883859
"2005-07-01",1199637.1,2140973.9,86.7817771217798,86.9182484156135,85.2025559566452,9.2,3343523,5980748,6972348,2,1.99093920572181,2.13034773197817,3.26235808096493,3307.42153488299,115.289518174134,108.559477030773,0.820055595100848,16765481,24033946.822869,22724690.246486
"2005-10-01",1210256,2169986.2,87.2056121847469,87.4955204649389,85.5414092871548,9.13333333333333,3422279,6093186,7087688,2.08333333333333,2.05792207792208,2.34344660894661,3.41986545382395,3431.67073593074,113.785573400958,109.308493864975,0.841419294567124,17064628,24530054.494002,23210668.420598
"2006-01-01",1226196,2195913.3,87.7839935976912,87.7276043676461,85.9132826173892,8.9,3489442,6222149,7221902,2.33333333333333,2.31362121212121,2.61154683794466,3.558296035639,3728.55305039526,112.986052409129,110.290617557234,0.831938521964087,17369276,25125064.253777,23795414.95381
"2006-04-01",1242718,2234510.7,88.3994632876329,88.2938583322363,86.582345945147,8.6,3560905,6363553,7384631,2.58333333333333,2.54929292929293,2.88948653198653,4.04900714189723,3696.70145382082,116.367286559594,111.421288675993,0.796181852749226,17429988,25899625.094416,24558393.878676
"2006-07-01",1252273,2259888.5,88.7945400404034,88.7922113216519,87.0479192746005,8.36666666666667,3590868,6486139,7573385,2.91666666666667,2.85600759144237,3.22134989648033,3.96810649827468,3726.25453554175,117.075232459848,113.667797825004,0.784893619521287,17786864,26675753.825937,25322177.114067
"2006-10-01",1264991.2,2298041.5,89.0572098479124,89.2588653190212,87.0543326078805,8.13333333333333,3696019,6663329,7753569,3.33333333333333,3.28398724082935,3.59446411483254,3.86265080447331,4032.99808008658,116.775852352775,114.174504790032,0.775370236416666,18211448,27164010.834063,25796193.247831
"2007-01-01",1276656.6,2334232.2,89.6934816461711,90.0316360643677,87.5307859372433,7.9,3746750,6825507,8008864,3.58333333333333,3.52286363636364,3.82032424242424,4.08101498063241,4152.81826073781,116.656100309946,115.130426968287,0.763119110607533,18610666,27689396.274163,26305302.263996
"2007-04-01",1295189.6,2360435.8,90.3055683115573,90.4400305240673,88.2503259312471,7.66666666666667,3794192,6987296,8206302,3.83333333333333,3.77021417179312,4.06479623300676,4.42657766804693,4415.26197101449,118.117779656241,114.958384795759,0.741737090605159,18881868,28238105.023338,26836778.143535
"2007-07-01",1306580.7,2381939.7,90.8219258562085,90.9035312331138,88.6988225941764,7.56666666666667,3831681,7161755,8418602,4,3.96137437417655,4.50049683794466,4.47471411541502,4318.02600902503,117.920540997464,116.472983884174,0.727595447508357,18702690,28818763.343688,27399565.115142
"2007-10-01",1324388.9,2409810.6,91.7491869914773,91.5188634529864,89.5571159203572,7.46666666666667,3839555,7356073,8647959,4,3.86254125927467,4.7247683933153,4.34450571127423,4377.22284591254,120.400112707805,115.318926290107,0.690073300685046,18850736,29110536.83545,27673191.881546
"2008-01-01",1338701.1,2437426.9,92.5569308742052,91.9825026535698,90.4427959129766,7.36666666666667,3859561,7536659,8867136,4,3.96189177489177,4.48000303789777,4.14720949827467,3802.00197377502,120.981262327416,115.518144413109,0.667181309707897,18500506,29393572.89401,27938228.635104
"2008-04-01",1344984.6,2442070.7,93.3469582691522,92.6043030674494,91.4558792378675,7.53333333333333,3857729,7700435,9044137,4,3.91606637806638,4.86046825396825,4.50508967748918,3702.89911111111,123.591152437306,114.221494282088,0.640223516454022,18414092,29585720.565494,28113326.362003
"2008-07-01",1346754.3,2435319.3,93.8342560752394,92.8512415140239,92.0952025658732,7.7,3884458,7865188,9224888,4.25,4.16934967689315,4.98179076479077,4.60495022470042,3279.47493192798,119.995069033531,113.70038731143,0.66593624361831,18311684,29699388.073328,28211975.77586
"2008-10-01",1331273.7,2401286.4,93.3257445499297,93.1243216241574,91.5919292367338,8.13333333333333,3992578,8041762,9402372,3.16666666666667,3.06713706004141,4.21466866804693,4.16679769202899,2495.7171173913,116.701887855734,112.316146168719,0.759857486547452,18028608,29327876.506575,27828883.013867
"2009-01-01",1315141.5,2335770.5,92.5460543044098,93.475754262197,91.3437425721354,9.06666666666667,4147215,8093515,9403303,1.83333333333333,1.29209754689755,2.01167611832612,4.14727727159696,2166.23318030303,119.836573682728,111.262347260467,0.767947411516701,17807782,28951731.8873,27446199.681598
"2009-04-01",1315924.3,2336023.5,92.5231006299271,93.4878438768101,91.5843625701302,9.6,4258226,8155197,9428787,1.08333333333333,0.689015151515152,1.31063636363636,4.18187021533067,2377.32397979798,121.115102845872,108.951850116513,0.734718878099725,18127292,28780316.21638,27270655.363398
"2009-07-01",1318322.9,2346692.8,92.5889192694646,93.584087892381,91.7513592354053,9.9,4400713,8189516,9414236,1,0.271074408683104,0.86917454043541,3.94862486627032,2664.22736608319,121.664553395323,109.231838195907,0.699148127468246,18519334,28963217.751911,27450213.189122
"2009-10-01",1326376.6,2362689.7,92.9320696253563,93.7916217863029,91.948899233759,10.1333333333333,4499550,8207839,9349315,1,0.273551226551226,0.721911976911977,3.83737536701764,2872.30085858586,123.038179768949,108.676409407318,0.676571156105365,18694222,29135200.171387,27618060.484024
"2010-01-01",1334674.5,2374651.3,93.4522255205323,93.8963227555281,92.4308825630759,10.3,4580958,8230444,9332304,1,0.259084057971014,0.662135507246377,4.0644023935526,2846.89071811594,115.863623555931,108.306664901854,0.722785798635515,18897968,29133295.695267,27610303.359874
"2010-04-01",1345539.4,2401502.2,93.9293515788881,94.0933276983192,93.0224858914791,10.3666666666667,4674690,8314433,9240895,1,0.26547582972583,0.686271572871573,3.84159310753515,2740.36268398268,110.055649478726,107.904222639245,0.786964400745792,18932428,29454871.400275,27923707.307772
"2010-07-01",1354872.6,2421194.3,94.2743226106497,94.4469663246388,93.3135592223868,10.2333333333333,4676240,8367910,9272702,1,0.368439393939394,0.874939393939394,3.51464304922838,2715.93937878788,109.087066779374,108.756096656519,0.77463851389499,19206938,29661535.021198,28121393.78095
"2010-10-01",1367910.6,2439748.9,94.7739695697366,94.5913558985704,93.7980292183496,10.2333333333333,4710694,8423299,9298808,1,0.512350837568229,1.02046925779534,3.70703701105985,2817.64474148316,111.038320653705,108.118165580035,0.735991103114718,19323716,29849874.406134,28300148.007138
"2011-01-01",1376764.6,2471764.5,95.5643363832138,94.9567013709759,94.7917292100689,10.1,4727336,8458122,9345311,1,0.589916011042098,1.09316994478951,4.30284021488482,2935.59613412698,109.340659340659,107.362435961253,0.731835541535782,19378180,29741965.402238,28181381.400637
"2011-04-01",1382106.9,2476646.4,96.1806523907337,95.1456897403182,95.4707892044099,10.0666666666667,4728150,8495988,9386874,1.25,0.956171451355662,1.4116307814992,4.4693664362513,2866.51137958533,112.647928994083,106.104221935485,0.694789724777289,19522482,29909568.695736,28338617.946875
"2011-07-01",1385106.7,2485657.6,96.4565967956981,95.4625145864974,95.8989725341751,10.3333333333333,4774497,8593759,9494473,1.5,0.889348892653241,1.56205351653178,4.28314026255396,2388.32890178179,110.805860805861,106.660192077669,0.708153877958654,19296446,30001482.291653,28420649.71803
"2011-10-01",1387094.8,2484684.8,96.960955034482,95.6807294476721,96.5033225291389,10.7,4803786,8607320,9498551,1.25,0.707206349206349,1.49554473304473,4.18867056750847,2278.39153607504,110.323330515638,104.379361110728,0.742021823692485,19488092,29712357.346938,28123146.917635
"2012-01-01",1393578.6,2488184.5,97.5008171499666,96.0813435315116,97.3564525220295,11.0333333333333,4856040,8723292,9610720,1,0.282463924963925,1.04298917748918,3.64472012755575,2474.16418614719,106.149619611158,103.507240468996,0.762871803679311,19838282,29465596.022477,27869876.505778
"2012-04-01",1391406.8,2485886.4,97.9008335816219,96.3462668592804,97.8383325180138,11.4,4909295,8779098,9658453,1,0.253050960735171,0.696027341079973,3.43785804724278,2230.67562380589,106.089743589744,101.811396196937,0.780008970559201,19863722,29335935.798484,27735035.783066
"2012-07-01",1392551.3,2492779.2,98.1617932223205,96.7477127261536,98.3150425140412,11.6333333333333,5025079,8875881,9713753,0.75,0.046204743083004,0.358578919631094,2.89176150080284,2404.51589440053,103.486897717667,101.29570276223,0.799363831066387,20028196,29171896.490633,27567123.717568
"2012-10-01",1393061.7,2487318.5,98.6493132052949,96.9217349220706,98.7352558438727,11.9666666666667,5102595,8998474,9785187,0.75,-0.00412776506483604,0.195128909229596,2.2170441354134,2547.66854410235,105.839673147365,99.9024751498399,0.770851705445336,20295644,29029290.214146,27421490.537956
"2013-01-01",1392009.4,2492296.7,99.0476547964368,97.4884248350234,99.1373191738556,12.2,5173010,9079682,9803199,0.75,-0.0171333333333333,0.211436363636364,2.7595929963417,2675.2936,107.146379261764,98.7729950089905,0.75750100352255,20380620,28620001.075847,27010178.104491
"2013-04-01",1396562.3,2514153.2,99.0294078467798,97.7062625113334,99.2538058395515,12.2,5240787,9126627,9818212,0.583333333333333,-0.0030409090909091,0.206794011544012,2.87057719296759,2692.62546173223,107.97055508594,97.9816443236504,0.765403995218112,20478180,28652252.384134,27040276.630085
"2013-07-01",1403859.8,2525694.2,99.2818811293362,97.8377699815195,99.586899170109,12.1,5345103,9198843,9868977,0.5,0.00015458937198066,0.223512171403476,3.20161372590428,2784.97880594767,109.56607495069,98.7016446051543,0.755014215874237,20687284,28817094.129596,27203555.566441
"2013-10-01",1407471.1,2533282.1,99.4141573673567,97.8671763763479,99.5517558370686,12.0666666666667,5386119,9212026,9832650,0.333333333333333,0.0366976880607315,0.240902346445825,3.21565973990303,3018.3540515873,111.186249647788,97.7528682943545,0.734758174542497,21085182,28708795.379258,27094162.207364
"2014-01-01",1411036.7,2556424.1,99.710984335058,98.365564935926,99.8051791682901,11.9666666666667,5475017,9284719,9891849,0.25,0.0965493506493507,0.295159595959596,3.062561123151,3090.74465692641,111.686390532544,98.0471481086594,0.730114429993684,21453756,28701764.811431,27087403.075717
"2014-04-01",1415964.5,2567465.5,99.6769334142313,98.5631953113262,99.8039591683003,11.7333333333333,5548049,9362807,9973532,0.216666666666667,0.107553174603175,0.298583333333333,2.48034068430707,3213.54006298701,111.545505776275,98.195045910845,0.729302214673015,21787048,28932796.440494,27319368.044069
"2014-07-01",1423414.2,2583176.8,99.6939127756067,98.7015119184862,99.8997091675024,11.6333333333333,5683788,9482753,10098645,0.116666666666667,-0.0624144864797039,0.164568605307736,1.99889674131566,3171.58027275864,108.400253592561,99.1607124538124,0.754893420170442,21932326,29104060.676921,27491361.515311
"2014-10-01",1432441.1,2600961.6,99.768753323208,98.9646681730507,99.73078916891,11.5666666666667,5941966,9676028,10326597,0.05,-0.100390372670807,0.0814711525189786,1.58484298284177,3105.16487477571,106.5898844745,98.461716691799,0.800606956213219,22148786,29001850.256054,27388518.740934
"2015-01-01",1436718.1,2633600.6,99.5101340542481,99.4913113594333,99.6767658360268,11.3333333333333,6151855,9815782,10475465,0.05,-0.130660894660895,0.0460161616161616,1.14351029662237,3438.78343455988,99.7851507466892,99.4394012845779,0.888092483455044,23032912,28959845.029498,27344083.242785
"2015-04-01",1453353.2,2656137.3,100.156470623375,99.8932491366871,100.160705831994,11.1333333333333,6325590,9947884,10582758,0.05,-0.184583333333333,-0.00652583732057417,1.28285939528508,3624.48011313131,98.7707805015497,99.1463124481823,0.905468375379911,22833340,29263765.537494,27644260.912384
"2015-07-01",1458820.5,2676107.6,100.162725751729,100.254271990519,100.09286583256,10.7666666666667,6459866,10060424,10694197,0.05,-0.209887728213815,-0.0278170838823013,1.46728191542329,3384.98808018069,100.806565229642,100.517994187486,0.899451378119785,22706820,29534672.153969,27911637.589575
"2015-10-01",1464776.6,2692516.5,100.170669570648,100.361167513361,100.069662499419,10.6333333333333,6612393,10217313,10842557,0.05,-0.242510101010101,-0.0891760461760462,1.18321693991415,3334.56130735931,100.637503522119,100.896292079753,0.913623280087461,23167780,29616984.462024,27989971.79814
"2016-01-01",1471860.5,2713659.3,100.044460154149,100.640536647991,99.722225835648,10.4333333333333,6757516,10342705,10986982,0.0333333333333333,-0.340598412698413,-0.186081746031746,1.02774656159174,2974.83698095238,101.454635108481,102.888689851217,0.907747070304057,23476710,29766800.147538,28137228.697229
"2016-04-01",1479587.1,2723342.3,100.378235820894,100.766909356926,100.06644583278,10.2333333333333,6871798,10452292,11119739,0,-0.421118326118326,-0.258093795093795,0.938474366046784,2975.22984704184,102.863482671175,102.992304929322,0.885514551641113,23691828,30035184.379667,28403484.754117
"2016-07-01",1489326.1,2744113.2,100.615730260098,101.060115565406,100.348929163759,9.96666666666667,7005097,10569166,11240372,0,-0.421862663906142,-0.298125854821507,0.656023394482265,2974.67961656942,102.430262045647,104.645598808806,0.895759810951791,24013102,30368583.97255,28734187.347074
"2016-10-01",1505825.4,2767038.6,101.010532410079,101.173054322719,100.822289159814,9.8,7158597,10710530,11382913,0,-0.433591630591631,-0.312481240981241,1.09538875469573,3091.99982756133,101.835023950409,104.70493116283,0.927154688406211,24371202,30458440.228054,28819982.174812
"2017-01-01",1519984.2,2797115.6,101.5372671333,101.491985496818,101.496842487526,9.53333333333333,7344648,10881654,11581144,0,-0.437624571805006,-0.327831093544137,1.40029481211908,3339.65688247694,100.144406875176,105.579542031099,0.939216420512215,24728432,30692020.976365,29047900.31865
"2017-04-01",1532494.4,2830513,101.853315508675,101.956759827812,101.554012487049,9.23333333333333,7488142,10988182,11652740,0,-0.443144781144781,-0.329947811447811,1.16880233804023,3547.18517340067,102.23302338687,105.833545137927,0.909160862521655,24938022,31057892.362165,29405284.75332
"2017-07-01",1540750.9,2857207.5,102.008617354398,102.181841004397,101.770185818582,9,7621867,11095402,11773187,0,-0.442815044858523,-0.329632160110421,1.12192899615567,3480.78604002761,105.762186531417,107.613948841544,0.8516685974332,25108456,31514684.943982,29852708.953676
"2017-10-01",1553216.6,2892268,102.34886058782,102.614431498706,102.274229147715,8.73333333333333,7749170,11208278,11858924,0,-0.435148325358852,-0.328813397129187,0.991421831725742,3593.61067862839,105.864327979713,108.086117447204,0.84914607406198,25375998,31741370.30639,30069340.228021
"2018-01-01",1567875.4,2904942.7,102.900064848766,103.0509781052,102.795812476701,8.6,7861261,11290502,11942983,0,-0.448656132756133,-0.328286435786436,1.15679506829464,3471.05627748918,106.06156663849,109.419146539817,0.813396537747193,25453902,32044223.532459,30361971.079454
"2018-04-01",1579925.8,2926203.2,103.406086809807,103.274636394062,103.319955805667,8.3,8047005,11497274,12150837,0,-0.448320634920635,-0.325241630591631,1.21635927323128,3479.15760507246,106.737813468583,109.192752466339,0.839149378923782,25730880,32470658.797481,30777489.62021
"2018-07-01",1588691.5,2943291.4,103.956666056281,103.814429844927,103.892929134226,8.03333333333333,8151332,11561340,12193310,0,-0.446807114624506,-0.319525757575758,1.29469918488115,3420.98054176548,107.896590588898,110.629613178495,0.859784142204168,25774772,33007895.09735,31304395.756764
"2018-10-01",1601791.9,2976378.1,104.251877678579,104.340272554902,104.249639131253,7.93333333333333,8283767,11709262,12370070,0,-0.447611781429859,-0.315318008459885,1.39110212436087,3162.93084699397,106.681459566075,111.170641961454,0.876311067780202,25427590,33245683.484563,31531782.468189
"2019-01-01",1607401.4,3007559.8,104.218325661185,104.744471358005,104.198879131676,7.8,8463891,11895554,12535791,0,-0.452302380952381,-0.308546825396825,1.1042955954075,3214.86019819625,104.085657931812,112.396807854391,0.880554017102137,26295882,33461851.888345,31738614.61176
"2019-04-01",1621577.5,3027363,104.839495494497,105.061072276388,104.732982460558,7.6,8626434,12079082,12720582,0,-0.45004696969697,-0.317071212121212,0.798707813676651,3416.71012898551,104.906311637081,112.390203340531,0.889792808081422,26918640,33938856.403913,32205583.57484
"2019-07-01",1633485.9,3047792.5,105.075874460313,105.590432232998,104.96600579195,7.5,8808360,12268513,12910683,0,-0.46209715164063,-0.396707603990213,0.167967405734564,3459.21921469352,104.247675401522,114.066342341728,0.89964632444054,27448882,34437425.845904,32696147.510518
"2019-10-01",1640335.3,3063624.7,105.395031871468,106.135640680676,105.307845789102,7.46666666666667,8950015,12380743,12987109,0,-0.542234368530021,-0.402951759834368,0.26678771278955,3653.23249993099,103.074809805579,114.820772711881,0.903159103596625,27595386,34763710.258994,33013536.929417
"2020-01-01",1563523.1,2979577.5,105.658685355339,106.786336717545,105.36961912192,7.33333333333333,9355534,12790701,13483139,0,-0.5366,-0.405540909090909,0.272564679374827,3439.11462878788,101.894899971823,116.841212599572,0.907254152458318,26884294,35067394.093919,33310840.331336
"2020-04-01",1374739.6,2676860.3,105.612043849788,107.960900537999,104.948132458765,7.7,9740707,13221584,13908913,0,-0.541342424242424,-0.300666666666667,0.460888551114742,2995.43105194805,105.684699915469,117.86447916506,0.908817016163229,28059258,35462283.211802,33704362.264265
"2020-07-01",1562130.5,2959076,105.230994773039,106.892072901714,104.892419125896,8.56666666666667,9937663,13442381,14146910,0,-0.552179465462074,-0.47173611895351,0.168047308144908,3291.56414677834,107.576077768385,120.056852954559,0.855263336612005,28321644,35842913.988628,34077013.982206
"2020-10-01",1523079.6,2990282.1,105.509690734772,107.636353786727,105.0439957913,8.26666666666667,10270201,13745104,14480643,0,-0.556050505050505,-0.522694805194805,-0.0487847801423082,3367.71025180375,107.495069033531,121.975193554211,0.838566323698485,29245924,36272845.407512,34494443.865651
"2021-01-01",1516653.7,3028513.2,106.791150701675,108.322249593344,106.345329113789,8.26666666666667,10563499,14019354,14758349,0,-0.563815942028986,-0.542445652173913,0.0495481571114617,3690.89027898551,106.526486334179,122.764811908047,0.829541884924478,29780324,36637606.510657,34841868.775774
"2021-04-01",1584234.8,3106057.8,107.164211788821,108.663452118644,106.899855775835,8.1,10806050,14232712,14988884,0,-0.565035064935065,-0.540384776334776,0.295300280545737,4032.22869567099,107.30135249366,124.235669625976,0.829395314191882,30391508,37403586.104929,35584366.49411
"2021-07-01",1658911.9,3199159.9,107.928692080544,110.017646505935,108.049659099586,7.56666666666667,11076989,14489494,15250735,0,-0.568060606060606,-0.545818181818182,0.140159949271916,4132.6395,105.579036348267,127.49050398125,0.848324907582227,30569420,38351665.356651,36502976.270018
"2021-10-01",1689612.8,3262894.5,109.530577125665,111.244693194015,109.917342417355,7.13333333333333,11289735,14708392,15495900,0,-0.573596273291926,-0.56637656063743,0.314565633480026,4215.48274170274,104.427303465765,127.668284501886,0.874244150773199,31227046,38990835.931873,37105426.10999
"2022-01-01",1735773.2,3327890.5,111.768201419415,112.818300741186,112.865869059451,6.83333333333333,11535119,14979994,15732137,0,-0.577700931677019,-0.529025879933851,0.844117560762232,4044.34078398896,103.557340095802,126.996681231785,0.891012314725793,30507742,40031068.190166,38101816.684018
"2022-04-01",1788364.1,3400564.2,113.825048829133,114.259600849888,115.515295704039,6.73333333333333,11647587,15142824,15932704,0,-0.583531100478469,-0.357616427432217,1.95991465913102,3705.58038118022,102.074528036066,125.594142337559,0.938694723821484,29544194,41158258.886948,39181831.704429
"2022-07-01",1835507.6,3462658.1,115.940119009091,115.697575767664,118.066932349442,6.7,11681424,15422603,16195630,0.75,-0.0800278248321727,0.480740604805824,2.32149551708141,3563.51147330447,100.313468582699,124.524968987206,0.993153192063338,29190810,42010710.6008,39988357.944209
"2022-10-01",1866929,3524878.9,119.012807228446,117.88640045911,120.885575659287,6.7,11296984,15229154,16048195,1.91666666666667,1.19744516594517,1.77212337662338,3.03976167897571,3729.73496536796,103.698224852071,119.481610624389,0.980801905237815,29826240,42017804.499271,39955347.38822
"2023-01-01",1901018.1,3593632.7,120.806852322536,120.16260314394,121.947305650439,6.63333333333333,11014046,15188493,16049043,3,2.24951317523057,2.63192628458498,3.16665030003233,4177.51436884058,104.33572837419,118.086758951214,0.931974858509726,30536298,41964336.89512,39871658.311886
"2023-04-01",1927029.7,3638376.2,121.998246071666,121.564145091378,122.672295644398,6.5,10711305,15091218,15987595,3.75,3.07250505050505,3.35643280632411,3.1878122158007,4334.0089109208,106.839954916878,116.43357334245,0.918154002665795,30934344,42145324.915184,40030620.269052
"2023-07-01",1944395.1,3665653.9,123.036308217402,122.482067742915,123.770478968579,6.56666666666667,10510793,15072362,15994396,4.25,3.59689302967564,3.77738716356108,3.37252500225419,4296.19277018633,108.210059171598,116.049428831356,0.918997322289142,30554862,42468188.420035,40336471.820511
"2023-10-01",1957966.4,3708490.1,123.830637357661,123.835409460718,124.204622298294,6.53333333333333,10345628,15100189,16095535,4.5,3.901326953748,3.95745598845599,3.33660439051403,4295.86214992026,107.244998591152,114.934565237574,0.929712308484762,31765412,42381365.675745,40234879.931592
"2024-01-01",1981768.1,3740133.8,124.738812032397,124.493436038645,125.08469229096,6.5,10266267,15133823,16187636,4.5,3.90591428571429,3.92361471861472,2.96041307124848,4751.43687157287,106.78360101437,114.603473378802,0.921051812501129,32335258,42388382.369132,40227584.673142
"2024-04-01",1990298.4,3765329.7,125.269167699928,125.118176042039,125.714058952383,6.4,10330258,15288943,16375240,4.41666666666667,3.85467597402598,3.80817193675889,3.12049684300867,4985.31403554175,107.759227951536,,0.928831370735448,32550776,42879903.01878,40705353.83907
"2024-07-01",2008024.1,3802454,125.670273117522,125.817257852868,126.382578946812,6.33333333333333,10384239,15399769,16543935,4.25,3.62751386536169,3.55537709392057,2.95081891346485,4859.7964375745,107.977599323753,,0.922161546665362,33188706,43333583.48749,41144768.200148
"2024-10-01",2024932.4,3842814.3,126.186626457919,126.854774737997,126.988852275092,6.2,10578368,15575663,16742401,,3.18870010351967,2.99648716983499,2.8691361676394,4887.29493222912,,,,,,
"2025-01-01",,,,,127.92360893397,6.15,,,,,2.70438484848485,2.6140402173913,3.13012762222625,5311.94237287157,,,,,,
