"date","pce_nom","gdp_nom","pce_defl","gdp_defl","cpi","ur","m1","m2","m3","ml","policy","tona_1d","gov_9y","gov_10y","gov_20y","n225","reer","rrppi","xr_usd","hfwh"
"1946-01-01",,,,,,,,,,,3.29,,,,,,,,,
"1946-04-01",,,,,,,,,,,3.29,,,,,,,,,
"1946-07-01",,,,,,,,,,,3.29,,,,,,,,,
"1946-10-01",,,,,,,,,,,3.65,,,,,,,,,
"1947-01-01",,,,,,,,,,,3.65,,,,,,,,,
"1947-04-01",,,,,,,,,,,3.65,,,,,,,,,
"1947-07-01",,,,,,,,,,,3.65,,,,,,,,,
"1947-10-01",,,,,,,,,,,3.65,,,,,,,,,
"1948-01-01",,,,,,,,,,,3.65,,,,,,,,,
"1948-04-01",,,,,,,,,,,4.38,,,,,,,,,
"1948-07-01",,,,,,,,,,,5.11,,,,,,,,,
"1948-10-01",,,,,,,,,,,5.11,,,,,,,,,
"1949-01-01",,,,,,,,,,,5.11,,,,,,,,,
"1949-04-01",,,,,,,,,,,5.11,,,,,165.316470588235,,,,
"1949-07-01",,,,,,,,,,,5.11,,,,,157.629538461538,,,,
"1949-10-01",,,,,,,,,,,5.11,,,,,130.344754098361,,,,
"1950-01-01",,,,,,,,,,,5.11,,,,,102.010967741935,,,,
"1950-04-01",,,,,,,,,,,5.11,,,,,93.9628571428571,,,,
"1950-07-01",,,,,,,,,,,5.11,,,,,104.258615384615,,,,
"1950-10-01",,,,,,,,,,,5.11,,,,,106.496290322581,,,,
"1951-01-01",,,,,,,,,,,5.11,,,,,118.873220338983,,,,
"1951-04-01",,,,,,,,,,,5.11,,,,,126.249375,,,,
"1951-07-01",,,,,,,,,,,5.11,,,,,138.5246875,,,,
"1951-10-01",,,,,,,,,,,5.84,,,,,160.6,,,,
"1952-01-01",,,,,,,,,,,5.84,,,,,183.7025,,,,
"1952-04-01",,,,,,,,,,,5.84,,,,,212.203015873016,,,,
"1952-07-01",,,,,,,,,,,5.84,,,,,256.390461538462,,,,
"1952-10-01",,,,,,,,,,,5.84,,,,,328.273064516129,,,,
"1953-01-01",,,,,,1.86666666666667,,,,,5.84,,,,,400.470833333333,,,,
"1953-04-01",,,,,,1.96666666666667,,,,,5.84,,,,,339.571428571429,,,,
"1953-07-01",,,,,,1.8,,,,,5.84,,,,,395.815692307692,,,,
"1953-10-01",,,,,,1.7,,,,,5.84,,,,,424.29131147541,,,,
"1954-01-01",,,,,,1.83333333333333,,,,,5.84,,,,,351.967580645161,,,,
"1954-04-01",,,,,,2.16666666666667,,,,,5.84,,,,,332.225967741936,,,,
"1954-07-01",,,,,,2.5,,,,,5.84,,,,,343.957692307692,,,,
"1954-10-01",,,,,,2.63333333333333,,,,,5.84,,,,,334.194333333333,,,,
"1955-01-01",,,,,,2.46666666666667,,,,,5.84,,,,,366.328225806452,,12.5097558806967,,
"1955-04-01",1248103.69576534,2149973.6122294,18.0726411895462,19.0586173405977,,2.5,,,,,5.84,,,,,351.816129032258,,12.936742375594,,
"1955-07-01",1298082.33158237,2290626.84097322,18.143454669106,19.4953028069076,,2.6,,,,,6.81333333333333,,,,,373.097272727273,,13.3460447930765,,
"1955-10-01",1337139.88391495,2295919.3797971,18.1255916715996,19.2372113058684,,2.5,,,,,7.3,,,,,404.256885245902,,13.9431540885785,,
"1956-01-01",1386366.96129864,2449964.33556498,18.1796754778977,19.788782774034,,2.6,,,,,7.3,,,,,433.358709677419,,14.4119303306626,,
"1956-04-01",1407011.33201441,2472203.69062292,18.2673304566842,19.8858041700355,,2.3,,,,,7.3,,,,,484.73875,,15.0661424012804,,
"1956-07-01",1429933.86423125,2526866.52847565,18.3098885830822,20.1934466970318,,2.13333333333333,,,,,7.3,,,,,495.285384615385,,15.9117179241462,,
"1956-10-01",1462791.05948878,2602699.52162392,18.6196917841932,20.5705531036364,,2.16666666666667,,,,,7.3,,,,,526.2290625,,16.9110164886733,,
"1957-01-01",1518453.35595793,2712827.09715119,18.7444086947693,20.8478613393164,,2.03333333333333,,,,,7.42333333333333,,,,,571.522711864407,,17.7379199968386,360.000000359,
"1957-04-01",1576135.46571669,2914531.63232809,19.0161239664809,21.8348302610187,,1.9,,,,,8.15666666666667,,,,,553.201111111111,,18.4665237450727,360.000000359,
"1957-07-01",1614065.68039925,3002125.82286277,19.1831386229071,22.0179764241547,,1.86666666666667,,,,,8.4,,,,,512.520307692308,,19.1550172395056,360.000000359,
"1957-10-01",1655213.50462455,2960427.03212914,19.1030163252672,21.4102889973157,,1.9,,,,,8.4,,,,,504.71828125,,20.4857687633989,360.000000359,
"1958-01-01",1640769.49098382,2935514.6776652,18.9456471999485,21.2151853930108,,1.93333333333333,,,,,8.4,,,,,521.820169491525,,21.8106914573063,360.000000359,
"1958-04-01",1694858.21198318,3024819.58781972,19.1062192799827,21.2043635615718,,2.06666666666667,,,,,8.15666666666667,,,,,559.86873015873,,23.0315843550251,360.000000359,
"1958-07-01",1721820.37077921,3135481.76322819,19.1815286954867,21.6720391726954,,2.16666666666667,,,,,7.54666666666667,,,,,581.235076923077,,24.1694905207417,360.000000359,
"1958-10-01",1766491.12516078,3228074.4626521,19.4365161720937,22.0289528683394,,2.1,,,,,7.3,,,,,623.775322580645,,25.3953231048893,360.000000359,
"1959-01-01",1822059.47682577,3267287.36393814,19.6020836708342,21.9159027347441,,2.43333333333333,,,,,7.06,,,,,708.709016393443,,26.811333616542,360.000000359,
"1959-04-01",1874057.9259324,3439802.7456015,19.7005172181105,22.3364805777105,,2.23333333333333,,,,,6.94,,,,,780.364677419355,,28.2435462996809,360.000000359,
"1959-07-01",1985570.40847904,3656770.10738666,19.8204661943432,22.5899692092805,,2.2,,,,,6.94,,,,,862.038769230769,,29.5707412493455,360.000000359,
"1959-10-01",1964761.63435598,3693710.9591776,20.1189147249234,23.0108526616919,,1.96666666666667,,,,,7.06,,,,,935.709016393443,,30.8166289603936,360.000000359,
"1960-01-01",2103142.33089448,4052748.23939176,20.1314432454501,23.580565328547,,1.76666666666667,,,,,7.3,,,,,984.469047619048,,31.8187925430494,360.000000359,
"1960-04-01",2142951.4416604,4106849.74736924,20.5034865725234,23.8605749462282,,1.66666666666667,,,,,7.3,,,,,1056.42064516129,,33.9063040278203,360.000000359,
"1960-07-01",2235980.28398712,4340737.19539439,20.729878542767,24.3887492070864,,1.56666666666667,,,,,7.06,,,,,1144.90230769231,,36.0825322808508,360.000000359,
"1960-10-01",2321305.65237211,4550995.32867049,20.8724619811244,24.6236857284251,,1.46666666666667,,,,,6.94,,,,,1281.26229508197,,39.4445816579563,360.000000359,
"1961-01-01",2414921.64972488,4800359.4432564,21.1232436421397,25.1934036481518,,1.43333333333333,,,,,6.57,,,,,1506.07677419355,,42.1193230653718,360.000000359,
"1961-04-01",2513775.06990997,4997225.84950843,21.4790158852986,25.686028504193,,1.46666666666667,,,,,6.57,,,,,1657.68158730159,,45.1241343199534,360.000000359,
"1961-07-01",2623807.92179098,5192034.04621784,22.0402933497439,26.1891827270732,,1.43333333333333,,,,,7.06,,,,,1675.99184615385,,47.4896513569319,360.000000359,
"1961-10-01",2774683.27728375,5586648.94852588,22.6825892637972,26.9434835357886,,1.43333333333333,,,,,7.3,,,,,1357.41241935484,,48.0107882751603,360.000000359,
"1962-01-01",2855710.67087809,5727622.93719841,22.9542486252169,27.2502849783575,,1.3,,,,,7.3,,,,,1499.32583333333,,49.7258474032068,360.000000359,
"1962-04-01",2918371.85525771,5818905.86691337,23.1401611455057,27.3057972717638,,1.3,,,,,7.3,,,,,1405.61171875,,50.9004060422244,360.000000359,
"1962-07-01",2979647.35377587,5855713.06873402,23.4240806491999,27.1488271251541,,1.23333333333333,,,,,7.3,,,,,1406.94446153846,,52.3779650467788,360.000000359,
"1962-10-01",3109197.23872264,5990672.80874305,23.7620232676902,27.207477958756,,1.33333333333333,,,,,6.69333333333333,,,,,1361.34515625,,53.7551496231019,360.000000359,
"1963-01-01",3239451.70970068,6188100.54487034,24.3372019265786,27.7202586262217,,1.4,,,,,6.45,,,,,1489.83644067797,,53.1777002795862,360.000000359,
"1963-04-01",3404559.7030248,6545694.40540525,24.9485970480389,28.48579250996,,1.2,,,,,5.84,,,,,1574.23571428571,,54.1574376858557,360.000000359,
"1963-07-01",3560789.9123551,6835126.78108713,25.3544345755649,28.8987478939431,,1.2,,,,,5.84,,,,,1407.59938461538,,55.605556159295,360.000000359,
"1963-10-01",3641934.73695465,7181654.4240812,25.4542753585777,29.3528496408635,,1.23333333333333,,,,,5.84,,,,,1296.81078125,,56.8336609991998,360.000000359,
"1964-01-01",3767844.26073994,7466409.05080256,25.3797484075279,29.572178732923,,1.23333333333333,8404890.85899518,,,,6.08333333333333,,,,,1267.33816666667,,58.6104662076051,360.000000359,
"1964-04-01",3981051.99379774,7815128.55330955,25.9312987436432,30.2243203114458,,1.16666666666667,8704655.40189982,,,,6.57,,,,,1278.20634920635,,59.8256290690667,360.000000359,
"1964-07-01",4066165.98637336,7993497.80367205,26.2089827205291,30.4442456518295,,1.16666666666667,8904060.29935747,,,,6.57,,,,,1294.16323076923,,61.345669376908,360.000000359,
"1964-10-01",4154802.90910526,8211614.5552018,26.6250745987963,30.8894050910224,,1.1,9329493.13355878,,,,6.57,,,,,1213.44295081967,,62.0171703500262,360.000000359,
"1965-01-01",4298538.45948131,8473221.00706719,27.2529967746959,31.6155106562449,,1.13333333333333,9571083.7993732,,,,6.21,,,,,1224.58596774194,,62.9894982266526,360.000000359,
"1965-04-01",4433490.1706677,8670408.17324794,27.7692783888842,31.9522867601145,,1.23333333333333,9911820.92549694,,,,5.72,,,,,1125.30258064516,,62.5128184862825,360.000000359,
"1965-07-01",4571988.29821142,8947892.24158498,27.9875149838093,32.2440887377206,,1.26666666666667,10356865.3712466,,,,5.48,,,,,1151.91415384615,,63.2748145147746,360.000000359,
"1965-10-01",4732399.05132717,8970051.40666074,28.2805978956755,31.8301265237348,,1.3,10728980.2324732,,,,5.48,,,,,1302.9562295082,,63.1776014858577,360.000000359,
"1966-01-01",4933487.90464739,9502646.53830659,28.6528235669333,32.8405239726904,,1.36666666666667,11165732.157875,,,,5.48,,,,,1489.02596774194,,63.2424101718023,360.000000359,
"1966-04-01",5104960.65845385,10078704.640294,29.0712725424094,33.5197695569393,,1.33333333333333,11497866.5909421,,,,5.48,,,,,1538.86596774194,,63.7144466069294,360.000000359,
"1966-07-01",5250434.18770699,10463135.4148652,29.2616322253258,33.9721597885777,,1.3,12070164.0757469,,,,5.48,,,,,1471.25671875,,64.9045158613331,360.000000359,
"1966-10-01",5464628.34120855,10700791.7920528,29.4497508627898,34.0636578207894,,1.26666666666667,12393350.8064571,,,,5.48,,,,,1418.8435,,65.9716857173906,360.000000359,
"1967-01-01",5661865.4575579,11246484.6207881,29.8565775160536,34.8762696763568,,1.3,12910220.6247347,,,,5.48,,,,,1459.2635483871,,66.5316485709487,360.000000359,
"1967-04-01",5857505.51223641,11572724.1982906,29.9632011195404,34.9475517922587,,1.26666666666667,13212527.1305695,,,,5.48,,,,,1464.69507936508,,69.2267414864504,360.000000359,
"1967-07-01",6057678.40371599,12174496.5545638,30.241990807333,35.532681788419,,1.16666666666667,13836345.0778544,,,,5.6,,,,,1403.41328125,,71.5259679315557,360.000000359,
"1967-10-01",6239156.27916627,12707358.9861502,30.8968199823668,36.3847077925042,,1.26666666666667,14437001.5462397,,,,5.84,,,,,1322.41459016393,,72.3236284960631,360.000000359,
"1968-01-01",6408844.08169355,13179838.3611551,31.3771156834641,36.8582740629472,,1.26666666666667,15002339.6251971,33173983.8064964,,,6.21,,,,,1329.66816666667,,73.827960601061,360.000000359,
"1968-04-01",6682293.92042367,13710455.4732405,31.6572389238995,37.076729124277,,1.16666666666667,15631824.8654286,34230496.1782507,,,6.21,,,,,1467.01650793651,,76.8116299977277,360.000000359,
"1968-07-01",6895360.73627522,14229097.547987,31.9170771492528,37.6275042257662,,1.2,16010425.1196293,35367390.7787709,,,5.96333333333333,,,,,1652.17276923077,,79.3305736951818,360.000000359,
"1968-10-01",7166133.14808657,15374424.3334707,32.1716668881333,38.4647220923172,,1.06666666666667,16730211.3922109,36863178.1220776,,,5.84,,,,,1724.01841269841,,81.8001205283489,360.000000359,
"1969-01-01",7364121.82286926,15404869.796705,32.3661286366886,38.205152923258,,1.13333333333333,17482607.1159281,38384025.9849151,,,5.84,,,,,1800.94482758621,,85.1124766599816,360.000000359,
"1969-04-01",7698142.57408628,16199686.1700797,32.9154609139834,39.0392733544496,,1.2,18382333.5638012,39981244.188297,,,5.84,,,,,1924.51301587302,,88.5354817676174,360.000000359,
"1969-07-01",7940285.30682762,16861761.3929522,33.5085912130046,39.6842652935352,,1.13333333333333,19443165.4456429,41794005.3528798,,,5.97666666666667,,,,,1933.84359375,,91.1269400618449,360.000000359,
"1969-10-01",8211175.14964418,17854593.5623235,33.5747716061316,40.4424767947869,,1.06666666666667,20576723.2173043,43772708.0536332,,,6.25,,,,,2161.38245901639,,94.5559715869237,360.000000359,
"1970-01-01",8574436.22115828,18584643.1600907,34.5818974774492,40.8447827435718,30.9733038726766,1.06666666666667,21313236.5186635,45566934.8229817,,,6.25,,,,,2377.2635,,96.2920737791565,360.000000359,
"1970-04-01",8797555.13105574,19175456.2187993,35.2329443789528,41.6380813417018,31.2152150841089,1.13333333333333,22224969.7361554,47411141.2042832,,,6.25,,,,,2208.60825396825,,99.2963910650952,360.000000359,
"1970-07-01",9186275.2444992,19987860.9282654,35.4754694793978,42.2690580523662,31.5328645138525,1.23333333333333,23085363.2036511,49207331.1064325,,,6.25,,,,,2130.684375,,103.478625976823,360.000000359,
"1970-10-01",9390182.44194443,20454994.3044582,36.5035149959049,43.3967082544227,32.3515616347043,1.26666666666667,24358378.7082665,51265279.6090405,,,6,,,,,2060.29721311475,,104.625028403197,360.000000359,
"1971-01-01",9689983.79824349,20807215.4361871,37.0657658818824,43.7455521569243,32.8401726355886,1.16666666666667,25564937.5296596,53683931.8320827,,,5.75,,,,,2196.64770491803,,107.022357020776,360.000000359,
"1971-04-01",9994388.44994675,21264993.314459,37.5922395829668,43.9980884862259,33.2075813668193,1.2,27019255.6044394,56625830.7432051,,,5.58333333333333,,,,,2468.17403225806,,108.996552098873,360.000000359,
"1971-07-01",10252102.5339788,21837817.0871651,38.0990448620102,44.6394010603962,33.8381123786671,1.23333333333333,29238392.9319463,60303008.0524147,,,5.25,,,,,2499.628125,,111.614585906087,350.973333452333,
"1971-10-01",10602422.7087189,22202387.4761497,38.8374822071742,44.9749332403918,34.2293702723128,1.33333333333333,30577818.0856593,64015157.2851898,,,5.08333333333333,,,,,2388.14344262295,,113.793975558432,331.737439963116,
"1972-01-01",10939332.262664,23286315.4652775,39.0425009142219,45.6823553292455,34.3660274416987,1.4,31936648.3702315,67701222.5589202,,,4.75,,,,,2927.89725806452,,116.948755692989,306.549999999,
"1972-04-01",11486231.9401243,23985010.7800123,39.8995181676734,46.1837452191473,34.8922731373157,1.4,33008152.8044902,71623768.6908828,,,4.58333333333333,,,,,3456.77380952381,,119.556416158702,303.893333332333,
"1972-07-01",11930778.7534442,25069607.0189916,40.5459233267359,47.2633368547056,35.4606105527526,1.43333333333333,34348241.896455,76491531.340641,,,4.25,,,,,3977.26265625,,123.576629355568,301.103333332333,
"1972-10-01",12391014.34906,26130333.3732753,41.0400836818814,48.0542398323924,35.913955068804,1.4,38098619.8012321,81109285.5419389,,,4.25,,,,,4665.21606557377,,133.187974827358,301.143333332333,
"1973-01-01",13094261.6668558,27950966.7286912,42.1674790717903,49.7388649390156,36.8755212609261,1.23333333333333,41185625.7779623,85886915.3898178,,,4.25,,,,,5124.75766666667,,140.579128836901,282.106666665667,
"1973-04-01",13611169.4655856,29220962.2064708,43.7078017360257,51.5275517279763,38.5001362535027,1.36666666666667,43127787.0476692,89633931.8323167,,,5.33333333333333,,,,,4678.16746031746,,144.753954218986,264.983333332667,
"1973-07-01",14371347.3347068,30343461.5770271,45.2328998440194,53.3513479492756,39.9319208561699,1.26666666666667,45322686.4510825,92252447.8709298,,,6.66666666666667,,,,,4822.84359375,,151.31780954545,265.003333333,
"1973-10-01",15384448.1028475,32188339.0370555,46.9285612912709,55.904272010009,41.6444019134949,1.13333333333333,45432671.9191205,94208936.3301932,,,7.66666666666667,,,,,4420.08126984127,,151.207555744361,274.713333333,
"1974-01-01",15583752.0048885,32953431.6570354,50.570206623814,59.2695923301572,45.4704098792737,1.3,46830102.6627772,96829094.0172289,,,9,,,,,4452.57879310345,,143.883581470248,290.819999999333,
"1974-04-01",16643754.7165098,35213024.9749049,52.5958616744857,62.8807059754086,47.1953599484086,1.3,49373428.8669641,99640297.7931491,,,9,,,,,4642.40596774194,,138.865156439869,279.919999999,
"1974-07-01",17650889.9895859,36857988.8093584,54.6935906595958,64.9865486358948,49.296147212552,1.4,49956312.7022813,102034278.183471,,,9,,8.12816666666667,,,4272.1865625,,135.01210223175,297.583333333,
"1974-10-01",18385162.5789579,37853039.5682366,57.5264472291167,67.1049256217601,51.4159013106248,1.6,51761226.7554836,105341904.815739,,,9,,8.23114084507042,,,3752.60903225806,,125.812232639472,300.006666665667,
"1975-01-01",19067483.6916253,37926386.6719373,58.3491806626356,67.1470898892195,52.3746819931586,1.76666666666667,52995608.3555123,108665496.770068,,,9,,8.2552205882353,,,4064.02810344828,,119.684650418391,293.279999999,
"1975-04-01",19602804.6719719,39144579.4212286,59.3954863532501,67.7985945083835,53.4340051579454,1.8,54308359.9607754,111889759.199609,,,8.33333333333333,,8.27808333333333,,,4476.31412698413,,116.850455933057,292.386666666,
"1975-07-01",20098199.1105474,40028486.8648052,60.6012564951098,68.5493693919918,54.3721722375929,1.9,56079424.1677054,116127313.328175,,,7.66666666666667,,8.32422972972973,,,4188.6634375,,115.949160747276,297.946666665667,
"1975-10-01",20719268.2108978,41187606.3272239,62.0473639789925,69.8004201345336,55.8609661520185,2.1,57576424.2164484,120697963.417935,,,6.5,,8.38862857142857,,,4255.70816666667,,113.478527183094,303.536666666,
"1976-01-01",21306681.5851552,42581548.7874597,63.650330429803,71.5564120298148,57.1216846548957,2.03333333333333,60120836.0827191,125659090.895795,,,6.5,,8.46924285714286,,,4581.58049180328,,111.395461416109,302.386666666,
"1976-04-01",22078109.3445754,43983269.675967,65.4577896682198,73.4778346590711,58.4616990637266,2.06666666666667,62345136.2674876,129956468.084996,,,6.5,,8.49611111111111,,,4621.39225806452,,108.988549806858,299.196666665667,
"1976-07-01",22889604.562973,45313594.7503401,66.7391194345059,74.6506908221273,59.6233879478353,2,63629632.8824445,133520002.766251,,,6.5,,8.50178378378378,,,4732.94796875,,108.484306616216,291.059999999333,
"1976-10-01",23538199.4909444,45981390.1919415,68.0857838540826,75.6608306880013,61.1042907405377,1.93333333333333,65033015.9499472,137418947.531412,,,6.5,,8.47568571428571,,,4669.205,,107.077286333864,293.566666665667,
"1977-01-01",24296334.0605749,47954117.2135589,69.5928082228461,77.2179320118981,62.4925397041555,1.96666666666667,65664279.3766657,140899829.82759,,,6.33333333333333,,8.49117142857143,,,5014.4037704918,,105.849576668873,285.573333332667,
"1977-04-01",24985395.7129414,48971540.9774654,70.6712122141102,78.3051329469999,63.6969812898015,2.03333333333333,65458937.3991737,144238033.363407,,,5,,7.79852777777778,,,5011.74709677419,,104.185001136128,275.239999999667,
"1977-07-01",25451338.4554104,50028204.3726519,71.5672524688989,79.4531087484969,64.3641247609963,2.03333333333333,67582673.1766962,148566192.655494,,,4.75,,7.12789189189189,,,5113.79375,,104.891870264076,266.166666666,
"1977-10-01",25778900.5013409,51320840.1554003,72.0275686757119,80.4152314330438,65.0052295823003,2,69583321.473483,152144987.18942,,,4.25,,6.8528,,,4971.30116666667,,105.176001027455,247.059999999,
"1978-01-01",26647044.4366514,52881390.6686123,73.0481699070376,81.3241135356913,65.4561545954954,2.16666666666667,70842856.677397,156471496.625831,,,4,,6.61323188405797,,,5148.35081967213,,105.893243496903,237.639999999,
"1978-04-01",27171585.2507198,53898226.3726494,73.9525453654968,82.0899482381127,66.2667964010204,2.26666666666667,72847005.0770123,161576800.684222,,,3.5,,6.36304166666667,,,5488.01507936508,,105.446893431205,220.806666665667,
"1978-07-01",28027351.9580812,55298717.68143,74.9114527333152,83.1476392841321,67.1794013125595,2.3,75391559.1803091,166324949.662053,,,3.5,,6.5115945945946,,,5592.81265625,,106.363798026101,192.836666666333,
"1978-10-01",28788116.9822284,56342844.7094024,75.1552296707326,83.5124615932736,67.3802315422532,2.2,76991721.3478556,170727197.537512,,,3.5,,6.46554285714286,,,5922.60672131148,,108.220329773466,190.483333333,
"1979-01-01",29447914.8280968,57480874.2065077,75.4364467806475,83.9438234197426,67.456372453127,2.1,78635921.5924934,175466653.707421,,,3.5,,6.81030434782609,,,6090.99779661017,,110.56539650863,201.459999999,
"1979-04-01",30333837.8175959,58772895.1993927,76.2704452787701,84.2905436238056,68.4783508833361,2.03333333333333,80952979.0066263,180713417.68106,,,4.25,,7.93231944444444,,,6187.3573015873,,111.0503749222,217.616666665667,
"1979-07-01",30923130.0879367,59665276.0510864,77.2996128290329,84.9226981952846,69.581393773379,2.13333333333333,81978557.8595259,185213958.731481,,,5.25,,8.03545945945946,,,6358.82765625,,112.961144426552,218.859999999667,
"1979-10-01",31367042.7738285,60551081.3242413,78.6484321956198,85.8105068215454,70.7092373247016,2.06666666666667,82928140.7993587,189508737.420614,,,5.91666666666667,,8.51130985915493,,,6443.43492063492,,114.813526837316,238.623333333,
"1980-01-01",32254938.6042151,61822440.0317179,80.6400942980961,86.6416783127958,72.3358740859515,1.9,84868441.0686894,193947832.742115,,,7.5,,8.86211594202899,,,6686.43762711864,,116.222325406783,243.543333332667,
"1980-04-01",32972324.6150381,63359254.3102046,82.2696652792279,88.7096851579199,74.0358610345098,1.96666666666667,83468898.5124514,198183013.106068,,,9,,8.97869444444444,,,6792.03095238095,,116.314895130457,232.689999999,
"1980-07-01",33434603.5101446,64867734.7949876,83.4393269629613,90.4969192519444,75.2291271860487,2.03333333333333,81746299.4382158,199967854.563719,,,8.5,,8.48768918918919,,,6871.575,,118.765769948924,220.083333333,
"1980-10-01",34033689.5263198,66338125.0382351,84.4188204644695,91.5699380913539,76.0993369480307,2.16666666666667,81492697.4361818,204251850.705431,,,7.58333333333333,,8.6597,,,7121.896,,120.414637278826,210.646666666667,
"1981-01-01",34428633.4830393,67746822.4551921,85.338220839838,92.1431588600734,77.0997510115104,2.2,83421527.8229955,208644871.730535,,360761712.126774,6.91666666666667,,8.36494202898551,,,7203.94951612903,,122.399996048251,205.569999999333,
"1981-04-01",34819655.2441849,68182441.1683882,86.0437012218537,92.4925078678433,77.7119273104192,2.26666666666667,86333738.8180171,214783713.085931,,374191398.752982,6.25,,8.11427777777778,,,7538.61784615385,,123.346143586805,219.999999999667,
"1981-07-01",35403005.505662,69372968.3738274,86.9828278223986,93.4323792969788,78.3938467909744,2.16666666666667,87518361.6091332,220068388.265836,,381169161.109769,6.25,,8.45017567567568,,,7758.46515151515,,125.801760504243,231.889999999,
"1981-10-01",36182160.225225,70226323.4341934,87.7000811024894,94.1888193899893,79.1889856861494,2.2,89482495.2483589,225605104.056837,,392329409.447286,6,,8.38504285714286,,,7554.39484848485,,126.89254206143,224.683333333,
"1982-01-01",36780987.8931887,71021620.9474611,88.1046153057115,94.2829604032206,79.5068952058275,2.23333333333333,89100024.5046262,230222581.139082,,400785709.345696,5.5,,7.88120289855072,,,7539.7753125,,129.437270922042,233.493333332333,
"1982-04-01",37405673.8684995,72142222.4884393,88.488193426054,94.6534131617479,79.7712097740117,2.33333333333333,90691828.2084907,233882162.319794,,413549046.959579,5.5,,7.91134722222222,,,7324.214,,130.115391074975,244.266666666,
"1982-07-01",37953982.7180223,72881734.5041037,89.2744225642672,95.2453991233107,80.574566300846,2.36666666666667,91918282.8738001,239524141.426703,,421518542.443068,5.5,,8.24354054054054,,,7089.87393939394,,131.518360814455,258.863333332667,
"1982-10-01",38858060.5409268,73199821.4334179,89.7771125320781,94.9438344178923,81.1287313146931,2.46666666666667,93653531.3732066,243305437.320314,,431234007.733345,5.5,,8.16081428571429,,,7638.41818181818,,132.001264559726,259.683333332333,
"1983-01-01",39186585.5211,74118183.839338,89.963539843894,95.8377501034932,81.1941097516842,2.66666666666667,93808952.9839188,247295446.326528,,441224966.073778,5.5,,7.8515,,,8086.86359375,,134.086009820097,235.736666666,
"1983-04-01",39382977.1342118,74549926.7033954,90.4317447709001,96.1154035200759,81.5986008709251,2.66666666666667,94263155.2555405,252151256.176938,,453816557.497208,5.5,,7.80163888888889,,,8610.63969230769,,133.810869286018,237.533333332667,
"1983-07-01",40048388.1821292,75938924.1147301,91.040800054673,96.7282131635559,81.7558076820768,2.7,94631194.8035973,256561602.567664,,462721966.412288,5.5,,7.86539189189189,,,9108.92651515152,,135.441854951048,242.533333333,
"1983-10-01",40732517.7322769,76606158.2264563,91.6446295798114,97.0841783397597,82.467709960442,2.6,95506560.8961752,261671090.753804,,474499238.691975,5,,7.56837142857143,,,9442.79,,135.105264717796,234.243333332667,
"1984-01-01",41327916.4148885,78379078.5424751,92.3594306469287,98.052359933834,83.1605362747454,2.7,96123814.6791902,267639457.190538,,485718978.146209,5,,7.38823943661972,,,10138.3243076923,,135.658015629168,231.006666665667,
"1984-04-01",41792215.1232846,79917790.65054,92.6987340667291,98.5590424405223,83.2807416393842,2.73333333333333,96197892.2581985,271412098.233436,,495028058.782995,5,,7.41459722222222,,,10565.4301538462,,135.544106460122,229.606666666333,
"1984-07-01",42040346.8372916,80788440.0170629,93.209840304409,99.123186642848,83.5842897615553,2.73333333333333,98625164.1572701,277138864.055106,,506540695.05177,5,,7.35602739726027,,,10372.6203076923,,136.532043745863,243.456666665667,
"1984-10-01",42613222.2531041,82062792.4838742,94.1801196690391,100.118086094656,84.3509281946189,2.66666666666667,100214221.659411,282022118.000054,,517440689.494728,5,,6.90388732394366,,,11184.2756060606,,135.919127453789,246.019999999667,
"1985-01-01",43411894.0057328,83453821.3747575,94.8492253465212,100.314473146951,84.8295126891322,2.56666666666667,102073574.588243,288378394.379964,,529326226.152071,5,,6.93073529411765,,,12110.3380952381,,136.676875351953,257.683333332667,
"1985-04-01",44159037.0332758,85196937.7473994,95.143747051562,101.033481953733,85.0911541925987,2.56666666666667,101097626.866814,294112991.803642,,541568736.157341,5,,6.79305555555556,,,12568.2430769231,,136.121654597366,250.733333333,
"1985-07-01",44430349.6277111,85988386.1415225,95.4734987272866,101.313841727203,85.5399998312633,2.6,103065224.000421,299976271.003191,,553461908.742282,5,6.38716666666667,6.39448648648649,,,12648.0692424242,,136.606435423479,238.636666666333,
"1985-10-01",45246776.9483274,87702580.6605914,95.5625838106657,101.735635720065,85.7291600419376,2.76666666666667,104980394.993281,308269634.417874,,567532058.331768,5,7.44033333333333,6.35128169014085,,,12882.991969697,,136.760059671412,207.089999999,
"1986-01-01",45339970.1940615,87487350.7484201,95.9540452877525,102.184477879616,86.1746788165208,2.66666666666667,105843377.104465,314045257.395754,,580046513.799603,4.33333333333333,6.27543333333333,5.65727941176471,,,13613.0215625,,137.452998883631,187.879999999,
"1986-04-01",46002210.6048382,89766056.0120426,96.028738138531,103.238110849299,85.8291619837639,2.76666666666667,108544135.06689,319654114.465512,,592604856.842404,3.5,4.6293,5.03570833333333,,,16222.7169230769,,138.080931822448,170.133333333333,
"1986-07-01",46611794.9528791,90303275.4326608,95.9881220145433,103.15948273546,85.7401296077918,2.83333333333333,111114621.424842,326615755.290861,,607000659.111535,3.5,4.68846666666667,5.36069444444444,5.25322058823529,,17982.4837878788,,139.705001926478,155.772666666667,
"1986-10-01",46786790.6368418,91069945.1222903,95.7606453905665,102.968801314798,85.5241809818537,2.8,114075994.412811,333698970.647402,,620261895.783869,3.16666666666667,4.2521,5.37710447761194,5.56880597014925,5.7905,17665.9239393939,,141.900593750309,160.293333333333,
"1987-01-01",47544854.7478692,91684440.955736,95.8311274346004,102.973207948881,85.4717009421343,2.93333333333333,116228457.54707,342176785.019734,,635157158.36321,2.66666666666667,4.1998,4.80145454545455,5.01071212121212,5.39445454545455,20250.0511666667,,144.843955305717,153.166666666667,
"1987-04-01",47903841.3307937,92136926.295184,96.464690271527,102.772215742012,85.9507896979162,3,120315744.706128,352160526.552312,,652478929.083091,2.5,3.43916666666667,3.93253623188406,4.02784057971015,4.75940579710145,24284.1596774194,,147.464656543603,142.666666666667,
"1987-07-01",48690065.3968702,93943018.5338313,96.6226580678326,103.101565224319,86.1209842561929,2.76666666666667,123815184.555868,362814150.819004,,671288236.905607,2.5,3.37476666666667,5.27687323943662,5.45997183098592,5.75040845070423,24804.71046875,,152.199741160431,146.923333333333,
"1987-10-01",49257515.5002421,95878323.5637647,96.557204403476,103.059938383972,86.1640771917467,2.7,122129994.429118,372323967.861713,,684774036.667255,2.5,3.66143333333333,5.36742647058824,5.50526470588235,6.18382352941176,23446.1852459016,,153.321049979747,135.793333333333,
"1988-01-01",50016800.8937237,97878716.1292342,96.4245540957164,103.39135700573,86.1288452481209,2.66666666666667,126932340.361461,382640895.169068,,701315352.514118,2.5,3.686,4.78617910447761,4.59641791044776,5.30162686567164,24347.0095081967,,155.718082216141,128,
"1988-04-01",50785973.9778438,98627289.612885,96.5782166454772,103.357233461758,86.0968621877398,2.46666666666667,130516746.526382,391703757.874831,,716201788.924745,2.5,3.51756666666667,4.66735294117647,4.99875,5.08672058823529,27399.0121311475,,156.270141571413,125.613333333333,
"1988-07-01",51580112.8936715,100912249.695118,96.9517921409163,103.705507827107,86.6535204429921,2.53333333333333,131514598.887524,401261059.459517,,733829357.162762,2.5,3.9766,5.26939436619718,5.47212676056338,5.57321126760563,27750.06328125,,157.552187787119,133.713333333333,
"1988-10-01",52161748.6624726,102294778.44789,97.2345500077454,104.201235807194,87.0727601822814,2.4,134904582.784578,411447209.60783,,749083542.648383,2.5,4.15896666666667,4.74355223880597,4.78694029850746,5.06826865671642,28636.4108064516,,158.9627646437,125.28,
"1989-01-01",53360601.7946532,103937737.532789,97.3003088128862,104.213268965434,87.0449990003357,2.33333333333333,139002448.310572,422307546.395248,,768142916.7277,2.5,4.17576333333333,4.83516393442623,5.00422950819672,5.02527868852459,31714.2558333333,,162.422125843451,128.453333333333,
"1989-04-01",53643352.1689959,104968686.67369,98.8395271542243,105.507334870151,88.4565165312074,2.3,135260536.573987,428695969.511468,,781519222.093764,3,4.74436333333333,5.10417741935484,5.11753225806452,5.25203225806452,33524.6729032258,,162.446231513224,138.073333333333,
"1989-07-01",55040687.1861811,107952422.260639,99.2130379662927,106.190021481855,89.046848355217,2.2,135737074.135093,439827576.358429,,803815245.832225,3.25,5.34546,5.0139375,5.0530625,5.131,34441.95859375,,165.918732278875,142.294333333333,
"1989-10-01",56544743.5009004,110366942.62408,99.6875395530162,107.02536820411,89.3348316679103,2.16666666666667,132244795.404561,455551964.295725,,824698338.616953,3.91666666666667,6.20280333333333,5.38346774193548,5.44408064516129,5.38320967741936,36473.3016393443,,171.26307781982,143.036666666667,
"1990-01-01",56955681.5605294,110877084.560716,100.241306273266,107.102021637792,90.1370785515322,2.13333333333333,139914283.808021,471719829.986422,,847521650.502195,4.58333333333333,6.68021333333333,6.6045593220339,6.40123728813559,6.30776271186441,35304.2405084746,,176.942926863003,147.9,
"1990-04-01",58535246.0115982,114341799.660781,101.033720365895,108.032146648573,90.7245581084427,2.13333333333333,138214187.547181,482567160.45339,,861834853.14649,5.25,7.26200333333333,6.80614516129032,6.55058064516129,6.57175806451613,31173.6183870968,,180.626846207803,155.253333333333,
"1990-07-01",58963328.9979878,115900719.644356,101.445613520899,108.272023271071,91.3220245770615,2.06666666666667,140400079.472386,492730776.598372,,874952449.503277,5.75,7.61026333333333,7.35875,7.33925,7.164109375,27834.8525,,186.404007073631,145.23,
"1990-10-01",59626602.8016103,118284259.944681,102.399260302692,109.107704400052,92.5618542899204,2.06666666666667,140368725.95498,494873623.64345,,886411119.075431,6,8.03911,7.02586885245902,7.16475409836066,7.1845737704918,23678.7045901639,,185.676984025054,130.786666666667,
"1991-01-01",60149241.2333943,120310981.5543,103.102938169616,110.002141576575,93.4856727745764,2.1,141667582.611977,496286143.365606,,896197785.716167,6,8.15082666666667,6.47772413793103,6.4961724137931,6.74727586206897,25024.7013793103,,186.993114077118,133.853333333333,
"1991-04-01",61272797.6050348,121764585.361278,103.549826194169,110.591556246556,93.8187843623639,2.1,147601105.270061,499999913.537787,,907196213.650868,6,8.10233333333333,6.68587096774194,6.64382258064516,6.80111290322581,25634.9183870968,,184.864208020075,138.31,
"1991-07-01",61757646.7393425,122762442.769532,103.93312452259,111.189510130736,94.2332418159149,2.1,149497270.471634,503681647.866061,,918297975.572397,5.5,7.33144,6.466765625,6.445265625,6.704203125,23000.24359375,,184.619495954397,137.16,
"1991-10-01",62758886.9759571,124977610.837274,104.626036311832,112.419933084826,95.1473117040216,2.06666666666667,152676750.011612,505376386.132661,,928748799.537414,5,6.51676,5.93435483870968,5.92822580645161,6.286,23611.2530645161,,180.364746445896,129.503333333333,
"1992-01-01",63542973.7977388,125464631.329048,104.879507727308,112.260879334561,95.2362181205216,2.06666666666667,152679089.170339,505715169.751778,,935890271.71539,4.5,5.62072,5.59105084745763,5.54801694915254,6.05781355932203,21177.7410169492,,178.981831833315,128.43,
"1992-04-01",64132289.5542806,126105616.586607,105.916170226121,113.21720956913,95.9692960567736,2.1,152491653.02977,504007195.96553,,941204362.871122,3.75,4.75476,5.69533870967742,5.66862903225806,6.12346774193548,17576.0075409836,,174.33240137916,130.303333333333,
"1992-07-01",64028597.9766809,125678257.441575,106.014918419299,113.100015253861,95.9068200439702,2.16666666666667,153934266.970626,501355878.492794,,942617115.228008,3.25,4.29228666666667,5.211640625,5.223015625,5.97334375,16719.48453125,,172.934667707294,124.893333333333,
"1992-10-01",64161811.7089902,126327261.697353,106.204001265681,113.486373575788,96.0821559306894,2.26666666666667,155683865.069617,503950699.275251,,952611739.215666,3.25,3.97149,4.87635483870968,4.96698387096774,5.65085483870968,17132.0206557377,,170.072514596773,122.978666666667,
"1993-01-01",64512413.7181428,126218283.51157,106.545873422629,113.471823718655,96.481136004104,2.3,154606719.409393,503984630.284332,,954753578.46634,2.75,3.47261333333333,4.36475409836066,4.54019672131148,5.30055737704918,17296.6444262295,,167.881072109542,121.013333333333,
"1993-04-01",65054921.4760082,126774454.497977,106.873854801564,113.44241157829,96.8000173508951,2.43333333333333,157673529.967141,510538773.927426,,968914528.969953,2.5,3.19982,4.65178333333333,4.72955,5.50141666666667,20225.4895,,164.947589926991,110.062633333333,
"1993-07-01",65887554.2753434,127579962.868975,107.354482819196,113.925203235537,97.5801393500932,2.53333333333333,158005715.815843,511243804.7258,,974245544.819461,2.25,3.08328333333333,4.330296875,4.37878125,5.154875,20399.68546875,,162.784204858676,105.574996666667,
"1993-10-01",66423673.7865255,127698269.822685,107.284239874632,114.119080991752,97.1464006021388,2.73333333333333,161368544.092312,511479021.522039,,980951538.916933,1.75,2.48169333333333,3.67227868852459,3.74070491803279,4.39065573770492,18432.7301639344,,162.201717035003,108.14018,
"1994-01-01",66646276,127530352,107.738214616303,114.32865306101,97.6345032610081,2.86666666666667,163195011.594695,513747400.962215,,988079670.832712,1.75,2.27379333333333,3.95883606557377,4.012,4.61140983606557,19474.7578688525,187.491563970527,160.996433546398,107.619716666667,
"1994-04-01",67294000,127255152,108.166370693939,114.700639721944,97.554134701538,2.8,164997912.78366,517755679.187279,,997379631.068927,1.75,2.10932,4.14545901639344,4.16539344262295,4.54834426229508,20397.3350819672,192.265663279928,159.562738957331,103.32686,
"1994-07-01",67665696,128241448,108.009937989204,114.282599138447,97.555548962436,2.96666666666667,168985026.367479,523490507.333126,,1009915686.11585,1.75,2.13378,4.53228125,4.589328125,5.015703125,20369.5704615385,193.515582386495,159.400717242469,99.05081,
"1994-10-01",67810952,127901824,108.175544181996,114.420618192957,97.9417669017575,2.93333333333333,169922424.940489,526638633.49972,,1018003501.2387,1.75,2.26594666666667,4.60254098360656,4.65295081967213,5.01477049180328,19473.2167213115,191.685079552914,158.012368974817,98.8338366666667,
"1995-01-01",68182848,128726776,107.866276245828,113.921312596284,97.8439870267532,3.03333333333333,171036782.267234,531784636.901353,,1027345565.81729,1.75,2.21870333333333,4.41595081967213,4.42972131147541,4.83255737704918,17756.8316393443,193.031146283062,158.217761136523,96.2589666666667,
"1995-04-01",68550776,129692024,107.539837281072,113.687066801721,97.519673213265,3.06666666666667,176368761.116386,533532061.991669,,1034801295.45467,1,1.37166666666667,3.30524193548387,3.36393548387097,3.9071935483871,15848.8282258065,213.218449249771,157.22784797621,84.4313433333333,
"1995-07-01",68945400,131343504,107.586899399802,113.806137313466,97.5794494139473,3.16666666666667,185772533.671881,537680593.484,,1047980707.5219,0.833333333333333,0.8,3.05909375,3.106671875,3.59440625,17224.25421875,191.145173666645,156.996374270161,94.0855833333333,
"1995-10-01",69470272,131764376,107.655461075487,113.882014700063,97.3989103031024,3.33333333333333,192599790.752927,543713138.738104,,1059538947.51341,0.5,0.463333333333333,2.91982258064516,2.96748387096774,3.57548387096774,18499.1924193548,175.639520371278,156.306497663528,101.462423333333,
"1996-01-01",69227576,132246048,107.557706504964,113.373495070653,97.5182711842593,3.36666666666667,199042634.59072,547799924.218865,,1062845920.89221,0.5,0.463333333333333,3.198,3.25074576271186,3.77310169491525,20517.0427118644,167.241395249938,155.941454836447,105.79271,
"1996-04-01",70273472,134008976,107.866616892709,113.441876490158,97.6547378408547,3.4,204812226.840183,553104787.116304,,1077809332.85348,0.5,0.476666666666667,3.2363064516129,3.32377419354839,3.82308064516129,21924.1769354839,164.527073876506,154.10517580344,107.58911,
"1996-07-01",70292072,134034152,107.817102896091,113.322209368233,97.771851089895,3.33333333333333,208620113.026869,556607435.512837,,1085479492.96477,0.5,0.463333333333333,3.0935625,3.169578125,3.716546875,21103.77078125,161.010289644716,153.669297872971,108.940183333333,
"1996-10-01",71065600,135291120,107.939418907378,113.118203750417,97.931147159483,3.36666666666667,213033991.839664,559613982.078203,,1097474402.25428,0.5,0.483333333333333,2.64959677419355,2.73259677419355,3.39620967741935,20800.4580327869,155.197056403524,152.776400154118,112.794223333333,
"1997-01-01",72109128,135531296,107.957606935747,113.055413815468,98.1156912249399,3.33333333333333,218070540.524135,562664147.955638,884122159.888148,1109165003.29239,0.5,0.496666666666667,2.49131034482759,2.58596551724138,3.26022413793103,18289.2432758621,145.789381234572,152.678791950287,121.222603333333,
"1997-04-01",71283248,136018080,109.531571603002,114.288606903585,99.5913890149102,3.33333333333333,221539223.132762,569060336.473257,894458771.421039,1114130117.52645,0.5,0.496666666666667,2.50695238095238,2.59255555555556,3.18355555555556,19576.4765079365,151.639594330988,149.104533644204,119.568093333333,
"1997-07-01",71398352,136008800,109.590437864528,114.064612026442,99.828852215164,3.43333333333333,224867844.482627,573446831.26674,903696933.138644,1120002858.43957,0.5,0.49,2.24895238095238,2.36261904761905,2.97688888888889,19192.5896825397,157.094122976509,148.73968840458,117.934566666667,
"1997-10-01",71190272,136246352,109.493479558095,114.217908310672,99.9805723064818,3.5,233327097.979593,581040541.587535,913985472.330519,1131258227.83784,0.5,0.453333333333333,1.87119672131148,1.95490163934426,2.59491803278689,16461.7185245902,153.495983063226,147.787119273669,125.238186666667,1285127400
"1998-01-01",70991472,134491120,109.346095356829,114.157319466312,100.032366080417,3.66666666666667,237447889.460395,588246774.056027,925859790.85916,1139880914.37359,0.5,0.433333333333333,1.84478333333333,1.92328333333333,2.54771666666667,16538.4513333333,157.182874629046,147.838887187441,128.04851,1286434400
"1998-04-01",70857472,133702704,109.205128596222,113.964279393976,99.9529392214814,4.06666666666667,237369941.050752,588353148.969662,930121708.80591,1141877611.61337,0.5,0.436666666666667,1.57127419354839,1.66116129032258,2.27683870967742,15558.4969354839,146.014958351438,146.36043903933,135.74456,1300342300
"1998-07-01",71201776,133476528,108.974261216794,113.574584362159,99.6061410985187,4.26666666666667,242108305.420941,595732093.497846,941483917.292273,1156592177.8194,0.416666666666667,0.386666666666667,1.33547619047619,1.42274603174603,2.01874603174603,15287.0014285714,141.717899174425,146.467531441104,139.994049333333,1290519800
"1998-10-01",71371976,134821632,109.400093269459,113.805043644033,100.515234416032,4.4,247979381.440854,603943535.906922,951530168.911937,1165974540.01338,0.25,0.23,1.0543064516129,1.12135483870968,1.70885483870968,14079.279516129,161.953275952925,143.757026703945,119.834083333333,1314979700
"1999-01-01",71296400,132268224,108.880793886453,113.217761230069,99.9287621453435,4.6,257192937.9164,610350854.364093,960429716.4722,1177291674.54377,0.25,0.15,1.82043333333333,1.94208333333333,2.71146666666667,14523.7341666667,165.29255687964,144.032463619209,116.53999,1327774000
"1999-04-01",71264096,132253528,108.692080700638,112.760735294168,99.7111594759169,4.73333333333333,265337224.807282,613716077.574196,967105193.639877,1186675906.33903,,0.03,1.39508196721311,1.52629508196721,2.40231147540984,16792.0483606557,160.718148788448,142.35781112615,120.940313333333,1353117700
"1999-07-01",71682048,132148800,108.584764707683,112.07895916741,99.5880806096644,4.7,272814222.198705,615636363.81518,971373305.150548,1191611869.55929,,0.03,1.65546031746032,1.76719047619048,2.64942857142857,17730.51,171.042924366951,141.591369379872,113.610583333333,1363833500
"1999-10-01",71651024,131960952,108.237446139334,111.884321306755,99.4918992748307,4.63333333333333,278727704.703936,620055243.533966,977471042.562828,1200474143.39161,,0.0233333333333333,1.72901639344262,1.74090163934426,2.51939344262295,18179.8886885246,184.011759593961,140.21131978542,104.536333333333,1401629900
"2000-01-01",71947872,133790248,108.039997887094,111.509966251043,99.3092659183501,4.83333333333333,284370163.358917,622285185.685394,980966274.30995,1208916808.92159,,0.0233333333333333,1.71904918032787,1.77596721311475,2.32793442622951,19507.6236065574,177.924875424113,139.73533160115,107.059656666667,1401111100
"2000-04-01",71587376,133835848,107.691579760542,111.049863344436,99.0283413866134,4.7,288298867.797942,625328996.170005,984110349.545666,1225037135.70959,,0.02,1.63964516129032,1.70614516129032,2.11906451612903,17814.1464516129,181.330720090231,138.015233992946,106.607333333333,1401713200
"2000-07-01",71586128,133612752,107.493720830835,110.833412249667,98.9271174560004,4.66666666666667,286681643.417643,627839027.309038,986546563.660487,1232047460.35865,0.25,0.143333333333333,1.70146031746032,1.77166666666667,2.26190476190476,16478.6017460317,180.391431767545,136.957251953646,107.574013333333,1404697000
"2000-10-01",72198152,134454592,107.08650368672,110.465539486705,98.7162617209717,4.73333333333333,291711722.679397,632990207.761505,988693732.043029,1234564807.9257,0.25,0.246666666666667,1.62688709677419,1.73106451612903,2.35698387096774,14828.5096774194,178.812391949486,135.661572203397,109.82099,1408868200
"2001-01-01",72642152,135646704,107.124644969322,110.620048207059,98.8840849783559,4.76666666666667,298574278.465063,638055529.181782,989229755.620751,1248590522.51669,0.183333333333333,0.203333333333333,1.24720338983051,1.35477966101695,1.87137288135593,13214.1525423729,163.97607403367,134.547277738809,118.08564,1394140900
"2001-04-01",72659672,133556600,106.269464871712,109.742550074872,98.3443413136013,4.9,310937777.542496,643366405.291164,991677180.722734,1254782242.41174,,0.02,1.12454838709677,1.26775806451613,1.91062903225806,13454.7732258065,160.074699307552,133.066952509855,122.636943333333,1411632100
"2001-07-01",72372824,131762000,105.90902596157,109.447728669013,98.1993425025329,5.13333333333333,319355211.65494,647590862.954011,992000450.33736,1254997690.36247,,0.00833333333333333,1.20092063492063,1.34098412698413,2.03269841269841,11291.5225396825,160.16345096009,131.794094110906,121.743913333333,1370386800
"2001-10-01",71835928,130974896,105.292828164718,109.182661533487,97.809192398576,5.36666666666667,333046785.437302,654539545.404202,996285119.143162,1259567875.16128,,0.00233333333333333,1.21656451612903,1.35251612903226,2.02748387096774,10480.9527419355,157.042351179195,130.472234022584,123.649293333333,1387645600
"2002-01-01",72092952,131373200,105.07275101556,109.320393561617,97.5055922918705,5.26666666666667,371180119.627813,661760685.31,1001410173.08884,1255731942.01986,,0.00133333333333333,1.38634482758621,1.4641724137931,2.10655172413793,10592.1103448276,145.438072609946,129.63693304749,132.459553333333,1417598600
"2002-04-01",72422376,131052496,104.6886573167,108.189972759504,97.5188670297565,5.4,410235522.664025,665070951.816127,1005233719.26928,1257511082.09133,,0.001,1.26351612903226,1.37591935483871,2.02148387096774,11359.5777419355,149.014024610094,127.278133984055,127.05139,1426656900
"2002-07-01",72338600,131052448,104.474458723601,107.832129981533,97.4063854901069,5.43333333333333,413214954.414702,667705603.261174,1007255047.90508,1261793526.88895,,0.003,1.109109375,1.236546875,1.8900625,9849.293125,155.134190649644,125.703361950583,119.146073333333,1412048700
"2002-10-01",71978376,131103648,104.200775742754,107.584092546828,97.2813340478547,5.33333333333333,418641123.213816,669614311.916082,1007985584.3009,1260921703.98352,,0.002,0.886629032258065,1.01659677419355,1.6813064516129,8730.65080645161,150.134514223377,123.811165667203,122.89506,1419320100
"2003-01-01",72125552,130345128,103.990224372702,106.895473415594,97.2498203791237,5.33333333333333,424794575.419646,672964948.825512,1010629083.26418,1271649556.83578,,0.00166666666666667,0.705741379310345,0.797775862068965,1.32303448275862,8421.895,149.528044597705,122.298831270191,118.821116666667,1409257200
"2003-04-01",71701624,131127504,103.569133403744,106.8128738749,97.2970268155292,5.43333333333333,429569231.007941,676913500.813842,1013102698.47789,1260080497.41903,,0.001,0.532936507936508,0.598,0.961444444444444,8312.48793650794,147.83066924293,119.733553314036,118.439523333333,1432229500
"2003-07-01",71571824,131096128,103.414015871589,106.455880497845,97.1568686884146,5.16666666666667,435809589.226834,679074373.288409,1014699112.95453,1269703318.91892,,0.00166666666666667,1.1145873015873,1.19126984126984,1.63503174603175,10054.8136507937,148.548078434273,117.904881398129,117.569496666667,1442017800
"2003-10-01",72334152,131599952,103.109643397435,105.717012613205,96.9854023806555,5.03333333333333,436804727.91367,680266102.918071,1015736659.74321,1274838572.42055,,0.001,1.29418032786885,1.38144262295082,1.86852459016393,10421.1104918033,155.988425305315,116.222621787969,108.90372,1457892800
"2004-01-01",72339152,132342128,103.124379151103,105.516187609819,97.105341824061,4.9,441735637.727624,684287445.254958,1019762568.37507,1282804061.94996,,0.000666666666666667,1.20883606557377,1.31280327868852,1.87093442622951,11018.2591803279,154.02849297845,114.614655061697,107.22782,1451986600
"2004-04-01",72257672,131912224,102.909641930051,105.19185494548,97.0040970374634,4.73333333333333,446428450.361255,688366969.492294,1023567976.74841,1294234420.50258,,0.000666666666666667,1.4904262295082,1.59365573770492,2.17193442622951,11532.1675409836,151.155158227556,112.595508837099,109.747623333333,1466682300
"2004-07-01",72693072,132619872,102.746669281577,105.101217546382,97.0445467997738,4.76666666666667,453556599.134602,692416758.767362,1025890929.16506,1304224524.37175,,0.000666666666666667,1.5461746031746,1.65344444444444,2.25011111111111,11151.0223809524,149.79799754084,110.858023532666,109.909103333333,1453286400
"2004-10-01",72358728,132479824,102.811354179884,105.18700664765,97.5010582495782,4.53333333333333,456749969.182773,694192260.864874,1026094160.8859,1313455820.31681,,0.001,1.32470491803279,1.45439344262295,2.07796721311475,11016.4867213115,151.876265404421,108.995168986673,105.88573,1469716600
"2005-01-01",72531504,132478824,102.457297997993,104.657918874096,97.1297047820367,4.53333333333333,462571578.773804,698182365.377253,1028432010.72042,1324837416.59592,,0.00133333333333333,1.26998333333333,1.399,2.02945,11594.4851666667,149.332051365019,108.424832791614,104.712593333333,1539740500
"2005-04-01",72742328,132835152,102.100665078029,104.132403715627,96.9130683971893,4.43333333333333,466730807.926644,699271923.31858,1026579483.77328,1323787904.42618,,0.001,1.12754098360656,1.27291803278689,1.93313114754098,11300.6303278689,145.563804117707,107.051698758163,107.63465,1549331800
"2005-07-01",73268304,133643328,101.868509817771,103.711597115429,96.7297384460162,4.3,475940230.992286,705938840.139349,1030743689.45145,1334961539.26026,,0.001,1.21646031746032,1.34546031746032,2.01774603174603,12295.8614285714,140.612201503231,106.002015392063,111.23808,1568476200
"2005-10-01",73303800,133685728,101.880750757099,103.552101239364,96.7613391361528,4.43333333333333,480942519.209329,707462970.928243,1029979153.20312,1341121753.88097,,0.001,1.43819672131148,1.5222131147541,2.06488524590164,14489.9086885246,133.205136501891,105.150215864297,117.287523333333,1631740500
"2006-01-01",73765200,133641848,102.180134398261,103.364223680962,96.9909900427753,4.2,483401991.953364,707787602.991413,1027383163.48926,1356171385.03863,0,0.00133333333333333,1.5236393442623,1.57349180327869,2.01665573770492,16200.5121311475,130.501909085026,104.408077375248,116.883143333333,1620643000
"2006-04-01",73550224,133496224,101.998415447924,103.098467728761,97.0879612877536,4.13333333333333,484273448.198845,706829461.518751,1024185667.56104,1374793871.93821,0,0.0193333333333333,1.85025806451613,1.88698387096774,2.23698387096774,16143.4017741935,130.764466057115,103.371632368777,114.415586666667,1609275400
"2006-07-01",73121352,133057296,102.190293165509,102.962947131569,97.3316121577912,4.1,483523133.527875,709300551.124429,1023774786.25099,1383385246.38411,0.25,0.222,1.74744444444444,1.8014126984127,2.22566666666667,15630.6149206349,128.297909713683,102.516276266783,116.186976666667,1612178100
"2006-10-01",74050472,134980480,101.928871259369,103.042474846692,97.109781243835,4.03333333333333,481726864.589509,712553836.049475,1024487203.83874,1392775883.15094,0.25,0.255333333333333,1.61840322580645,1.70124193548387,2.14879032258065,16476.1967741935,124.673883901745,102.566759862084,117.71154,1645779400
"2007-01-01",73905048,135495680,101.670336905761,102.771782678286,96.8834304183357,4,483201693.965743,715570438.839171,1025049190.64232,1401182794.70433,0.416666666666667,0.377666666666667,1.59410169491525,1.67676271186441,2.10701694915254,17376.5976271186,119.814730925328,102.905721144822,119.433483333333,1638531600
"2007-04-01",74302224,135507232,101.649253160472,102.74577229644,97.0149489431541,3.76666666666667,483148175.239705,719492542.390089,1027161361.98732,1414902687.50744,0.5,0.514,1.67833870967742,1.74682258064516,2.1543064516129,17692.3020967742,115.902262242643,102.261684828247,120.739206666667,1658049900
"2007-07-01",73554352,134119504,101.624866693915,102.246239284746,97.1991172626868,3.73333333333333,481805591.46016,721250186.826047,1026274035.01063,1423347027.45736,0.5,0.498,1.65391935483871,1.72582258064516,2.18640322580645,16908.2106451613,116.789778768016,101.905829817923,117.775973333333,1634835800
"2007-10-01",73964704,134205848,102.012975217839,101.852130635671,97.5957147489255,3.83333333333333,484517658.069625,727555864.779111,1031677899.12987,1436370443.62859,0.5,0.501,1.46916129032258,1.57546774193548,2.13411290322581,16034.3706557377,117.714275148613,101.317216783079,113.065453333333,1602490000
"2008-01-01",74529600,134407024,102.306958309695,101.634817717796,97.8272601715902,3.9,481849144.787544,731814743.913201,1033225809.31215,1444803969.28449,0.5,0.505666666666667,1.27023728813559,1.39596610169492,2.07615254237288,13286.6116949153,122.055710151895,101.152824018731,105.203613333333,1550062100
"2008-04-01",73736072,133397048,102.419650540411,101.485711471953,98.2920900648678,3.96666666666667,481097833.698544,735255670.217044,1035629027.71764,1438936236.22797,0.5,0.506666666666667,1.52524193548387,1.61195161290323,2.23609677419355,13809.5962903226,120.339844869507,99.6640025291194,104.510769206349,1567884600
"2008-07-01",73876752,130807504,102.928039717923,100.764829729178,99.3122708761814,4,479507542.645639,737028926.719602,1035768651.79958,1441331168.16608,0.5,0.500666666666667,1.43298412698413,1.52449206349206,2.15580952380952,12777.1896825397,118.87174461712,97.9985378528171,107.613106666667,1533446600
"2008-10-01",72120800,129230224,102.04828452865,102.058538393574,98.6278998473256,4.06666666666667,479709885.382416,740978147.485907,1039497824.9406,1443783975.03706,0.233333333333333,0.333,1.36034426229508,1.4332131147541,2.08060655737705,8721.28783333333,144.177059546812,97.717864869938,96.1104866666667,1512506300
"2009-01-01",71053528,123054648,101.031956142184,102.118132685999,97.7053134012157,4.56666666666667,482035556.908408,748298177.631051,1046873321.01523,1456875641.79184,0.1,0.110333333333333,1.18564406779661,1.28894915254237,1.89335593220339,7924.66762711864,148.799541449795,97.0055620869187,93.71611,1502135800
"2009-04-01",71322248,124463424,100.513678722098,101.284822883179,97.3613997727654,5.1,483368448.104458,753543313.065107,1052716680.68674,1444906922.86854,0.1,0.103333333333333,1.361,1.45013114754098,2.09267213114754,9302.19147540984,138.223302855769,95.5386728050503,97.2750168350057,1537070400
"2009-07-01",71327152,123408472,99.7906591395038,100.469824175156,97.0973472995135,5.43333333333333,483720999.723205,759043111.803999,1057627093.48296,1451834430.87023,0.1,0.103333333333333,1.22293548387097,1.35441935483871,2.08166129032258,10128.9762903226,139.720986992336,97.2448404975252,93.6090540745804,1533542800
"2009-10-01",71483000,124122000,99.3666307665635,99.8117956615913,96.646653222994,5.2,484745562.743877,763800492.501056,1062513803.76106,1460676705.27651,0.1,0.104,1.18827868852459,1.31972131147541,2.07803278688525,9969.16573770492,141.174295302634,96.9020262593731,89.6801754385965,1545301000
"2010-01-01",71625400,125373552,99.2080963416189,99.7902242523966,96.7506575040298,5.03333333333333,486843982.287831,768349043.85167,1067351556.86178,1468230526.62058,0.1,0.098,1.1888,1.3432,2.14351666666667,10511.1846666667,139.458430020246,98.2513510042382,90.6534333333333,1543339300
"2010-04-01",71979904,126236728,98.9631267390534,99.26222463411,96.6149147365741,5.13333333333333,491314452.020263,775234029.352811,1075281284.86429,1478565300.89837,0.1,0.093,1.11729508196721,1.28406557377049,2.04326229508197,10345.9013114754,138.626383277709,98.3466869523123,92.0212666666667,1536611800
"2010-07-01",72483600,127733272,98.186500603364,98.6635733694403,96.2755578179349,5.06666666666667,495242875.20217,780309005.070755,1080311367.61202,1484086756.77606,0.1,0.0933333333333333,0.90215873015873,1.05590476190476,1.75014285714286,9356.01888888889,146.351475033975,99.4614753855425,85.8553,1534476100
"2010-10-01",71410552,126332648,98.3762907696582,98.3708286945576,96.4452362772545,5,499505253.236711,781652155.804149,1081900132.71637,1486091010.35481,0.05,0.0896666666666667,0.916491803278689,1.05001639344262,1.87934426229508,9842.44426229508,146.473508556214,99.1196490846761,82.5895,1560844000
"2011-01-01",70294672,124668400,98.4632500499052,98.1322162771837,96.2076864342071,4.73333333333333,507386152.562942,788315071.696783,1088395899.93219,1493264239.6715,0.05,0.0876666666666667,1.13258333333333,1.25068333333333,2.02465,10285.2993333333,142.923442454723,99.5977119372462,82.3008333333333,1559056800
"2011-04-01",70639272,122667576,98.22726590163,97.3809574708029,96.241622126071,4.66666666666667,515667993.553309,797090747.481989,1099374138.12998,1496144519.59105,0.05,0.0666666666666667,1.04977049180328,1.18465573770492,1.9663606557377,9609.36229508197,139.861510442187,98.925519408028,81.7053333333333,1568656200
"2011-07-01",71629072,125260976,98.0709269546508,97.0940773653868,96.3773648935267,4.46666666666667,520972543.51502,801621652.519155,1104949446.04774,1499014961.61121,0.05,0.078,0.918698412698413,1.05788888888889,1.82547619047619,9246.34492063492,146.259025395916,99.5522668221021,77.8185793287567,1545715600
"2011-10-01",72085504,125077504,98.122895910226,97.0624899791189,96.1737507423432,4.46666666666667,525874264.308247,806045220.521203,1110126292.21997,1499538860.76781,0.05,0.0786666666666667,0.883,1.00893442622951,1.74854098360656,8580.64245901639,149.243299712482,98.4425168690291,77.4033333333333,1561865000
"2012-01-01",72455576,126865072,98.1797545558829,97.1057287616337,96.5470433528463,4.5,529811810.782472,811674375.642332,1116458341.13528,1505209753.02111,0.05,0.083,0.866770491803279,0.988737704918033,1.75508196721311,9295.33819672131,144.247321271737,98.78819612531,79.268353968254,1578337600
"2012-04-01",72270752,125039472,97.7936227660217,96.6014660799921,96.3773648935267,4.4,532597911.118084,814945490.421028,1120634062.74765,1503089225.86827,0.05,0.0783333333333333,0.771209677419355,0.891016129032258,1.68441935483871,9026.47467741936,143.651945602633,97.6650102251509,80.1754761904762,1576731400
"2012-07-01",71713528,124382704,97.075371237458,96.4683697759579,96.0040722830236,4.23333333333333,539580187.631522,821179628.251342,1128001010.20308,1508067173.17929,0.05,0.085,0.680936507936508,0.797666666666667,1.62688888888889,8886.42222222222,145.500938363826,98.5171061341026,78.6051867954911,1572824500
"2012-10-01",72235152,124329000,97.3534861711851,96.4630921767429,95.9362008992958,4.16666666666667,543303377.762819,826473149.657438,1134095892.55699,1513392159.98403,0.05,0.0843333333333333,0.64258064516129,0.757209677419355,1.68454838709677,9208.59241935484,137.642719128755,98.2554015471098,81.1128047138047,1613751200
"2013-01-01",73281504,125731048,97.3279635156403,96.2604682050142,95.9701365911597,4.2,551408351.759667,836541017.191102,1144701942.81842,1527075554.59077,0.05,0.0826666666666667,0.60848275862069,0.710534482758621,1.68393103448276,11457.5734482759,119.393160575776,98.9884510131297,92.3715107212476,1642827700
"2013-04-01",73756624,126880472,97.2177509191832,96.2591735262968,96.1398150504793,4.03333333333333,560101866.298021,845882981.266899,1154861382.97438,1547136011.53805,0.05,0.073,0.681612903225806,0.734241935483871,1.57172580645161,13629.3258064516,112.34849815563,99.6244850376898,98.7042037037037,1665257700
"2013-07-01",74305400,128218624,97.4144973655439,96.3475527760304,96.8185288877576,3.93333333333333,567257463.536036,853006116.715354,1163265426.94099,1555532574.04336,,0.0726666666666667,0.714063492063492,0.771984126984127,1.68538095238095,14127.663015873,112.936477853689,100.083678288102,98.9664717348928,1668834100
"2013-10-01",74521000,128139048,97.862390757282,96.3792369780537,97.2596928819885,3.86666666666667,574348542.392762,861102020.539543,1172263228.70868,1568719277.20791,,0.0723333333333333,0.574725806451613,0.640758064516129,1.52782258064516,14951.2543548387,110.28872021966,99.5970203811462,100.34044695071,1703584800
"2014-01-01",76144472,129136576,98.0843720906225,96.3965134836969,97.4633070331721,3.66666666666667,579416812.064288,866477484.423449,1177715261.28804,1579103121.18566,,0.074,0.554396551724138,0.62898275862069,1.49472413793103,14958.9256896552,107.729714238169,100.509874433171,102.78787037037,1678980400
"2014-04-01",73756576,129480224,99.8913500128445,98.4033929101945,99.601255620599,3.63333333333333,584080438.583445,871527569.622498,1183556547.73724,1592043978.65826,,0.0666666666666667,0.52408064516129,0.602661290322581,1.47154838709677,14655.0427419355,110.621538916675,97.6345817567501,102.135396825397,1703011300
"2014-07-01",74459504,129572648,99.9654053453428,98.3799033865998,100.04241961483,3.56666666666667,590926698.002473,879190706.237039,1192568131.08434,1604326982.90926,,0.067,0.452857142857143,0.534031746031746,1.39384126984127,15553.1211111111,109.127552765631,97.8739589610852,104.327117794486,1712691900
"2014-10-01",74521624,130534952,99.870387025302,98.6401901169134,99.7369983880547,3.46666666666667,601021313.992319,891185683.998376,1205847623.68875,1620517087.19386,,0.064,0.366,0.448245901639344,1.24983606557377,16660.1393442623,101.291521443694,97.6637259066794,114.528739145844,1750710300
"2015-01-01",74802600,133666448,99.7736469602263,99.5123526331122,99.7369983880546,3.5,608599823.440285,897872775.273937,1213656512.1181,1630536532.88673,,0.0733333333333333,0.275433333333333,0.342316666666667,1.11528333333333,18226.1828333333,100.182125786978,100.579820393001,119.085976430976,1752660300
"2015-04-01",75169128,134544480,100.140719866718,100.000915946032,100.178162382286,3.36666666666667,615458289.679547,905050358.552665,1220784463.24373,1654486931.06919,,0.0673333333333333,0.336967213114754,0.404508196721311,1.1795737704918,20058.1352459016,98.5956899978737,99.5139348554154,121.329796706562,1770756600
"2015-07-01",75383104,134986496,100.138531851621,100.214537458933,100.178162382286,3.36666666666667,621989072.460577,912246130.411802,1228880900.38567,1663065837.80453,,0.0743333333333333,0.321516129032258,0.397564516129032,1.1746935483871,19474.8062903226,99.7901393216046,100.567174795744,122.254047619048,1735036300
"2015-10-01",74739552,134831952,99.9471013214346,100.272193961923,99.9066768473742,3.26666666666667,628161635.523557,918572708.807219,1235747243.31537,1671532909.30657,,0.0763333333333333,0.231770491803279,0.309819672131148,1.07593442622951,19035.4749180328,101.432044893544,99.3390699558392,121.506281979459,1780913500
"2016-01-01",74509672,136312832,99.5619694712279,100.632280925888,99.7709340799186,3.23333333333333,641872736.621856,925600503.012634,1244324126.79209,1679992585.5736,,0.0346666666666667,-0.00883606557377048,0.0548688524590164,0.69244262295082,16843.022295082,107.271164033393,102.173955997273,115.489907850434,1754367500
"2016-04-01",74150272,135838144,99.7079633209305,100.44400173914,99.8388054636464,3.16666666666667,658921547.939522,935342754.161078,1255686975.55298,1681080511.47577,,-0.0503333333333333,-0.169131147540984,-0.121639344262295,0.249983606557377,16393.8357377049,112.840330230107,102.845160589206,108.173092833093,1746503400
"2016-07-01",74331672,135906096,99.548948525936,100.271446323027,99.7030626961907,3.03333333333333,670694260.414022,943172666.13874,1264914263.66808,1688725329.73755,-0.1,-0.046,-0.177887096774194,-0.127677419354839,0.262338709677419,16500.0124193548,119.064039864284,102.832021023305,102.394784688995,1752612500
"2016-10-01",74713000,136136544,99.8213592946135,100.30660431196,100.178162382286,3,685657027.414005,954414100.512362,1277319242.60646,1707289868.97475,-0.1,-0.0433333333333333,-0.044983606557377,-0.00360655737704918,0.460639344262295,17951.927704918,114.201188902345,101.540293022199,109.113814814815,1787872400
"2017-01-01",75168528,136916448,99.9182286212398,100.111686676831,100.04241961483,2.9,698459699.052267,964671717.211583,1288962260.87817,1723321294.05836,-0.1,-0.0416666666666667,0.0395245901639344,0.0739344262295082,0.651639344262295,19245.0103278689,108.946351475034,105.804526728643,113.612041467304,1789797300
"2017-04-01",75619752,137641328,99.966584128776,100.246336605139,100.279969457877,2.86666666666667,709125468.19165,971970740.130575,1297387473.08175,1734232657.54927,-0.1,-0.0543333333333333,0.00530645161290323,0.0423387096774194,0.582338709677419,19520.4314516129,110.118612885631,104.48760632675,111.075092503987,1812134600
"2017-07-01",75422896,139282256,100.025369711457,100.562507380372,100.347840841605,2.8,721390601.811446,980878138.046406,1307641831.96052,1748099287.43917,-0.1,-0.0536666666666667,0.0170806451612903,0.0482258064516129,0.572903225806452,19873.0472580645,107.211996265035,104.709398247399,111.010462519936,1821857800
"2017-10-01",75852672,139199520,100.278037945065,100.440783267071,100.789004835836,2.7,732882966.234077,989015858.930808,1316831949.90177,1759570924.02508,-0.1,-0.0423333333333333,0.0145967741935484,0.0504838709677419,0.582951612903226,22182.0641935484,105.037580777871,102.787267464261,112.966967836257,1862148600
"2018-01-01",76150024,139606800,100.834298583821,100.662905038169,101.331975905659,2.46666666666667,742433159.270324,994627192.176704,1323285085.71435,1765123835.11452,-0.1,-0.048,0.0289830508474576,0.0603559322033898,0.565864406779661,22333.5527118644,105.917701332199,106.058426611079,108.225158730159,1848060500
"2018-04-01",76054400,139725248,100.497332940281,100.362173985244,100.958683295156,2.36666666666667,755090810.633706,1001888139.95012,1331661831.31024,1773142971.54481,-0.1,-0.065,0.0117741935483871,0.0458387096774194,0.519935483870968,22348.1820967742,106.07301672414,105.768565811442,109.082722222222,1865381800
"2018-07-01",76387928,138839856,100.880372312221,100.22666447202,101.501654364978,2.43333333333333,765417011.683952,1008182699.40618,1339311049.00635,1780094380.02118,-0.1,-0.0626666666666667,0.0512096774193548,0.0933225806451613,0.583822580645161,22624.5601612903,107.541116976527,105.402535047075,111.474410485933,1877417400
"2018-10-01",76219648,138362752,100.806297073654,100.117547170578,101.60346144057,2.46666666666667,773265690.472208,1013339542.3528,1345225484.63706,1788776813.51461,-0.1,-0.066,0.0465322580645161,0.10441935483871,0.62508064516129,21937.7167741935,107.426479425333,104.457573033264,112.910425925926,1835089000
"2019-01-01",76149848,139711248,101.037353050101,100.854720833624,101.569525748706,2.46666666666667,783648692.403619,1018630149.46738,1351088351.9562,1800291678.20408,-0.1,-0.0543333333333333,-0.0772241379310345,-0.0154827586206897,0.433293103448276,21006.8377586207,108.10321077593,108.182294187965,110.158296296296,1846069000
"2019-04-01",76387128,140220768,101.1245657481,100.775906918367,101.739204208026,2.33333333333333,792950033.740672,1023777548.6462,1356741838.85757,1798725845.95525,-0.1,-0.0603333333333333,-0.123457627118644,-0.0745254237288136,0.323389830508475,21417.8047457627,108.83171392384,107.023542545519,109.858047619048,1852455000
"2019-07-01",77047400,140364544,101.084872946477,100.691637390104,101.807075591754,2.33333333333333,803307094.507379,1030716988.78222,1364481001.58938,1806006819.85738,-0.1,-0.0586666666666667,-0.250145161290323,-0.197032258064516,0.161483870967742,21264.6422580645,112.359592112197,106.363106470001,107.331851851852,1855321500
"2019-10-01",74794152,137520224,101.588943445157,101.594834433686,102.180368202257,2.3,817718230.400626,1040270414.41099,1375280634.0389,1824523560.10005,-0.1,-0.0343333333333333,-0.145838709677419,-0.0866774193548387,0.264048387096774,23041.5582258065,110.281324248616,104.932375692791,108.690467836257,1887289700
"2020-01-01",75703952,138642928,101.984411689849,101.871998218605,102.248239585984,2.43333333333333,832262081.988504,1050933253.98375,1386615602.23234,1845225392.84208,-0.1,-0.0316666666666667,-0.0815172413793104,-0.0295862068965517,0.257758620689655,21808.8996551724,109.623082825631,106.997065826261,108.850374465576,1817725300
"2020-04-01",69302800,128474496,101.693269805703,102.173122395143,101.942818359209,2.73333333333333,890694755.671514,1097697609.55635,1436870634.34767,1876434934.52344,-0.1,-0.0436666666666667,-0.0364262295081967,0.00945901639344262,0.348655737704918,20784.7003278689,113.657585030555,106.131929145138,107.592254901961,1873882800
"2020-07-01",72851424,135046800,101.43757899648,101.89615401461,101.841011283617,2.96666666666667,917589845.037984,1122939971.49673,1466025926.01533,1903708438.25648,-0.1,-0.039,-0.0147377049180328,0.0320819672131148,0.413409836065574,22906.3409836066,111.216914585779,106.202764248526,106.143141325536,1893297600
"2020-10-01",73873224,137232144,100.989347771778,101.793662609957,101.298040213795,3.06666666666667,931734930.07655,1136674223.04411,1481200302.05935,1926212016.12567,-0.1,-0.026,-0.0203174603174603,0.0275873015873016,0.400126984126984,25194.4322222222,109.264378229959,107.579059681291,104.512558356676,1934187700
"2021-01-01",73276600,137792720,101.751729530981,101.908230388583,101.705268516162,2.86666666666667,949985471.776081,1151172782.53637,1497923092.65195,1949216037.04818,-0.1,-0.0166666666666667,0.0342666666666667,0.0815,0.469516666666667,29001.7068333333,105.462849112946,111.165667203446,105.906597991854,1967366400
"2021-04-01",73825752,138513872,102.075430498285,101.780305201748,101.094426062611,2.9,967326220.203485,1162458084.47309,1511284112.40003,1983442881.86668,-0.1,-0.0193333333333333,0.0321639344262295,0.0816065573770492,0.452754098360656,28983.9413114754,100.999380587425,112.762667825846,109.450064935065,1990990000
"2021-07-01",73137648,137804368,102.249110713091,101.7015091877,101.637397132434,2.76666666666667,981009001.83427,1170073208.63434,1520780979.19496,1994686805.88471,-0.1,-0.0306666666666667,-0.0245081967213115,0.0335901639344262,0.414245901639344,28553.9967213115,101.213863747723,115.044308987265,110.073549642079,1998050200
"2021-10-01",75403928,139113200,102.352911451054,101.490609813446,101.77313989989,2.73333333333333,996084675.161715,1179675916.82325,1531555671.25234,2014325478.70593,-0.1,-0.031,0.0157777777777778,0.0766666666666667,0.466238095238095,28810.0847619048,97.4752003845905,114.346034913704,113.587082788671,2042305400
"2022-01-01",75627296,139165104,103.958750590477,102.187452225847,102.655467888351,2.7,1009376669.2382,1191188359.93765,1544698695.70725,2031194438.09638,-0.1,-0.0153333333333333,0.130305084745763,0.185322033898305,0.618237288135593,27156.3211864407,94.8607246202631,120.194129676648,116.191144781145,2026148500
"2022-04-01",77788272,140141152,104.858010163323,101.707894027753,103.605667260541,2.6,1021870649.75449,1200696801.30195,1555488718.06444,2052372931.22642,-0.1,-0.0226666666666667,0.231573770491803,0.244918032786885,0.792016393442623,26891.3593442623,86.7954181959378,120.271188784936,129.632936507936,2027456700
"2022-07-01",78130272,139379104,105.288050486586,101.559580601467,104.521930940867,2.53333333333333,1033086191.84938,1208607136.9887,1564088560.576,2069717529.50112,-0.1,-0.0263333333333333,0.204338709677419,0.234854838709677,0.886870967741936,27610.5029032258,84.0404189817597,120.620424615445,138.416196172249,2025434700
"2022-10-01",78849904,141777856,106.094589288468,103.00935949782,105.67574446424,2.53333333333333,1043854156.67597,1214912089.83449,1570506053.21032,2081997883.42424,-0.1,-0.061,0.294548387096774,0.295225806451613,1.11846774193548,27362.1561290323,83.7889559662374,118.385710475099,141.752284313726,2037926200
"2023-01-01",80584048,145677856,107.278545155485,104.604566489012,106.320522609655,2.6,1054045647.0899,1221489716.19553,1577137360.85729,2100955701.02765,-0.1,-0.0186666666666667,0.45905,0.46395,1.25196666666667,27290.7163333333,86.3849418029528,121.476768654726,132.260336700337,2053112600
"2023-04-01",80619800,148580896,108.082377836996,106.023792955864,107.033172138797,2.53333333333333,1066197690.5666,1231771636.71559,1587103355.10126,2101295702.6878,-0.1,-0.044,0.357306451612903,0.43591935483871,1.04443548387097,30468.7969354839,84.2844860262372,120.11568745616,137.228927318296,2113713900
"2023-07-01",80586872,148560800,108.639511060684,107.040297566335,107.881564435395,2.6,1076501470.80754,1237563019.04423,1592783774.10725,2110861633.70354,-0.1,-0.0543333333333333,0.532032258064516,0.606661290322581,1.26824193548387,32517.3891935484,81.2743258110145,119.444384070499,144.455172780436,2120902700
"2023-10-01",80757272,149037232,108.965624214717,107.360642232173,108.763892423857,2.56666666666667,1084132543.72302,1243390085.94314,1597692005.75045,2123657404.90791,-0.1,-0.0156666666666667,0.697887096774194,0.772403225806452,1.50904838709677,32478.8075806452,80.3720173435521,117.363689353,148.019963450293,2144473700
"2024-01-01",81106024,148963200,109.94102957273,107.865952714365,109.035377958768,2.56666666666667,1096269199.75867,1252499991.90346,1606288390.3632,2142686354.37225,-0.05,0.000666666666666666,0.615793103448276,0.711586206896552,1.4586724137931,37730.8462068966,79.1775680198212,121.755762144219,148.554259259259,2185880000
"2024-04-01",82281224,152180752,110.691645651187,109.318854718144,109.951641639094,2.56666666666667,1093011731.72443,1249764815.31852,1602164694.8675,2168585988.03604,0.05,0.077,0.834048387096774,0.940403225806452,1.71853225806452,38720.2388709677,76.6000721107177,,155.785795321637,2213601000
"2024-07-01",83087024,153254400,110.962520796744,109.700609105827,110.86790531942,2.5,1096430983.58099,1253028548.68188,1604525119.44406,2178905766.86137,0.05,0.177333333333333,0.837161290322581,0.957532258064516,1.77167741935484,38547.9765789474,75.8160991799717,,157.7425,2179783800
"2024-10-01",83228576,154991376,111.116317526372,110.330344545962,111.953847459065,2.5,1098470965.44017,1260149115.68346,1611290668.09562,2201251160.77208,,0.227,0.903730158730159,1.02369841269841,1.83260317460317,,,,,2230280800
"2025-01-01",,,,,113.056757444642,2.45,,,,,,0.416,1.26305263157895,1.36459649122807,2.05691228070175,,,,,
