"date","pce_nom","gdp_nom","pce_defl","gdp_defl","cpi","ur","m1","m2","policy","cmr_1d","gov_10y","kospi","kosdaq","reer","rrppi","xr_usd","hfwh"
"1957-01-01",,,,,,,,,,,,,,,,50,
"1957-04-01",,,,,,,,,,,,,,,,50,
"1957-07-01",,,,,,,,,,,,,,,,50,
"1957-10-01",,,,,,,,,,,,,,,,50,
"1958-01-01",,,,,,,,,,,,,,,,50,
"1958-04-01",,,,,,,,,,,,,,,,50,
"1958-07-01",,,,,,,,,,,,,,,,50,
"1958-10-01",,,,,,,,,,,,,,,,50,
"1959-01-01",,,,,,,,,,,,,,,,50,
"1959-04-01",,,,,,,,,,,,,,,,50,
"1959-07-01",,,,,,,,,,,,,,,,50,
"1959-10-01",,,,,,,,,,,,,,,,50,
"1960-01-01",49240,56640,0.668201074986375,0.795139439041984,,,,,,,,,,,,57.5,
"1960-04-01",51110,61530,0.65727486157668,0.82559999612264,,,,,,,,,,,,65,
"1960-07-01",54210,65440,0.728369791620132,0.888164749739663,,,,,,,,,,,,65,
"1960-10-01",58260,67130,0.750610527455484,0.905810275952882,,,,,,,,,,,,65,
"1961-01-01",64980,72930,0.830150360142309,0.953935275579704,,,,,,,,,,,,109.166666666667,
"1961-04-01",59020,74920,0.761249392876505,0.939331462990894,,,,,,,,,,,,130,
"1961-07-01",62530,75530,0.80835249098881,0.964353294047377,,,,,,,,,,,,130,
"1961-10-01",66960,79510,0.860077861891907,1.00225292406907,,,,,,,,,,,,130,
"1962-01-01",72520,87110,0.851894520264804,1.07687878818471,,,,,,,,,,,,130,
"1962-04-01",69920,89550,0.816928332205045,1.12863587596562,,,,,,,,,,,,130,
"1962-07-01",77110,89420,0.904028636032499,1.09396016112714,,,,,,,,,,,,130,
"1962-10-01",85440,101430,0.9976036441654,1.20464248854021,,,,,,,,,,,,130,
"1963-01-01",85120,118030,1.018269146514,1.3262350724919,,,,,,,,,,,,130,
"1963-04-01",89990,121570,1.00611525781141,1.40047343256802,,,,,,,,,,,,130,
"1963-07-01",119310,133280,1.3314199765082,1.48424355687042,,,,,,,,,,,,130,
"1963-10-01",124550,148140,1.33077652260904,1.64671023254772,,,,,,,,,,,,130,
"1964-01-01",144490,160740,1.52169446750497,1.68955366062354,,,,,,,,,,,,130,
"1964-04-01",152760,178230,1.59000238144125,1.92996508195107,,,,,,,,,,,,213.846666666667,
"1964-07-01",154490,193490,1.59320257276731,1.95978214375137,,,,,,,,,,,,255.77,
"1964-10-01",162530,211040,1.64294876021611,2.05169225687388,,,,,,,,,,,,255.77,
"1965-01-01",164760,200380,1.62794609969864,1.92777576210543,2.66791288011028,,,,,,,,,,,256.62,
"1965-04-01",163630,204370,1.59814489049659,1.96360647857894,2.73741745785814,,,,,,,,,,,264.65,
"1965-07-01",181060,208180,1.73678301381708,2.0123397071754,2.82401828462024,,,,,,,,,,,271.97,
"1965-10-01",187440,223850,1.76453028960432,2.11058355887765,2.78245048372236,,,,,,,,,,,271.84,
"1966-01-01",190040,242460,1.7650286802194,2.15963172131912,2.88796459545209,,,,,,,,,,,270.933333333333,
"1966-04-01",197450,267760,1.81167007674163,2.24557253974318,3.01174351297562,,,,,,,,,,,271.243333333333,
"1966-07-01",216180,278910,1.98506316572798,2.37763772586909,3.13072472703297,,,,,,,,,,,271.18,
"1966-10-01",238220,284550,2.05534407428408,2.39401716722661,3.22188623779231,,,,,,,,,,,271.18,
"1967-01-01",234620,297440,2.01426500753818,2.42394784138298,3.22946796363262,,,,,,,,,,,270.063333333333,
"1967-04-01",243500,323560,2.04805848627371,2.58016063295909,3.35741224913287,,,,,,,,,,,270.07,
"1967-07-01",260190,342720,2.1658430577095,2.62094516741935,3.44258405215394,,,,,,,,,,,270.253333333333,
"1967-10-01",306990,360460,2.44891955074262,2.73911430533511,3.55931272834332,,,,,,,,,,,271.66,
"1968-01-01",309100,401860,2.41678828964543,2.87991718497534,3.64216525843685,,,,,,,,,,,274.616666666667,
"1968-04-01",308770,424270,2.3394505015017,2.98765432962113,3.68950980579957,,,,,,,,,,,274.76,
"1968-07-01",317480,434230,2.3620749382056,2.89939630185291,3.77557446571193,,,,,,,,,,,276.076666666667,
"1968-10-01",349720,445740,2.5444790577183,3.0392935555483,3.94433670117089,,,,,,,,,,,281.12,
"1969-01-01",376640,477310,2.6594979001284,3.10189583612115,4.03173086741547,,,,,,,,,,,282.18,
"1969-04-01",385580,528580,2.63672558712653,3.30957030201633,4.1150843175903,,,,,,,,,,,284.39,
"1969-07-01",399110,595940,2.66849513339294,3.44318262415205,4.24784964361758,,,,,,,,,,,286.87,
"1969-10-01",446380,629630,2.94436515132178,3.58495065561991,4.52182641178592,,,,,,,,,,,299.526666666667,
"1970-01-01",466200,652900,2.97539359384365,3.78092028288602,4.69192709079902,,265000,612900,,,,,,,,305.78,
"1970-04-01",511100,662900,3.1503700098674,3.67588247799793,4.84926935759042,,287100,657600,,,,,,,,308.786666666667,
"1970-07-01",535600,722900,3.19983241873693,3.97727621537677,4.91145113429181,,300400,696400,,,,,,,,312.453333333333,
"1970-10-01",562300,782600,3.38704601071983,4.01625079997511,5.160035163033,,318400,745400,,,,,,,,315.203333333333,
"1971-01-01",600400,816700,3.47355156362394,4.16271513077261,5.431963309072,,331000,808900,,,,,,,,319.52,
"1971-04-01",636700,855200,3.57037980501783,4.20768307855976,5.46968203912586,,349200,868500,,,,,,,,327.026666666667,
"1971-07-01",682300,880100,3.75517031012652,4.3221674114833,5.63282524125824,,358300,913200,,,,,,,,370.8,
"1971-10-01",692000,921300,3.78269612905685,4.50983458262552,5.72270515564029,,366000,964300,,,,,,,,371.243333333333,
"1972-01-01",732600,971200,3.95115487674168,4.66583960525377,5.93616437090134,,393900,1038900,,,,,,,,379.463333333333,
"1972-04-01",772900,1053800,4.11816635408126,4.91189803092944,6.19589690833751,,431600,1115800,,,,,,,,394.326666666667,
"1972-07-01",807200,1107700,4.25758043686355,5.08846389308306,6.38588025809888,,483600,1213800,,,,,,,,399.083333333333,
"1972-10-01",819600,1185400,4.20907180644268,5.24033339100796,6.33673556255113,,509000,1283700,,,,,,,,398.703333333333,
"1973-01-01",874000,1254100,4.35512166097914,5.33209262702308,6.24215057789365,,594700,1437800,,,,,,,,398.873333333333,
"1973-04-01",935000,1329900,4.56770604124394,5.42812796062006,6.31038764459064,,641900,1531700,,,15.25,,,,,398.896666666667,
"1973-07-01",989000,1467100,4.71663415495044,5.71770799510724,6.41272508292629,,662700,1637400,,,16.7666666666667,,,,,398.363333333333,
"1973-10-01",1037300,1552400,4.88333009641228,5.98071328600345,6.69062677011914,,713700,1748600,,,18.4,,,,,397.153333333333,
"1974-01-01",1207300,1864500,5.5110843556962,6.83282965487001,7.3771952196721,,740500,1821900,,,20,,,,,398.236666666667,
"1974-04-01",1358100,1907000,6.072197005747,7.03305126045342,7.82025460508169,,758300,1882200,,,21.5666666666667,,,,,398.986666666667,
"1974-07-01",1441500,2020700,6.3938481138956,7.35512626922703,8.16595591761996,,817600,2001400,,,21.2666666666667,,,,,399,
"1974-10-01",1493800,2241000,6.68187008417052,8.18667680338427,8.53026154190255,,898300,2114500,,,21.0333333333333,,,,,421.666666666667,
"1975-01-01",1663400,2408400,7.16870171321269,8.62059883931192,9.00619951693938,,948000,2267200,,,20.8,,,,61.4285471475919,484,5125926.50284164
"1975-04-01",1809100,2622300,7.66847116729463,9.00605414269228,9.69200224887415,,1053200,2456000,,,20.8666666666667,,,,63.4392064975901,484,5440007.79473923
"1975-07-01",1913100,2735700,8.00139107578852,9.13422058495068,10.3144480778598,,1157100,2625500,,,21.4,,,,65.6158506234141,484,5883005.53354075
"1975-10-01",1989600,2942600,8.37177575417578,9.52001773828052,10.9386166940651,,1122000,2643300,,,21.3333333333333,,,,67.3383433087691,484,6177560.7543066
"1976-01-01",2208100,3326600,8.74399344306009,10.4319429033754,11.0340188244181,,1209100,2840400,,,21.3666666666667,,,,67.9320618193738,484,6547224.7827781
"1976-04-01",2280100,3636700,8.98890606278957,10.9294078785657,11.3425624146415,,1304000,2958800,,,21.4666666666667,,,,69.2109895713193,484,7000096.50073147
"1976-07-01",2442800,3793500,9.45632983626589,11.1570086008484,11.7482377672303,,1375900,3239200,,17.9,21.5666666666667,,,,72.0567203680996,484,7440098.76271164
"1976-10-01",2514900,3942800,9.62707277531959,11.4651071424287,11.946812303675,,1473000,3558000,,17.9,22.0666666666667,,,,74.3816727166774,484,8099880.26850995
"1977-01-01",2643900,4216600,10.136807562568,12.1277699628418,12.194365353837,,1635100,3821800,,18.2666666666667,21.3,,,,78.1466813971276,484,8711845.08875267
"1977-04-01",2734200,4504100,10.3759370655008,12.3457816252822,12.4675081362696,,1797400,4193500,,18.0333333333333,21.5333333333333,,,,81.5669972926708,484,9408127.03433703
"1977-07-01",2934500,4874700,10.8256286449712,12.5913579716415,12.8678280879264,,1921800,4570900,,18.2333333333333,19.9,,,,87.8047809248625,484,10288020.6147114
"1977-10-01",3221000,5311900,11.1609345360471,13.2405959363915,13.1958820370644,,2113100,4955900,,17.8333333333333,23.1333333333333,,,,95.9660066287074,484,11196648.5838535
"1978-01-01",3392800,5645900,12.1851555379925,14.1599780113768,13.7847714994572,,2230600,5405200,,17.4333333333333,20.7,,,,104.710267212179,484,12125357.3420573
"1978-04-01",3685700,6100000,12.6986412650868,14.84645621701,14.1197866806114,,2372800,5673600,,18.4,20.8,,,,112.333232162585,484,12957434.236876
"1978-07-01",3933500,6644000,13.4299826292862,15.8594771470547,14.76807943582,,2737400,6274100,,20.9333333333333,22.1333333333333,,,,115.705763090483,484,13862179.180509
"1978-10-01",4241600,7177300,13.485082546355,16.3696596933089,15.3934302476776,,2937700,6709200,,20.5,22.7666666666667,,,,114.703250009105,484,15115176.0405201
"1979-01-01",4477500,7654100,14.2834146765452,16.6688031402045,15.8931922061198,,2910600,6965200,,18.8,23.4333333333333,,,,113.895081887603,484,16090037.3304898
"1979-04-01",4792400,8008000,15.2042599931832,17.3295901600324,16.9761500824994,,3176300,7430300,,18.8666666666667,24.2666666666667,,,,113.436559870825,484,16672047.382519
"1979-07-01",5009800,8442100,15.6524667629324,18.8009373364305,17.4997239475339,,3273900,7781400,,18.8666666666667,25.5333333333333,,,,110.247398900072,484,18030662.5363792
"1979-10-01",5471600,8848400,16.4844675053095,20.0052299137632,18.3340530825007,,3659800,8767000,,18.9,27.5,,,,104.862946011242,484,18966582.6276713
"1980-01-01",5712800,9327200,18.0342145831888,20.8577811536094,20.1558042227302,,3874400,9927100,,23.7333333333333,30.3333333333333,,,,101.397078998167,571.86,20034747.4734467
"1980-04-01",6043300,9797000,18.9835769496881,22.0526530327536,21.5224552739106,,3873500,10535200,,24.4666666666667,30.6,,,,97.9967706297272,594.12,20844080.9331404
"1980-07-01",6539000,10367600,20.315237663217,22.9153179230807,22.5674057287451,,4232800,11373500,,23.0666666666667,27.9333333333333,,,,94.144738918768,613.353333333333,22032841.4568715
"1980-10-01",6998400,10931600,21.6524289070918,24.781413349126,24.1755283824932,,4443100,12746100,,20.1333333333333,26.1666666666667,,,,90.8889509402809,651.533333333333,23519596.4525337
"1981-01-01",7267400,11525900,22.1339594705445,25.0852594019073,25.1992743076603,,4879000,13804100,,17.7666666666667,24.8333333333333,,,,87.8389685439911,667.173333333333,24700590.9252465
"1981-04-01",7758000,12413400,23.1059881821366,26.396847012443,26.3386098652822,,5145000,14973300,,18.4666666666667,22.2,,,,85.0972574633661,680.95,26461376.578269
"1981-07-01",8123200,13024400,24.0709725112294,26.6229975378065,27.6867240564829,,4978600,15863300,,18.6333333333333,21.8333333333333,,,,84.0103436972647,685.89,28801287.7500854
"1981-10-01",8504600,13628000,24.4041884596349,27.3545252104849,28.060622600612,,5576100,17479200,,17.7,25.6,,,,82.9650960919763,690.1,31420000.1534591
"1982-01-01",8475600,13803800,24.0881206799951,27.5057974398739,28.1681368489245,,6503300,19022600,,15.5,20.3333333333333,,,,82.1982056356153,710.073333333333,33536027.1687763
"1982-04-01",8837900,14414100,24.5018527365726,28.1159206911912,28.5617884800289,,7460100,21004800,,14.2333333333333,17.1,,,,81.6564484211293,728.276666666667,35916432.7494739
"1982-07-01",9154500,14802800,24.9027647572218,28.2975068071819,29.0051557020592,,8667400,22333500,,13.3333333333333,15.3,,,,83.2457842149352,741.633333333333,38693572.593621
"1982-10-01",9341200,15408500,25.0885258694407,28.436134883155,29.2608125972403,,9166200,23966500,,13.6333333333333,16.9333333333333,,,,86.8140198375602,744.686666666667,40729054.5655197
"1983-01-01",9773700,16576000,25.4598184473033,29.347929276235,29.5918424966837,4.36777700967759,9695200,24841100,,13.6,13.3333333333333,,,,90.8844832400539,753.43,43195441.4253486
"1983-04-01",10031800,16969700,25.5020761127593,29.2094943108248,29.6392556101877,4.02612435886973,10048200,26859600,,13.3333333333333,12.9666666666667,,,,94.369775036725,769.54,45137065.1235117
"1983-07-01",10167300,17806200,25.3462358321784,29.5156117297429,29.7416389563484,3.88252891965868,10356800,28030500,,12.6666666666667,12.9333333333333,,,,97.405480217072,785.246666666667,46239733.4245256
"1983-10-01",10450900,18171500,25.5458931768013,29.7659875577154,29.9534737689238,3.99861363724365,10609500,29437600,,12.4,13.0666666666667,,,,99.9775158129879,794.776666666667,48426098.6733514
"1984-01-01",10860600,19057100,26.1204167723448,30.0040651027933,30.1701328429948,4.06944574103595,11059500,31065700,,11.1,13.7333333333333,,,,102.815865192002,795.726666666667,50733614.3180629
"1984-04-01",11112200,19742200,26.217117661669,30.3970556457761,30.2896664370513,3.72446053493356,11120600,32567600,,11.9,13.9,,,,105.418591945999,798.193333333333,52222810.0726165
"1984-07-01",11509000,20749100,26.5014999117258,31.4198179279708,30.4301401881869,3.75570495044815,11404700,33982600,,11.7333333333333,14.5666666666667,,,,107.186150129296,810.516666666667,54497264.5287072
"1984-10-01",11695900,20847400,26.7718335063498,31.3259514340739,30.7427117995625,3.7520200034335,11259000,35214800,,10.8333333333333,15.0666666666667,,,,108.128057885855,819.446666666667,58278665.7131077
"1985-01-01",11909600,21174400,26.8062228320681,31.0544439126724,30.7533910746102,3.73478906373852,11659300,36182800,,9.36666666666667,15,,,,109.108815209606,838.723333333333,60097363.9180096
"1985-04-01",12264300,22144400,26.9545367233,31.716338160492,30.9749138419438,4.166776218567,12457000,37928800,,9.46666666666667,14.3666666666667,,,,110.097925190302,867.043333333333,62378585.9328447
"1985-07-01",12844300,23184600,27.5529701218037,32.7646875283356,31.2522696725191,4.10771389619839,13006800,39323100,,9.5,12.9333333333333,,,,111.071883839794,882.946666666667,66015316.6811327
"1985-10-01",13192600,23773600,27.8177939167305,32.5623721487162,31.6450913832495,4.18381480822874,13858400,41589800,,9.06666666666667,12,,,,112.010003763552,891.366666666667,69766984.9844916
"1986-01-01",13405200,24822000,27.6628985552723,33.4608384599916,31.8802088991106,4.3870488650341,15691300,45074200,,9.33333333333333,11.0666666666667,,,,117.515084558511,887.096666666667,72778215.7950478
"1986-04-01",13741900,25660800,27.6337448049488,33.2207779472335,31.9678467863506,3.79249633592179,16497000,47694800,,10.3666666666667,11.7333333333333,,,,115.601743374328,887.05,77097138.6535012
"1986-07-01",14310100,27170400,28.0009032120582,33.6397721738326,32.0983816389122,3.46685040659666,17554700,50419100,,9.83333333333333,11.8333333333333,,,,114.424407240588,882.173333333333,81430817.0088894
"1986-10-01",14541200,28091400,27.8252592490381,34.2604301772794,32.1057114390527,3.38369481512564,18698100,53899500,,9.26666666666667,11.6333333333333,,,,114.573201082932,869.503333333333,85726663.6014598
"1987-01-01",14978100,28984400,28.3664146319818,34.3584231827629,32.1576287305415,3.39771945897589,19116900,57917700,,8.8,11.8333333333333,,,,113.060496060411,855.686666666667,90787355.2757477
"1987-04-01",15523700,30739000,28.5765418376478,34.569258783633,32.7256779693203,3.32159903061908,21158700,63216500,,8.6,12.4666666666667,,,,110.803044834829,827.783333333333,97336909.8738313
"1987-07-01",16039000,31854400,29.0753188522842,35.4250676511762,33.2161628691071,2.98537033531852,22794600,66652600,,9.2,12.3666666666667,,,,111.112870133181,807.543333333333,101928532.066613
"1987-10-01",16659200,33650300,29.3787166631888,36.7786421918481,33.8632517893165,2.55540964278631,23525800,70167400,,9.1,13.0333333333333,,,,115.335235343394,799.243333333333,109839697.295378
"1988-01-01",17284100,36001300,29.9609972978314,36.5829487843187,34.5814129125188,2.40478227376446,23894400,75982200,,9.3,12.8333333333333,,,,117.185154609137,771.463333333333,114613045.081989
"1988-04-01",17910500,36240500,30.2656986244403,37.5037679940326,35.0657418495415,2.48954988303356,25866300,81415200,,9.5,12.1666666666667,,,,121.280967354223,735.643333333333,119053562.110672
"1988-07-01",18610000,38016300,30.6029070928954,38.0503326259625,35.5723328524663,2.66848442575494,27463600,87169600,,10.3,13.8833333333333,,,,124.008886838495,722.953333333333,125382893.690593
"1988-10-01",19422300,40042300,31.1562329838099,38.9603517920023,36.1777897672694,2.5550757297508,28308200,90917500,,9.36666666666667,13.2666666666667,,,,123.023176194928,695.793333333333,132709719.052024
"1989-01-01",20197400,40449900,31.481977405412,39.3675913203942,36.5233784128908,2.57978027770886,28541800,96222500,,11.7,12.5,,,,126.182714370698,677.46,138310262.21567
"1989-04-01",21082000,41412700,32.0759960053232,39.6397306748653,37.0135316261784,2.6534716070629,30012900,99746100,,13.4,15.9,,,,133.522854471949,666.876666666667,144044936.174761
"1989-07-01",21868400,42898200,32.4634046167399,39.9233548235896,37.5862684570956,2.50300588617842,30837900,105619800,,13.2666666666667,15.6333333333333,,,,132.223822068982,668.563333333333,152552090.347388
"1989-10-01",23048500,45947700,33.3264882819586,41.1890364274845,38.3377919194544,2.5635376479871,33730800,114191800,,14.7333333333333,14.9333333333333,,,,132.213915429348,672.923333333333,174346957.812342
"1990-01-01",24108700,48114900,33.9743738880768,42.6846126707307,39.3162497221014,2.48941124918858,36679600,122739800,,11.8666666666667,14.3333333333333,,,,135.363255593731,690.36,182274542.691831
"1990-04-01",25255900,50266900,34.826578756177,43.610627244015,40.2420370795194,2.33780684556239,38329700,128388800,,15,14.7,,,,141.06054462237,710.206666666667,191883588.56037
"1990-07-01",26422800,53343100,35.679804503754,44.6955851974592,40.9671822736691,2.45233630381721,38974600,133746000,,14.5,14.9666666666667,,,,142.091612135634,715.48,203099985.102528
"1990-10-01",27673600,54987800,36.5725003925741,45.2116333402083,41.7535995241006,2.50907315425794,42272400,143728700,,14.7333333333333,16.1,,,,146.652259952166,715.016666666667,216987681.307811
"1991-01-01",29173500,58488800,37.9261996352527,46.3928449367972,43.137582857084,2.40452464126799,43648700,150641600,,13.8933333333333,16,,,,144.89956172832,721.62,229214662.974622
"1991-04-01",30527100,60972100,38.7017925577749,47.5521379275544,43.8042520920458,2.2433734347643,45991500,157057600,,16.6433333333333,16.3,,,,146.996078621812,725.326666666667,238501528.669488
"1991-07-01",32196600,63709200,39.6314718498508,48.5805681684478,44.7884153312884,2.29162144256583,48311600,165684300,,18.62,16.6333333333333,,,,142.43873301849,733.273333333333,250237474.02477
"1991-10-01",33662300,66794900,40.6316678527767,49.6548240786298,45.6956964970729,2.35241064795145,51779200,171544000,,17.3433333333333,16.9,,,,136.611977807185,753.096666666667,265275100.498693
"1992-01-01",34655100,68633700,41.4061467603414,50.15392681907,46.2090702555548,2.36484547946953,53442300,181428900,,14.4633333333333,16.3666666666667,,,,131.028906506088,766.53,276026199.641267
"1992-04-01",35927000,71174100,42.1981977508219,51.6216793697956,46.877509535272,2.34959386532785,55901700,188854400,,14.89,16.1333333333333,,,,126.077140671855,783.376666666667,287165268.503999
"1992-07-01",36911400,72366400,42.8726575721194,52.4233520014478,47.4933697867881,2.42259308822511,58638500,198460200,,14.8966666666667,14.8333333333333,,,,122.869040537095,787.34,299125985.564468
"1992-10-01",38131200,74263300,43.3683132561418,52.9639440206565,47.8607235316883,2.48860303587849,62124700,208878600,,12.7866666666667,13,,,,122.560380725758,785.436666666667,314315050.033248
"1993-01-01",39610800,76878400,44.1988878326427,53.7131301081843,48.3294332412249,2.65170667519801,65965800,220610100,,11.37,12.2133333333333,,,,119.918221661062,793.896666666667,324469938.344789
"1993-04-01",40717400,80415100,44.9421641807166,54.8009849933523,49.0841938802411,2.99246908276504,67821400,229326900,,11.5966666666667,11.4,,,,116.510434750938,799.486666666667,336741297.44599
"1993-07-01",42024000,82800600,45.4776730024468,55.4130209007155,49.6095670356483,2.77003858149759,74462700,240657000,,13.3133333333333,12.4833333333333,,,,114.110114242009,807.86,354282144.050286
"1993-10-01",44021400,85553700,46.4911722097988,56.1499334702968,50.4615750372434,2.78356584383202,72851800,245569400,,11.6233333333333,12.2266666666667,,,,112.436863383069,808.91,367470784.720336
"1994-01-01",47243800,90883700,48.4581687517433,57.9281267388792,51.4626490383875,2.57324928008173,75590700,261728000,,11.15,11.9666666666667,,,112.3741735421,109.33686216902,809.083333333333,384229589.987088
"1994-04-01",48879800,94066300,49.3183177204617,58.9746464241845,51.9706142048291,2.45400589037704,79926500,276755900,,11.95,12,,,111.075941740241,107.663222814408,807.25,401363606.46161
"1994-07-01",50827600,97731300,50.2564406013327,60.3002381037275,53.0582406192833,2.33117619663102,81371800,286946800,,13.28,12.2,,,109.832338504302,105.713654408819,803.103333333333,421153168.610051
"1994-10-01",52665700,102315300,50.532069971859,60.6706950254784,53.3605938429202,2.18571449565328,83616800,297561600,,12.75,13.0333333333333,,,109.019336905613,105.932474596025,795.65,443572315.63329
"1995-01-01",55532200,106647400,51.4430613212847,61.872873802147,53.8918284419231,2.08106620430547,87076200,310961300,,14.1666666666667,14.0333333333333,,,109.993010757007,104.119073923442,786.633333333333,457515594.575147
"1995-04-01",57863300,111663800,52.4297473339235,63.5710887797559,54.509338414923,1.98399371852502,89476800,329349700,,12.8866666666667,13.4,,,108.49233191674,102.624628197501,763.313333333333,474380683.797264
"1995-07-01",60160200,116324600,53.5610106542151,64.8603065507124,55.1574458603192,2.0060292847721,89517500,345439400,,11.3666666666667,12.0333333333333,,,112.345252536613,101.578409353033,765.773333333333,491640177.467526
"1995-10-01",61974400,117551300,53.8800952918954,64.3247971170447,55.688772334565,1.9803812515106,96576700,366621600,,11.1033333333333,10.1333333333333,,,114.154422102075,101.175830713011,769.296666666667,517985507.054864
"1996-01-01",64351300,122197900,54.9408809273812,65.5508858427868,56.3926807377576,1.8937983111603,97770500,382131100,,10.4833333333333,10.5,,,114.916008579898,99.7092595515303,782.933333333333,529012190.065003
"1996-04-01",67109400,125187100,56.1503391148676,65.8855145079178,57.2054826083007,1.97267821406525,102200900,400530700,,11.08,10.4333333333333,,,115.908963101617,98.3257293399216,786.183333333333,548477685.998807
"1996-07-01",68516500,128777500,57.0959045537266,66.5468561201046,57.9797588137845,1.9677087117972,105486600,414432900,,14.08,11.3133333333333,,,112.387027322317,97.4594811154682,817.11,570402690.29011
"1996-10-01",71424500,131605800,57.5195824873208,66.8345209242757,58.4633734155545,2.18967641484631,109948900,428974200,,13.75,11.34,678.869160970052,,110.921696377644,97.6815063919678,831.603333333333,594103790.4493
"1997-01-01",72194300,132944000,58.5710387958708,67.1898443919027,59.0236838282433,2.64699899681183,115742800,447989700,,11.93,11.2533333333333,674.42114658043,,110.719249339235,98.0639803809686,865.38,614896726.389306
"1997-04-01",74511500,138233100,59.2407344253281,67.4943343102,59.5588790503042,2.57075888056801,117752200,471436500,,12.1833333333333,11.2866666666667,723.0458984375,,108.068157169598,97.6784955505105,891.7,637538426.246013
"1997-07-01",76363100,142223200,60.1340714031459,68.7699593452157,60.3058726799436,2.32206889817966,124162100,490967100,,12.3233333333333,11.3666666666667,724.910163254034,,109.684520031813,96.7311488545448,898.643333333333,661586668.885722
"1997-10-01",77337700,147101700,61.4924924472495,71.5664276145772,61.3666272996276,2.78435983374205,124650800,514939400,,16.2833333333333,12.8933333333333,495.771999104818,,92.2837150638271,95.269725260717,1143.83666666667,684294158.288912
"1998-01-01",69062600,141940800,63.726838127624,74.0257947223792,64.2875326771858,4.85015181188517,105335100,558275000,,23.7466666666667,15.6766666666667,509.613052626788,,69.5132434104292,87.9192900241596,1611.71333333333,706539567.656514
"1998-04-01",68776100,136678400,63.2059846858047,71.841886593784,64.4587287507628,6.95618047383822,101218600,587501000,,18.7533333333333,14.8866666666667,372.439678069084,,80.3264860174972,81.4301496922386,1394.59,721831476.829493
"1998-07-01",70378300,138052000,63.2177042611703,71.1711767946664,64.5600402671068,7.86614335052017,117618900,621343900,,10.2333333333333,11.9266666666667,317.911845515325,,85.7636350490452,79.6125726911824,1324.93,731612263.369123
"1998-10-01",72766500,140115800,63.8570918816069,70.4783917332022,65.0016788820236,7.94512014514992,117883000,636762400,,7.2,8.69666666666667,434.842498779297,,84.1761931923166,78.4185312435504,1281.5,745540343.039702
"1999-01-01",76034600,145356100,64.5773398979444,70.9119119299867,64.7355148602077,7.28651929884002,128647200,664618600,,5.66,8.10666666666667,574.37017046395,,90.6673522016115,79.5094270902888,1197.63666666667,763034038.619958
"1999-04-01",78403300,148804000,64.4871068232834,69.5755947054605,64.8600621980135,6.96599536354067,147921800,673095700,4.75,4.78666666666667,7.87333333333333,770.82555280413,,92.3383436297469,79.9087035170999,1191.85666666667,780435872.911026
"1999-07-01",82429100,157025300,65.2357892600117,71.3695904782793,64.9864803927446,6.36666666666667,156970800,677834300,4.75,4.74,9.12,944.323278427124,,90.6962732070985,80.6946302613847,1194.26666666667,799014485.81854
"1999-10-01",86198400,161883900,65.9317966314683,71.6593481574709,65.8314172905097,5.26666666666667,166842300,669798800,4.75,4.76,9.76666666666667,920.515237475198,,91.5799705969778,80.3687795165657,1173.99666666667,810462754.455387
"2000-01-01",90233600,164844800,67.7220191713094,71.5429300092589,65.9856538707169,4.76666666666667,172859500,683311200,4.91666666666667,4.95333333333333,9.3,910.436775453629,,96.6186524418166,80.1921111097622,1125.68666666667,839152987.67591
"2000-04-01",90281600,166144700,66.8352063940045,71.0129718248914,65.8890881364758,4.33333333333333,184441600,686899300,5,5.10333333333333,9.03666666666667,765.199659444518,,98.2735766446813,80.573905231337,1116.16666666667,850711201.406459
"2000-07-01",93190600,171511600,68.4719789558955,71.3477416516298,66.9150734167464,4.23333333333333,182615500,697329900,5,5.12,8.10666666666667,715.710168457031,,100.426584830933,79.5045708943899,1115.31,870326693.068503
"2000-10-01",95249700,173231400,69.5780727639011,72.303365811621,67.5131445449016,4.2,191344800,704065600,5.25,5.33,7.76333333333333,540.45699818929,738.360781202129,97.9329514689461,78.8469448457551,1164.28666666667,885901730.272893
"2001-01-01",96938000,178437200,70.544274856298,73.734432343431,68.4286441566407,4.53333333333333,201026200,717620700,5.08333333333333,5.14333333333333,6.68666666666667,573.416333007813,753.846663411458,91.5606899266531,77.3357938059221,1271.23,901612007.708587
"2001-04-01",100476800,182705600,70.4590236720336,74.3767151080031,69.2046609586885,3.93333333333333,210716900,738363600,5,5.01,7.48666666666667,578.710968509797,775.048388081212,91.9334495529294,77.8763855333924,1305.94666666667,921120105.979407
"2001-07-01",103122900,185829200,71.1923729030884,74.6969350581548,69.7398798356209,3.73333333333333,231949600,765193100,4.41666666666667,4.56666666666667,6.43666666666667,542.944445413256,645.363496326265,93.0517284317585,80.4708567543615,1293.89666666667,948806632.577607
"2001-10-01",105883500,185751100,71.5360160339396,73.5476401060832,69.7591061557794,3.7,245247900,763847000,4,4.01,6.81,597.159344782595,665.198360255507,93.398780497602,82.9451856887907,1292.08666666667,974896237.199271
"2002-01-01",110847300,196909900,72.1731505927165,75.8529968680188,70.1641959933536,3.46666666666667,264984700,798918700,4,4,7.09,791.800677800583,800.506781109309,93.63978887666,86.8581140963226,1319.61,1000627050.26389
"2002-04-01",113979800,202265700,72.72569783859,76.4606518510366,71.0615570210192,3.26666666666667,261037200,821128200,4.16666666666667,4.18333333333333,7.05,842.970495005123,759.047539382684,96.7600440241972,89.0789496048271,1269.48666666667,1027755863.45539
"2002-07-01",115739100,204331400,73.4934172512278,75.833087668971,71.4627660541483,3.13333333333333,267525400,848773900,4.25,4.29,6.31333333333333,723.628546930129,581.661291799238,100.159868891442,91.8735932207505,1196.66333333333,1050897475.1105
"2002-10-01",117090900,209718400,74.406229233319,77.1041833201305,72.0972261516653,3.1,280846700,871564100,4.25,4.29666666666667,5.89333333333333,672.584354523689,489.959676927136,98.7877278533384,93.9031917347546,1220.65,1082749267.70058
"2003-01-01",117591300,211994300,75.1775368879212,78.3620014302017,73.0304863280869,3.26666666666667,277142000,887466400,4.25,4.27333333333333,5.26,591.088225333921,425.856450726909,98.8616370895828,92.8332746542995,1200.95333333333,1082997365.55322
"2003-04-01",117276900,213958000,75.4001093942816,79.035606809587,73.4127951732744,3.53333333333333,275001000,880029800,4.08333333333333,4.10666666666667,4.72333333333333,619.819015753074,451.788524690222,96.933570057119,95.0608117131445,1208.87333333333,1123421334.99415
"2003-07-01",118052600,216793600,75.665157446419,78.8226376074651,73.6980758807192,3.66666666666667,281080100,889643200,3.75,3.77,4.99333333333333,724.820003321913,493.773771692495,99.9027932871133,96.4539571926331,1175.39333333333,1142964733.95556
"2003-10-01",119769300,225364700,76.6779338755695,79.901561446577,74.6478690655841,3.8,295032300,895639800,3.75,3.77,5.21666666666667,781.707301548549,462.514286586216,96.5672373209509,96.6509244982943,1181.36333333333,1168605207.56023
"2004-01-01",120832700,230492200,77.4437848237562,80.5729129531286,75.4163375068572,3.5,307305000,911447100,3.75,3.76666666666667,5.37,863.854667154948,439.044667561849,96.4547667440571,94.4535929779407,1172.45,1188859440.82807
"2004-04-01",121556800,234608800,77.6863359834615,81.3336931712091,75.924461731322,3.6,304804300,923962300,3.75,3.75666666666667,5.14,824.512787365523,417.558032426678,98.5981345951461,94.0016753875851,1162.29,1195723381.53918
"2004-07-01",123364700,237374200,78.7139948910887,82.0824028732623,76.8621858558496,3.73333333333333,298608500,941989400,3.58333333333333,3.63333333333333,4.45,781.629050602989,356.532857743521,99.9317142926002,92.2144981728563,1154.87666666667,1227221721.10877
"2004-10-01",125044700,240410100,78.9388841181491,82.4563488530772,77.1654397041104,3.76666666666667,318060000,953841500,3.33333333333333,3.38,3.95333333333333,861.953386042668,369.983383882963,102.328944302964,91.3872937634304,1095.38,1244262667.69591
"2005-01-01",126937400,242443900,79.3369993193732,82.3827135716967,77.8834931995307,3.66666666666667,334382800,969658200,3.25,3.25666666666667,4.69,951.791165161133,466.309498596191,109.154301597886,89.8017458024257,1022.71666666667,1270128367.00819
"2005-04-01",130531100,246146800,79.6697995621987,82.1015772771618,78.1940278716454,3.73333333333333,345037800,995096200,3.25,3.27333333333333,4.52333333333333,962.013544882497,459.408869589529,112.126738272934,90.764438077432,1008.00666666667,1303985833.50175
"2005-07-01",132762800,251198600,80.0601672427027,82.6266429731771,78.6419581605631,3.83333333333333,341871500,1013018500,3.25,3.25,5.04,1110.38390827179,526.691406726837,111.034166954538,92.0574487974845,1029.31333333333,1350900897.72632
"2005-10-01",135324100,255386200,80.7484592221628,83.0511155962156,79.0606655559589,3.7,325588600,1017302300,3.58333333333333,3.54333333333333,5.54666666666667,1261.96730259487,656.00301203652,111.397286245652,92.2828734111134,1037.27666666667,1412220019.88772
"2006-01-01",136439300,256208900,80.619612067232,82.0148877610549,79.5160013880546,3.46666666666667,327706700,1038058300,3.91666666666667,3.87666666666667,5.42666666666667,1350.76316809276,674.212694924975,117.608875535239,92.2793769500662,977.446666666667,1423273058.88187
"2006-04-01",139323300,257867800,81.2659553671775,81.9544278033977,79.9513840161119,3.46666666666667,342682200,1075247300,4.08333333333333,4.03333333333333,5.3,1349.64114129739,643.478852819224,118.894253556882,93.7905279898991,950.333333333333,1443009622.59649
"2006-07-01",141174800,264056700,81.4181281231123,82.6263834068002,80.6139211039596,3.5,336079400,1112574300,4.41666666666667,4.36666666666667,4.99666666666667,1317.47317553323,571.422696552579,118.756075419555,94.149400866831,954.85,1487166645.71696
"2006-10-01",143761500,267529800,81.6987858935581,83.0236413292941,80.735836069722,3.5,361484400,1144573100,4.5,4.48,4.88333333333333,1392.84849446615,598.36050008138,119.469460221567,98.7151962510168,938.733333333333,1532351417.1883
"2007-01-01",145742900,274061700,81.7909128288216,83.5692716666565,81.1195928496528,3.2,313675600,1160311500,4.5,4.61,4.99666666666667,1414.03459192495,607.546229628266,118.765715754718,101.246731173136,938.88,1554005146.07251
"2007-04-01",149860300,280666000,82.747643426565,84.1584569897491,81.9062024544352,3.3,309469100,1193136800,4.5,4.61333333333333,5.25666666666667,1626.75678277785,721.38080523091,118.797850205259,100.676419526764,929.243333333333,1641904996.74386
"2007-07-01",152148600,285548700,83.0813873216856,84.6205246206805,82.4715760058346,3.3,296231500,1224764400,4.91666666666667,4.85666666666667,5.48666666666667,1866.94583740234,784.819167073568,117.046522650771,100.497905765519,928.353333333333,1708335893.50175
"2007-10-01",155147100,294264900,83.859508937527,85.5195580615321,83.4629584887776,3.26666666666667,308233900,1277716200,5,4.99666666666667,5.66333333333333,1947.07080078125,762.253547914567,113.919840613125,100.531025021549,921.026666666667,1721881696.66901
"2008-01-01",158740200,294845200,84.9566018252022,85.0469785490646,84.1976081294504,2.96666666666667,295571500,1325472100,5,4.97666666666667,5.4,1691.74000224129,647.65262191022,106.223639708541,100.161857009312,955.646666666667,1718315739.49006
"2008-04-01",161401200,302275800,86.4609498200959,86.8740863417104,85.8760122650171,3.13333333333333,307760300,1362676100,5,4.97,5.52,1792.66283569336,638.837831624349,98.4824505731982,100.219451492673,1017.55333333333,1743876310.40468
"2008-07-01",162960300,305991500,87.3152027868813,87.3621357157766,87.050047863898,3.23333333333333,318818200,1393143100,5.16666666666667,5.13333333333333,5.97666666666667,1519.2115650177,497.17406129837,96.0434457771315,100.034624676759,1063.68666666667,1720817592.59415
"2008-10-01",157989000,299860500,87.7992552954873,88.6009378437599,87.2154490391821,3.36666666666667,321234400,1420513900,3.75,4.05,5.37666666666667,1132.20808919271,328.524762834821,78.1252761554343,99.9942211268802,1363.61666666667,1695110600
"2009-01-01",157991100,301904400,88.1915078377663,88.9702261412059,87.4706025405653,3.4,346707700,1477172300,2.16666666666667,2.08666666666667,4.87666666666667,1145.18064905386,375.363443343366,76.8527519140082,97.8859522393133,1412.51333333333,1747920800
"2009-04-01",164598800,310712600,88.7723355767258,90.3446354607946,88.2569683991589,3.83333333333333,368128400,1504947600,2,1.88,5.07,1371.28523763021,510.41460406591,84.3818536757795,96.9098568636259,1287.32,1847211600
"2009-07-01",167568800,320180500,89.3636397875681,90.3415665795083,88.7926858802767,3.76666666666667,376292400,1530457400,2,1.96666666666667,5.33333333333333,1564.00969534209,511.427729751125,85.5419073403119,97.2802874867972,1240.50666666667,1932784500
"2009-10-01",169400100,322508000,89.3702604143779,90.3365806762753,89.3171601219395,3.63333333333333,380301400,1564576200,2,1.99666666666667,5.38333333333333,1620.23888772631,492.445874895368,88.5593322461177,98.3029052191965,1168.64333333333,1975889000
"2010-01-01",172418600,334477300,90.2072865605464,91.5444207655042,90.0422433180587,4.1,386158400,1616280100,2,2.00333333333333,5.19,1650.23622806737,520.021148181352,91.8916747672261,97.6006992922094,1144.51333333333,2025540700
"2010-04-01",174952800,343685500,90.7912621987801,92.5690015612998,90.6316285370544,3.43333333333333,402894500,1644664200,2,2.00333333333333,4.93,1692.17241840978,501.630966678742,91.8820344320637,97.4778375359662,1164.18333333333,2077926600
"2010-07-01",178066400,347423400,91.4903287573771,92.633904007576,91.3543741372233,3.7,402569100,1653930400,2.25,2.25,4.62333333333333,1767.4917437841,482.920317634704,89.1891674767226,96.6345105561558,1184.74333333333,2147093900
"2010-10-01",180856800,353874000,92.1115922916782,93.0405137645692,92.2047489933522,3.56666666666667,418093500,1654675800,2.41666666666667,2.37666666666667,4.35,1939.72753342849,510.060460486779,89.896125388626,96.7935995338052,1132.4,2214887600
"2011-01-01",185401900,355795000,93.3586860794823,92.6608858157202,93.4655823275373,3.66666666666667,422908000,1680236300,2.83333333333333,2.77666666666667,4.65333333333333,2033.85516153971,518.875666809082,90.802316893884,96.642668965266,1120.22,2257335700
"2011-04-01",188329400,358455700,94.1071223256291,92.9503537558834,94.265835107833,3.33333333333333,417457500,1691081900,3.08333333333333,3.07666666666667,4.35333333333333,2116.46353444745,497.439192248929,91.8016983057111,98.1429421262854,1083.88333333333,2288063600
"2011-07-01",190001200,363290800,95.0842798345249,93.770412123008,95.3058075084746,3.3,421944600,1730154100,3.25,3.25333333333333,3.98,1938.04983375186,487.483489021422,91.7920579705488,98.5468805011594,1083.76,2245728900
"2011-10-01",191673600,371034100,95.6374461483626,95.1310835377503,95.8552517101231,3.23333333333333,428250300,1745479000,3.25,3.25333333333333,3.82333333333333,1852.14033163747,490.541902087984,88.2476280758694,99.6178659447122,1145.07,2332398200
"2012-01-01",194232300,373759200,96.3148918346126,94.9222758636313,96.2568461352622,3.3,443130600,1781796600,3.25,3.25333333333333,3.85333333333333,1973.86516152659,527.482259934948,89.4333893008347,99.2415107625442,1131.7,2390670700
"2012-04-01",195221100,374345700,96.4864518570563,94.671539433368,96.5834887908107,3.2,439542400,1793953800,3.25,3.25666666666667,3.76,1909.89754498591,481.579015512935,88.4950633450356,99.3161990554699,1151.77666666667,2400913700
"2012-07-01",197319500,376166800,96.6659559241909,94.7098394181623,96.8370767182318,3.16666666666667,446432200,1814426900,3,3.02333333333333,3.14666666666667,1900.47421455383,494.165000915527,90.3556480313632,98.8469934077141,1133.27666666667,2466522600
"2012-10-01",199458700,380402400,97.4446602563821,95.068470953273,97.4853546259224,3.13333333333333,461093000,1840118200,2.75,2.76666666666667,3.03,1938.01131451716,506.289506755891,92.7753721571053,98.2161735604414,1090.47333333333,2514062400
"2013-01-01",199610100,385330900,97.7182195771188,95.5423909423829,97.7570462718196,3.13333333333333,472618300,1863650900,2.75,2.75,3,1985.51426221504,523.373935386783,94.4752845907276,97.3051512097998,1084.74333333333,2552380700
"2013-04-01",201079600,390551300,97.4278946303213,95.75474803751,97.7711877047846,3.03333333333333,492009200,1880737500,2.58333333333333,2.59666666666667,3.01666666666667,1934.23901760963,552.118870888987,92.0298529045526,97.3856669378043,1122.57,2581536400
"2013-07-01",203251500,395650500,97.7880447486783,96.0416497554564,98.1604247755476,3.13333333333333,497420600,1904728300,2.5,2.49333333333333,3.53666666666667,1912.99951959425,534.670159124559,93.7940342392571,96.918209520572,1110.52,2629103900
"2013-10-01",205737400,399405500,98.3608217093835,96.111052955019,98.5071640119392,3.13333333333333,505709800,1925002700,2.5,2.5,3.559,2009.64952628843,513.792419925813,96.9239297219567,97.3158348407775,1062.09666666667,2678340100
"2014-01-01",208339700,405391600,99.0628620784502,96.8089583380342,98.8684250820937,3.36666666666667,518567500,1966281400,2.5,2.49,3.57066666666667,1946.2306588595,525.283769951492,97.3416775789905,96.9935776809236,1068.98,2727172200
"2014-04-01",208120400,407901800,98.8750295058758,96.4923500160001,99.3577098959438,3.53333333333333,534302900,1996979200,2.5,2.48666666666667,3.40933333333333,1993.35599772135,548.500835164388,101.117475517565,97.1608250676832,1029.63333333333,2782178800
"2014-07-01",209479500,409878000,99.0340502592107,96.7107180902623,99.5119945625746,3.53333333333333,553260300,2040018600,2.33333333333333,2.35333333333333,3.05133333333333,2040.8882288779,561.09435641381,101.795512423982,97.3188456822348,1026.17666666667,2843913300
"2014-10-01",211040900,415313300,99.2416781064015,97.4741328895738,99.4533777169653,3.56666666666667,575571900,2083218200,2,2.01,2.714,1947.93935665008,546.519035093246,98.6624034962282,98.369629350848,1086.57,2900877800
"2015-01-01",213681400,428801500,99.5657196961413,99.7772836485832,99.5760287764925,3.53333333333333,602736100,2130742300,1.91666666666667,1.93333333333333,2.34566666666667,1965.92483113607,606.435334269206,101.589851940519,98.4029428547148,1099.94333333333,2992436600
"2015-04-01",214688100,432478700,99.7211261412099,100.201992422103,99.9192017061052,3.7,640185400,2185308000,1.66666666666667,1.68,2.37833333333333,2094.01886576991,702.193066012475,101.830860319577,99.4596510823247,1097.37666666667,3075144400
"2015-07-01",217388900,438155400,100.452997287459,100.033174968381,100.162186134918,3.63333333333333,681577000,2222873600,1.5,1.48333333333333,2.32466666666667,1986.94317723834,710.190476190476,97.3031162383412,100.428365040246,1169.02666666667,3120148700
"2015-10-01",221030400,441340300,100.26015687519,99.9875489609321,100.342583382485,3.53333333333333,697722200,2252171200,1.5,1.48333333333333,2.17433333333333,1999.62555803571,676.441111731151,99.2761715015625,101.709041022715,1157.46333333333,3182275800
"2016-01-01",222326500,451416200,100.683116246705,101.880368153739,100.447063871273,3.73333333333333,722197000,2299682000,1.5,1.49,1.90166666666667,1926.45100301107,672.545834350586,96.3840709528668,101.644744989013,1202.41,3237831600
"2016-04-01",224578000,458317900,100.917207224554,102.157077649965,100.756598455724,3.56666666666667,735456800,2330392400,1.41666666666667,1.42,1.738,1979.91049244365,692.391476490458,97.3995195899644,101.584431035948,1163.17333333333,3292622200
"2016-07-01",227434900,458207300,101.752509499565,101.736195939378,100.914272872998,3.86666666666667,753147400,2386375000,1.25,1.23333333333333,1.44333333333333,2026.88919165827,689.683877268145,101.30064188565,101.705835933422,1121.08666666667,3345588000
"2016-10-01",228423000,465085300,101.961459480382,102.471634438855,101.772816910064,3.6,774658400,2399741300,1.25,1.22666666666667,1.90666666666667,2012.2868264819,625.506825280568,100.680446990207,101.763430416783,1156.4,3390654100
"2017-01-01",231767600,474638400,102.790250436773,103.418904069922,102.668206386313,3.7,790965500,2441237400,1.25,1.23333333333333,2.165,2094.94210126323,617.504192721459,102.782040055593,100.685063555464,1154.93,3441772700
"2017-04-01",234975700,478447800,102.940327938735,103.485418394451,102.684469680742,3.66666666666667,806633400,2459115600,1.25,1.23333333333333,2.20133333333333,2279.26417236328,646.768665568034,102.910577857757,100.898347679345,1129.35,3529825100
"2017-07-01",239568900,492789800,103.886864720499,105.13689528092,103.180615719872,3.73333333333333,822454800,2494169600,1.25,1.24,2.275,2385.38015795511,655.048570421007,100.465146171582,100.984496594593,1132.26,3576768000
"2017-10-01",240589300,488357800,103.674002627839,104.42896122039,103.212945590892,3.63333333333333,829453300,2522385100,1.41666666666667,1.33666666666667,2.489,2497.81392560686,734.896250043597,102.026880467878,101.543930362151,1107.46333333333,3668686700
"2018-01-01",245194200,495452000,104.294691335676,104.428587096881,103.775028546989,3.7,838260600,2576364800,1.5,1.49,2.70133333333333,2472.90951588115,868.291638984055,102.197193055745,101.218759484758,1072.72333333333,3719581100
"2018-04-01",246382000,499718200,104.501323885977,104.507650541638,104.214101852679,3.73333333333333,840678800,2616340700,1.5,1.48666666666667,2.68933333333333,2439.07299804688,865.264329020182,102.997340874218,101.361337396351,1078.98333333333,3734561600
"2018-07-01",249334900,505977300,105.242434277562,105.26910314335,104.800167233237,4.16666666666667,843686400,2652891000,1.5,1.51,2.44066666666667,2290.5188548604,799.465574170722,102.917004747865,101.554613993128,1121.51666666667,3775178600
"2018-10-01",250813200,505826900,105.082302429973,104.642950021183,105.036311283245,3.8,854445600,2713214300,1.66666666666667,1.6,2.17966666666667,2103.04501834992,696.912583874118,103.24156269833,102.98796877466,1127.43,3734649500
"2019-01-01",251710900,503278600,104.800219513463,104.055453765133,104.338188518111,3.86666666666667,867927100,2756267900,1.75,1.75666666666667,1.97733333333333,2153.48001150358,722.271525754767,101.342416671353,103.349269749542,1125.05666666667,3817732800
"2019-04-01",254461400,509921700,105.735094263661,104.045833753363,104.889167653361,3.93333333333333,871148000,2799628400,1.75,1.75333333333333,1.77833333333333,2136.97210693359,729.317421205582,98.2703631996272,102.595685269944,1166.62,3861363800
"2019-07-01",256564700,511033600,105.676498248611,104.049079518546,104.869812833903,3.73333333333333,892160400,2861448900,1.5,1.55333333333333,1.39333333333333,2024.06238761781,632.924449133495,96.3840709528668,102.627639038959,1193.94666666667,3889763500
"2019-10-01",259719800,516360400,105.881152511256,104.087370531549,105.33231259684,3.53333333333333,938917100,2914671600,1.25,1.30333333333333,1.66,2113.31708944997,647.57999936996,97.386665809748,102.770216950552,1175.80666666667,3981522200
"2020-01-01",243775000,509696200,105.769453272073,104.082934439365,105.34981740481,3.56666666666667,997231500,2980532400,1.08333333333333,1.16333333333333,1.56033333333333,2043.86676222278,626.710158809539,95.8024373980735,103.471451638359,1192.72,3981306700
"2020-04-01",245282700,504022600,106.373177016803,105.824107156459,104.891672731219,4.13333333333333,1067232100,3073364000,0.583333333333333,0.64,1.43,1988.41672203189,686.575083247951,95.4071836564185,105.079435224417,1221.30333333333,4182840900
"2020-07-01",248550800,518659700,106.890420817164,106.543907829617,105.636718933284,4,1131263800,3135886400,0.5,0.486666666666667,1.411,2301.65811538696,825.707030296326,95.5035870080416,106.504243101167,1188.18333333333,4324408900
"2020-10-01",246479500,526088000,107.000422214053,106.394996836255,105.806052307392,4.16666666666667,1182989600,3198124100,0.5,0.503333333333333,1.59733333333333,2545.20638687884,871.722295041944,98.896984985178,109.607060908837,1118.85666666667,4532831300
"2021-01-01",250520000,537581900,107.686629131253,107.067623747649,106.849383527951,4.23333333333333,1242976300,3319253700,0.5,0.49,1.872,3069.38449707031,955.152329508463,98.2767900897355,112.517476234991,1113.41,4645743300
"2021-04-01",262067300,550938100,109.373354355553,108.272705419988,107.502204640223,3.76666666666667,1273164400,3409050500,0.5,0.49,2.09166666666667,3198.79983956473,991.619998992435,98.0389951557316,115.863686581117,1121.32666666667,4802644600
"2021-07-01",263377200,561669000,109.383204700012,110.344273138087,108.311319463035,3.2,1329707200,3511094700,0.666666666666667,0.62,1.98066666666667,3195.57128512475,1036.5143609816,95.4682391124465,119.572266265221,1157.95333333333,4843752000
"2021-10-01",270807700,571723900,110.327000037094,110.557471298464,109.561403648358,3.26666666666667,1355394300,3615042300,0.916666666666667,0.849333333333333,2.31366666666667,2980.46188693576,999.475397019159,94.0896711842348,122.47141521689,1183.11666666667,4927323000
"2022-01-01",270726800,577725800,111.45279295483,111.180860847575,111.02958400627,2.96666666666667,1367101200,3646085700,1.25,1.217,2.65533333333333,2759.09620824353,913.676038018588,93.0388746515421,121.913244060265,1204.46,5015175100
"2022-04-01",284355100,584092200,113.758332627942,111.516620454345,113.292176720879,2.86666666666667,1368307400,3703512600,1.66666666666667,1.51633333333333,3.38466666666667,2604.12081358863,869.131474729444,92.5215099978309,120.25757263048,1259.85666666667,4921008200
"2022-07-01",291515200,580971100,115.159684222034,110.490351341549,114.621250142409,2.8,1310159300,3755372300,2.41666666666667,2.25566666666667,3.50633333333333,2394.41000511533,778.684442429315,90.137133767684,118.915514331848,1339.14333333333,4910213900
"2022-10-01",292800200,580992400,115.778484830491,110.996144016138,115.279326138738,2.86666666666667,1216820700,3745852800,3.16666666666667,3.09666666666667,3.90766666666667,2341.10145224294,707.343603915856,90.1628413281168,116.323471208829,1362.32666666667,4971181600
"2023-01-01",295701600,589067000,116.308537843592,112.046254259094,116.138928307197,2.7,1193822000,3773822200,3.5,3.373,3.43633333333333,2410.32741620464,766.363549017137,93.0260208713256,111.510689701223,1274.57333333333,5004525700
"2023-04-01",297722600,595239600,117.421526544029,112.599401991538,116.995932058272,2.56666666666667,1193996800,3807120600,3.5,3.53433333333333,3.444,2549.69639312244,864.405247422515,91.4707134651381,108.52043851449,1314.97666666667,5046136700
"2023-07-01",300730400,603056600,118.45931708969,113.225158210349,118.203187275751,2.66666666666667,1203047400,3834439500,3.5,3.548,3.83,2567.41757891255,898.321286109186,93.8550896952851,106.870691643701,1311.41333333333,5041209200
"2023-10-01",303412300,613826200,119.050918832278,114.725156193829,119.220741641744,2.83333333333333,1225209900,3895061500,3.5,3.576,3.859,2467.77701416016,811.254333496094,94.1925014259662,106.163823768651,1321.68666666667,5204074000
"2024-01-01",305951200,632142200,119.202963144362,116.632100147058,119.646615094562,2.8,1255351100,3998677000,3.5,3.50633333333333,3.39066666666667,2612.76379994877,862.293772212795,93.1674124537063,105.246391239423,1328.66666666667,5326182700
"2024-04-01",307390700,638253400,120.057797215486,118.028321315012,120.117338352305,2.8,1230349500,4027931800,3.5,3.53166666666667,3.477,2709.72032470703,857.037000528971,91.3871638937314,,1371.11666666667,5408277500
"2024-07-01",310435200,633042300,120.627080874645,116.948196164979,120.624855097829,2.53333333333333,1242794300,4085827900,3.5,3.526,3.06033333333333,2692.00773768271,783.254998976185,90.4456244928782,,1383.16666666667,5429893400
"2024-10-01",311572000,647066600,120.77984184432,119.459942598646,121.094893242097,3.03333333333333,1280775600,4160483500,,3.207,2.949,2514.47606621414,713.087868612321,,,,
"2025-01-01",,,,,122.06539183144,2.8,,,,3.009,2.8255,2558.00810715248,732.744310050175,,,,
