"date","gdp_nom","gdp_defl","cpi","ur","m1","m2","policy","cmr_1d","gov_10y","kospi","kosdaq","reer","xr_usd"
"1957-01-01",,,,,,,,,,,,,50
"1957-02-01",,,,,,,,,,,,,50
"1957-03-01",,,,,,,,,,,,,50
"1957-04-01",,,,,,,,,,,,,50
"1957-05-01",,,,,,,,,,,,,50
"1957-06-01",,,,,,,,,,,,,50
"1957-07-01",,,,,,,,,,,,,50
"1957-08-01",,,,,,,,,,,,,50
"1957-09-01",,,,,,,,,,,,,50
"1957-10-01",,,,,,,,,,,,,50
"1957-11-01",,,,,,,,,,,,,50
"1957-12-01",,,,,,,,,,,,,50
"1958-01-01",,,,,,,,,,,,,50
"1958-02-01",,,,,,,,,,,,,50
"1958-03-01",,,,,,,,,,,,,50
"1958-04-01",,,,,,,,,,,,,50
"1958-05-01",,,,,,,,,,,,,50
"1958-06-01",,,,,,,,,,,,,50
"1958-07-01",,,,,,,,,,,,,50
"1958-08-01",,,,,,,,,,,,,50
"1958-09-01",,,,,,,,,,,,,50
"1958-10-01",,,,,,,,,,,,,50
"1958-11-01",,,,,,,,,,,,,50
"1958-12-01",,,,,,,,,,,,,50
"1959-01-01",,,,,,,,,,,,,50
"1959-02-01",,,,,,,,,,,,,50
"1959-03-01",,,,,,,,,,,,,50
"1959-04-01",,,,,,,,,,,,,50
"1959-05-01",,,,,,,,,,,,,50
"1959-06-01",,,,,,,,,,,,,50
"1959-07-01",,,,,,,,,,,,,50
"1959-08-01",,,,,,,,,,,,,50
"1959-09-01",,,,,,,,,,,,,50
"1959-10-01",,,,,,,,,,,,,50
"1959-11-01",,,,,,,,,,,,,50
"1959-12-01",,,,,,,,,,,,,50
"1960-01-01",,,,,,,,,,,,,50
"1960-02-01",,,,,,,,,,,,,57.5
"1960-03-01",,,,,,,,,,,,,65
"1960-04-01",,,,,,,,,,,,,65
"1960-05-01",,,,,,,,,,,,,65
"1960-06-01",,,,,,,,,,,,,65
"1960-07-01",,,,,,,,,,,,,65
"1960-08-01",,,,,,,,,,,,,65
"1960-09-01",,,,,,,,,,,,,65
"1960-10-01",,,,,,,,,,,,,65
"1960-11-01",,,,,,,,,,,,,65
"1960-12-01",,,,,,,,,,,,,65
"1961-01-01",,,,,,,,,,,,,82.5
"1961-02-01",,,,,,,,,,,,,115
"1961-03-01",,,,,,,,,,,,,130
"1961-04-01",,,,,,,,,,,,,130
"1961-05-01",,,,,,,,,,,,,130
"1961-06-01",,,,,,,,,,,,,130
"1961-07-01",,,,,,,,,,,,,130
"1961-08-01",,,,,,,,,,,,,130
"1961-09-01",,,,,,,,,,,,,130
"1961-10-01",,,,,,,,,,,,,130
"1961-11-01",,,,,,,,,,,,,130
"1961-12-01",,,,,,,,,,,,,130
"1962-01-01",,,,,,,,,,,,,130
"1962-02-01",,,,,,,,,,,,,130
"1962-03-01",,,,,,,,,,,,,130
"1962-04-01",,,,,,,,,,,,,130
"1962-05-01",,,,,,,,,,,,,130
"1962-06-01",,,,,,,,,,,,,130
"1962-07-01",,,,,,,,,,,,,130
"1962-08-01",,,,,,,,,,,,,130
"1962-09-01",,,,,,,,,,,,,130
"1962-10-01",,,,,,,,,,,,,130
"1962-11-01",,,,,,,,,,,,,130
"1962-12-01",,,,,,,,,,,,,130
"1963-01-01",,,,,,,,,,,,,130
"1963-02-01",,,,,,,,,,,,,130
"1963-03-01",,,,,,,,,,,,,130
"1963-04-01",,,,,,,,,,,,,130
"1963-05-01",,,,,,,,,,,,,130
"1963-06-01",,,,,,,,,,,,,130
"1963-07-01",,,,,,,,,,,,,130
"1963-08-01",,,,,,,,,,,,,130
"1963-09-01",,,,,,,,,,,,,130
"1963-10-01",,,,,,,,,,,,,130
"1963-11-01",,,,,,,,,,,,,130
"1963-12-01",,,,,,,,,,,,,130
"1964-01-01",,,,,,,,,,,,,130
"1964-02-01",,,,,,,,,,,,,130
"1964-03-01",,,,,,,,,,,,,130
"1964-04-01",,,,,,,,,,,,,130
"1964-05-01",,,,,,,,,,,,,255.77
"1964-06-01",,,,,,,,,,,,,255.77
"1964-07-01",,,,,,,,,,,,,255.77
"1964-08-01",,,,,,,,,,,,,255.77
"1964-09-01",,,,,,,,,,,,,255.77
"1964-10-01",,,,,,,,,,,,,255.77
"1964-11-01",,,,,,,,,,,,,255.77
"1964-12-01",,,,,,,,,,,,,255.77
"1965-01-01",,,2.64858232344322,,,,,,,,,,255.77
"1965-02-01",,,2.67609888108945,,,,,,,,,,255.77
"1965-03-01",,,2.67905743579815,,,,,,,,,,258.32
"1965-04-01",,,2.70664203356521,,,,,,,,,,259.32
"1965-05-01",,,2.74445746824181,,,,,,,,,,266.41
"1965-06-01",,,2.76115287176741,,,,,,,,,,268.22
"1965-07-01",,,2.81592693861713,,,,,,,,,,271.56
"1965-08-01",,,2.8467496703619,,,,,,,,,,272.25
"1965-09-01",,,2.80937824488169,,,,,,,,,,272.1
"1965-10-01",,,2.78798979553908,,,,,,,,,,271.96
"1965-11-01",,,2.76923841882201,,,,,,,,,,271.78
"1965-12-01",,,2.790123236806,,,,,,,,,,271.78
"1966-01-01",,,2.84194051616831,,,,,,,,,,271.78
"1966-02-01",,,2.88967450662478,,,,,,,,,,271.68
"1966-03-01",,,2.93227876356319,,,,,,,,,,269.34
"1966-04-01",,,2.9503356999417,,,,,,,,,,271.37
"1966-05-01",,,3.01859544738857,,,,,,,,,,271.18
"1966-06-01",,,3.06629939159657,,,,,,,,,,271.18
"1966-07-01",,,3.07626577242994,,,,,,,,,,271.18
"1966-08-01",,,3.14060101728878,,,,,,,,,,271.18
"1966-09-01",,,3.17530739138019,,,,,,,,,,271.18
"1966-10-01",,,3.25092482650983,,,,,,,,,,271.18
"1966-11-01",,,3.19993574329872,,,,,,,,,,271.18
"1966-12-01",,,3.21479814356838,,,,,,,,,,271.18
"1967-01-01",,,3.20903580791268,,,,,,,,,,270.39
"1967-02-01",,,3.22074688180792,,,,,,,,,,269.86
"1967-03-01",,,3.25862120117727,,,,,,,,,,269.94
"1967-04-01",,,3.33906686966172,,,,,,,,,,270.08
"1967-05-01",,,3.36346401308342,,,,,,,,,,270.08
"1967-06-01",,,3.36970586465348,,,,,,,,,,270.05
"1967-07-01",,,3.40556470636371,,,,,,,,,,270.16
"1967-08-01",,,3.44525841679682,,,,,,,,,,270.21
"1967-09-01",,,3.47692903330129,,,,,,,,,,270.39
"1967-10-01",,,3.52188188794862,,,,,,,,,,270.37
"1967-11-01",,,3.57519477352991,,,,,,,,,,270.42
"1967-12-01",,,3.58086152355142,,,,,,,,,,274.19
"1968-01-01",,,3.61888949857257,,,,,,,,,,274.6
"1968-02-01",,,3.64099278423239,,,,,,,,,,274.6
"1968-03-01",,,3.66661349250558,,,,,,,,,,274.65
"1968-04-01",,,3.66097306860107,,,,,,,,,,274.76
"1968-05-01",,,3.67271211409972,,,,,,,,,,274.76
"1968-06-01",,,3.7348442346979,,,,,,,,,,274.76
"1968-07-01",,,3.76417963814551,,,,,,,,,,274.77
"1968-08-01",,,3.7838261665595,,,,,,,,,,275.36
"1968-09-01",,,3.77871759243078,,,,,,,,,,278.1
"1968-10-01",,,3.8706313543888,,,,,,,,,,280.28
"1968-11-01",,,3.99155618337566,,,,,,,,,,281.43
"1968-12-01",,,3.97082256574822,,,,,,,,,,281.65
"1969-01-01",,,4.03459962014901,,,,,,,,,,281.6
"1969-02-01",,,4.02340599557953,,,,,,,,,,282.09
"1969-03-01",,,4.03718698651786,,,,,,,,,,282.85
"1969-04-01",,,4.06333231066106,,,,,,,,,,283.65
"1969-05-01",,,4.10872595985679,,,,,,,,,,284.52
"1969-06-01",,,4.17319468225304,,,,,,,,,,285
"1969-07-01",,,4.2021063632929,,,,,,,,,,285.41
"1969-08-01",,,4.21632125980678,,,,,,,,,,286.94
"1969-09-01",,,4.32512130775305,,,,,,,,,,288.26
"1969-10-01",,,4.43536134457267,,,,,,,,,,290.18
"1969-11-01",,,4.51687934542238,,,,,,,,,,303.87
"1969-12-01",,,4.6132385453627,,,,,,,,,,304.53
"1970-01-01",,,4.63201683737095,,260.4,590.6,,,,,,,304.85
"1970-02-01",,,4.68245526340014,,269,603.1,,,,,,,305.86
"1970-03-01",,,4.76130917162595,,265,612.9,,,,,,,306.63
"1970-04-01",,,4.87440722408039,,273.3,627.4,,,,,,,307.71
"1970-05-01",,,4.85960000104197,,285.4,644.7,,,,,,,308.76
"1970-06-01",,,4.8138008476489,,287.1,657.6,,,,,,,309.89
"1970-07-01",,,4.8666350980226,,297,675.9,,,,,,,311.47
"1970-08-01",,,4.88929276515269,,302.3,684.2,,,,,,,312.5
"1970-09-01",,,4.97842553970014,,300.4,696.4,,,,,,,313.39
"1970-10-01",,,5.08376177853009,,303.8,704.3,,,,,,,314.17
"1970-11-01",,,5.11339541343682,,312.6,716.8,,,,,,,315.17
"1970-12-01",,,5.28294829713208,,318.4,745.4,,,,,,,316.27
"1971-01-01",,,5.37356618094249,,314.6,751.4,,,,,,,317.73
"1971-02-01",,,5.42613364331228,,318.9,771.2,,,,,,,319.48
"1971-03-01",,,5.49619010296123,,331,808.9,,,,,,,321.35
"1971-04-01",,,5.48969331795095,,358,841.8,,,,,,,323.25
"1971-05-01",,,5.43279584735544,,358,855.1,,,,,,,325.65
"1971-06-01",,,5.48655695207118,,349.2,868.5,,,,,,,332.18
"1971-07-01",,,5.59415559773658,,349.3,872.6,,,,,,,370.8
"1971-08-01",,,5.62178379554789,,352.8,879.6,,,,,,,370.8
"1971-09-01",,,5.68253633049024,,358.3,913.2,,,,,,,370.8
"1971-10-01",,,5.66699860737506,,365.6,928.4,,,,,,,370.8
"1971-11-01",,,5.72914649109294,,370.9,959.4,,,,,,,370.8
"1971-12-01",,,5.77197036845286,,366,964.3,,,,,,,372.13
"1972-01-01",,,5.81041880125469,,379.1,1012.3,,,,,,,374.69
"1972-02-01",,,5.93532975919395,,379.6,1019.4,,,,,,,379.14
"1972-03-01",,,6.06274455225539,,393.9,1038.9,,,,,,,384.56
"1972-04-01",,,6.11684432805851,,398.6,1050.5,,,,,,,389.83
"1972-05-01",,,6.1843917424228,,411.6,1073.4,,,,,,,394.59
"1972-06-01",,,6.28645465453122,,431.6,1115.8,,,,,,,398.56
"1972-07-01",,,6.3517983560243,,438.2,1142.3,,,,,,,399.38
"1972-08-01",,,6.41863940112883,,466.7,1178.2,,,,,,,399.11
"1972-09-01",,,6.38720301714351,,483.6,1213.8,,,,,,,398.76
"1972-10-01",,,6.37483910530298,,502.2,1247.9,,,,,,,398.58
"1972-11-01",,,6.31946895077826,,509.6,1287.8,,,,,,,398.66
"1972-12-01",,,6.31589863157213,,509,1283.7,,,,,,,398.87
"1973-01-01",,,6.28610244850029,,564,1357.3,,,,,,,398.85
"1973-02-01",,,6.23872886824814,,584.7,1397.8,,,,,,,398.9
"1973-03-01",,,6.20162041693251,,594.7,1437.8,,,,,,,398.87
"1973-04-01",,,6.24742108253773,,622.8,1487.9,,,,,,,398.93
"1973-05-01",,,6.32082067140008,,625.1,1505.4,,,15.1,,,,398.9
"1973-06-01",,,6.36292117983411,,641.9,1531.7,,,15.4,,,,398.86
"1973-07-01",,,6.38803907082872,,663.5,1576.6,,,16.2,,,,398.7
"1973-08-01",,,6.41546481986065,,670.1,1594.2,,,16.6,,,,398.57
"1973-09-01",,,6.4346713580895,,662.7,1637.4,,,17.5,,,,397.82
"1973-10-01",,,6.52988555559077,,707.9,1702.7,,,17.8,,,,397.26
"1973-11-01",,,6.67781793730594,,719.8,1736.4,,,18.5,,,,397.04
"1973-12-01",,,6.86417681746072,,713.7,1748.6,,,18.9,,,,397.16
"1974-01-01",,,7.10684770463527,,731.7,1778.4,,,19.3,,,,397.78
"1974-02-01",,,7.40282068965054,,758.8,1811,,,20,,,,398.28
"1974-03-01",,,7.6219172647305,,740.5,1821.9,,,20.7,,,,398.65
"1974-04-01",,,7.77685488709189,,752.4,1845.4,,,21.4,,,,398.96
"1974-05-01",,,7.8452549134279,,764.3,1871.5,,,21.6,,,,399
"1974-06-01",,,7.83865401472528,,758.3,1882.2,,,21.7,,,,399
"1974-07-01",,,7.99290136434431,,790.4,1923,,,21.5,,,,399
"1974-08-01",,,8.20273850819458,,800,1965.9,,,21.3,,,,399
"1974-09-01",,,8.302227880321,,817.6,2001.4,,,21,,,,399
"1974-10-01",,,8.350730353308,,802.1,1989.2,,,20.9,,,,399
"1974-11-01",,,8.54808774636245,,844.3,2041.2,,,21.1,,,,399
"1974-12-01",,,8.69196652603718,,898.3,2114.5,,,21.1,,,,467
"1975-01-01",,,8.92986538297377,,920.2,2166.5,,,20.9,,,,484
"1975-02-01",,,8.99621442634237,,939.4,2224.9,,,20.7,,,,484
"1975-03-01",,,9.09251874150202,,948,2267.2,,,20.8,,,,484
"1975-04-01",,,9.39904634517265,,959.6,2296.4,,,20.6,,,,484
"1975-05-01",,,9.75560080488507,,958.7,2327.4,,,20.9,,,,484
"1975-06-01",,,9.92135959656474,,1053.2,2456,,,21.1,,,,484
"1975-07-01",,,10.0811815462814,,1082.9,2480.2,,,21.5,,,,484
"1975-08-01",,,10.2737087161745,,1084.7,2522.3,,,21.5,,,,484
"1975-09-01",,,10.5884539711235,,1157.1,2625.5,,,21.2,,,,484
"1975-10-01",,,10.8997834142007,,1064.3,2540.2,,,21.2,,,,484
"1975-11-01",,,10.9204593119384,,1095.9,2586,,,21.3,,,,484
"1975-12-01",,,10.9956073560564,,1122,2643.3,,,21.5,,,,484
"1976-01-01",,,10.9923055205496,,1012.6,2554.8,,,21.4,,,,484
"1976-02-01",,,10.999308581372,,1140.2,2648.8,,,21.4,,,,484
"1976-03-01",,,11.1104423713327,,1209.1,2840.4,,,21.3,,,,484
"1976-04-01",,,11.2544848160952,,1225.2,2895.4,,,21.7,,,,484
"1976-05-01",,,11.3282856813882,,1259.9,2961.8,,,21.3,,,,484
"1976-06-01",,,11.444916746441,,1304,2958.8,,,21.4,,,,484
"1976-07-01",,,11.6497563409034,,1311.8,3086.9,,,21.4,,,,484
"1976-08-01",,,11.7761282664034,,1366.7,3184.9,,17.5,21.5,,,,484
"1976-09-01",,,11.8188286943843,,1375.9,3239.2,,18.3,21.8,,,,484
"1976-10-01",,,11.8528549537847,,1409,3177.5,,17.8,22.2,,,,484
"1976-11-01",,,11.9391929626336,,1443.7,3239.7,,18.1,22.2,,,,484
"1976-12-01",,,12.0483889946067,,1473,3558,,17.8,21.8,,,,484
"1977-01-01",,,12.0578600987779,,1522.7,3598.3,,18,20.9,,,,484
"1977-02-01",,,12.2167957159879,,1594.6,3670.7,,18.2,21,,,,484
"1977-03-01",,,12.3084402467453,,1635.1,3821.8,,18.6,22,,,,484
"1977-04-01",,,12.3558915862219,,1694.8,3912.3,,17.6,21.7,,,,484
"1977-05-01",,,12.4774468680861,,1729.4,4082.9,,18.2,22.1,,,,484
"1977-06-01",,,12.5691859545009,,1797.4,4193.5,,18.3,20.8,,,,484
"1977-07-01",,,12.7284775227817,,1839.1,4344.7,,18.4,20.3,,,,484
"1977-08-01",,,12.9410650226863,,1870.4,4465.6,,18,19.4,,,,484
"1977-09-01",,,12.9339417183113,,1921.8,4570.9,,18.3,20,,,,484
"1977-10-01",,,13.0395772422821,,2028.3,4770.3,,18,29.2,,,,484
"1977-11-01",,,13.1927939199077,,2024.7,4781.8,,17.3,19.7,,,,484
"1977-12-01",,,13.3552749490034,,2113.1,4955.9,,18.2,20.5,,,,484
"1978-01-01",,,13.6503993767342,,2170.8,5072,,17.7,20.4,,,,484
"1978-02-01",,,13.7955944600816,,2215.8,5294.5,,16.4,21,,,,484
"1978-03-01",,,13.9083206615559,,2230.6,5405.2,,18.2,20.7,,,,484
"1978-04-01",,,13.9356467130445,,2318.1,5517.1,,18.1,20.2,,,,484
"1978-05-01",,,14.0507184316996,,2358.3,5607.4,,17.2,20.3,,,,484
"1978-06-01",,,14.37299489709,,2372.8,5673.6,,19.9,21.9,,,,484
"1978-07-01",,,14.615113010107,,2435.3,5843.6,,20.8,22.1,,,,484
"1978-08-01",,,14.7200309268562,,2829.7,6275.6,,20.9,22,,,,484
"1978-09-01",,,14.9690943704969,,2737.4,6274.1,,21.1,22.3,,,,484
"1978-10-01",,,15.2247305999296,,2893.5,6560.3,,21.2,22.5,,,,484
"1978-11-01",,,15.4296513975056,,2943,6622.9,,21.4,23.2,,,,484
"1978-12-01",,,15.5259087455978,,2937.7,6709.2,,18.9,22.6,,,,484
"1979-01-01",,,15.5491855944848,,2704.9,6544.5,,18.8,22.9,,,,484
"1979-02-01",,,15.9521370904308,,2903,7347.5,,18.8,23.6,,,,484
"1979-03-01",,,16.1782539334438,,2910.6,6965.2,,18.8,23.8,,,,484
"1979-04-01",,,16.6379801988907,,2994,7089.7,,18.9,23.4,,,,484
"1979-05-01",,,17.1134259269146,,3027,7183.1,,18.9,23.7,,,,484
"1979-06-01",,,17.177044121693,,3176.3,7430.3,,18.8,25.7,,,,484
"1979-07-01",,,17.3335168943295,,3170.4,7478.9,,18.8,25.9,,,,484
"1979-08-01",,,17.4921465502776,,3229.7,7673.2,,18.9,24.7,,,,484
"1979-09-01",,,17.6735083979948,,3273.9,7781.4,,18.9,26,,,,484
"1979-10-01",,,17.8961465096764,,3445.1,8202.4,,18.9,26.5,,,,484
"1979-11-01",,,18.3244952864066,,3483.1,8382.9,,18.9,28.1,,,,484
"1979-12-01",,,18.7815174514191,,3659.8,8767,,18.9,27.9,,,,484
"1980-01-01",,,19.462257512358,,3808.6,9385.1,,22.7,29,,,,552
"1980-02-01",,,20.1601948930312,,3765.5,9680.9,,23.9,29.4,,,,580.08
"1980-03-01",,,20.8449602628015,,3874.4,9927.1,,24.6,32.6,,,,583.5
"1980-04-01",,,21.0764047045702,,3772,10059.5,,24.6,31,,,,589.81
"1980-05-01",,,21.6711393174515,,3924.7,10413.3,,24.8,30.5,,,,593.6
"1980-06-01",,,21.81982179971,,3873.5,10535.2,,24,30.3,,,,598.95
"1980-07-01",,,22.1296540418424,,4031.5,10872.9,,23.1,29.4,,,,605.4
"1980-08-01",,,22.6141178012538,,4213.6,11222.2,,23.9,27.9,,,,615.9
"1980-09-01",,,22.958445343139,,4232.8,11373.5,,22.2,26.5,,,,618.76
"1980-10-01",,,23.7026163466545,,4210.7,11793.6,,21.8,26.1,,,,638.28
"1980-11-01",,,24.0482592064287,,4374.8,12193.4,,19.3,25.9,,,,656.37
"1980-12-01",,,24.7757095943964,,4443.1,12746.1,,19.3,26.5,,,,659.95
"1981-01-01",,,25.0196893918855,,4424.2,12739.9,,17.3,26.1,,,,662.22
"1981-02-01",,,25.0832718231702,,4637.9,13214.4,,18.6,24.7,,,,667.74
"1981-03-01",,,25.4948617079253,,4879,13804.1,,17.4,23.7,,,,671.56
"1981-04-01",,,25.8079928591276,,5038.1,14326.2,,17,22.7,,,,676.48
"1981-05-01",,,26.2948266738193,,5005.8,14493.2,,19,22.1,,,,682.14
"1981-06-01",,,26.9130100628998,,5145,14973.3,,19.4,21.8,,,,684.23
"1981-07-01",,,27.3437718623955,,5126.1,15182.2,,17.4,21.6,,,,686.13
"1981-08-01",,,27.7239808661705,,5149.6,15722.1,,19.3,21.2,,,,686.56
"1981-09-01",,,27.9924194408827,,4978.6,15863.3,,19.2,22.7,,,,684.98
"1981-10-01",,,28.0316726862791,,5095.2,16744,,18.5,25.6,,,,686.52
"1981-11-01",,,28.0421243605585,,5280.4,16612.5,,17.6,26,,,,688.12
"1981-12-01",,,28.1080707549984,,5576.1,17479.2,,17,25.2,,,,695.66
"1982-01-01",,,28.098356334262,,5693.7,17687.9,,16,21.3,,,,705.51
"1982-02-01",,,28.1051176938887,,6095.1,18395.3,,15.6,20.4,,,,709.83
"1982-03-01",,,28.3009365186228,,6503.3,19022.6,,14.9,19.3,,,,714.88
"1982-04-01",,,28.4423423499428,,6901.4,19750.5,,14.6,18.3,,,,720.9
"1982-05-01",,,28.5664409347081,,7254.8,20364.3,,13,16.7,,,,725.5
"1982-06-01",,,28.6765821554359,,7460.1,21004.8,,15.1,16.3,,,,738.43
"1982-07-01",,,28.8967696830566,,8178.8,21472.6,,13.3,14.5,,,,741.02
"1982-08-01",,,29.0336567030256,,8409.4,21986.3,,13.3,15,,,,741.68
"1982-09-01",,,29.0850407200953,,8667.4,22333.5,,13.4,16.4,,,,742.2
"1982-10-01",,,29.139353877847,,9227.6,23205.3,,13.6,17.5,,,,743.36
"1982-11-01",,,29.2142491027364,,9103.5,23491.6,,13.8,17.5,,,,745.07
"1982-12-01",,,29.4288348111374,,9166.2,23966.5,,13.5,15.8,,,,745.63
"1983-01-01",,,29.5221461267347,4.2795493062315,9288.8,24179.4,,13.7,13.7,,,,749.87
"1983-02-01",,,29.6021299460926,4.60538231473741,9519.3,24617.3,,13.4,13.4,,,,752.2
"1983-03-01",,,29.6512514172237,4.21839940806385,9695.2,24841.1,,13.7,12.9,,,,758.22
"1983-04-01",,,29.6627117011417,4.09279363699624,9720.8,25606.2,,13.6,13,,,,765.27
"1983-05-01",,,29.6470965166932,4.0030744960346,9933.3,26243.1,,13.2,13,,,,768.08
"1983-06-01",,,29.6079586127284,3.98250494357834,10048.2,26859.6,,13.2,12.9,,,,775.27
"1983-07-01",,,29.7276627453131,3.88002887680555,10077.2,27443,,12.7,12.8,,,,779.4
"1983-08-01",,,29.7702911914847,3.86707958730288,10149.8,27711.1,,12.7,13,,,,786.5
"1983-09-01",,,29.7269629322473,3.9004782948676,10356.8,28030.5,,12.6,13,,,,789.84
"1983-10-01",,,29.8523424614043,3.70739540700518,10520.5,28581.8,,12.6,13,,,,790.39
"1983-11-01",,,30.0187641261243,3.95340371715979,10716.2,29079.7,,12.6,13.1,,,,795.73
"1983-12-01",,,29.9893147192427,4.33504178756599,10609.5,29437.6,,12,13.1,,,,798.21
"1984-01-01",,,30.0479553305129,4.05934082254487,10758.7,29805.7,,11.3,13.9,,,,798.31
"1984-02-01",,,30.1974295702559,4.14613847472516,10830.6,30348.2,,11.2,13.7,,,,796.35
"1984-03-01",,,30.2650136282155,4.00285792583781,11059.5,31065.7,,10.8,13.6,,,,792.52
"1984-04-01",,,30.4325245898815,3.67714306696173,10795.4,31078.8,,11.9,13.2,,,,794.62
"1984-05-01",,,30.282361117917,3.74402338676064,11111.7,32075.3,,11.8,14.1,,,,799.62
"1984-06-01",,,30.1541136033556,3.7522151510783,11120.6,32567.6,,12,14.4,,,,800.34
"1984-07-01",,,30.2428887140989,3.75439165611511,11159.6,33219.7,,12.1,14.4,,,,808.82
"1984-08-01",,,30.3922596680925,3.74899031538171,11499.2,33903.8,,11.7,14.7,,,,809.2
"1984-09-01",,,30.6552721823693,3.76373287984764,11404.7,33982.6,,11.4,14.6,,,,813.53
"1984-10-01",,,30.6815609316909,3.68879893442139,11532.2,34831.6,,11.4,14.8,,,,818.15
"1984-11-01",,,30.818466903426,3.83237753384329,11494.8,35277.3,,10.9,15.2,,,,816.47
"1984-12-01",,,30.7281075635707,3.73488354203581,11259,35214.8,,10.2,15.2,,,,823.72
"1985-01-01",,,30.6893264328322,3.76553418538332,11869.7,35957.8,,9.1,15,,,,830.3
"1985-02-01",,,30.7869490276372,3.62290620802447,12105.9,36242.8,,9.3,15,,,,836.9
"1985-03-01",,,30.7838977633612,3.81592679780778,11659.3,36182.8,,9.7,15,,,,848.97
"1985-04-01",,,30.8791794629793,4.17863321474275,11925.9,36901.9,,9.8,14.8,,,,859.34
"1985-05-01",,,30.9796354288549,4.06838784648873,12287.7,37474.5,,9.5,14.6,,,,868.92
"1985-06-01",,,31.0659266339973,4.25330759446952,12457,37928.8,,9.1,13.7,,,,872.87
"1985-07-01",,,31.1433698486329,3.95448558788106,12608.8,38386,,9.5,13.1,,,,874.33
"1985-08-01",,,31.180212139476,4.29721610826048,12894.9,38874.5,,9.5,12.9,,,,882.92
"1985-09-01",,,31.4332270294485,4.07143999245364,13006.8,39323.1,,9.5,12.8,,,,891.59
"1985-10-01",,,31.7279840091441,4.14953322980627,13326.6,40317.5,,9.5,12.3,,,,892.24
"1985-11-01",,,31.5397785285651,4.16176849435393,13527.6,41166.7,,9.2,11.8,,,,890.98
"1985-12-01",,,31.6675116120393,4.24014270052601,13858.4,41589.8,,8.5,11.9,,,,890.88
"1986-01-01",,,31.8266196523581,4.33390835130418,14507.5,43084.9,,8.9,11,,,,890.53
"1986-02-01",,,31.8963615150879,4.54075203110515,15133.9,44005,,9.5,11,,,,886.39
"1986-03-01",,,31.9176455298857,4.28648621269296,15691.3,45074.2,,9.6,11.2,,,,884.37
"1986-04-01",,,31.9347819769602,3.96152225714729,15981.6,45405.9,,11,11.5,,,,885.6
"1986-05-01",,,31.9797480791896,3.76729960017525,16486.6,46858.5,,10.2,12.2,,,,887.21
"1986-06-01",,,31.9890103029022,3.64866715044284,16497,47694.8,,9.9,11.5,,,,888.34
"1986-07-01",,,32.1092329026935,3.58945213865036,16809,48395.4,,10.6,12.2,,,,885.04
"1986-08-01",,,32.0396621781284,3.36487764107382,17192.8,49367.3,,9.4,11.6,,,,882.37
"1986-09-01",,,32.1462498359148,3.44622144006581,17554.7,50419.1,,9.5,11.7,,,,879.11
"1986-10-01",,,32.0399114929996,3.3887505024684,17850.2,51681.2,,9.5,11.1,,,,874.63
"1986-11-01",,,32.154066071298,3.33153232770744,18198.9,52705.6,,9.3,11.7,,,,869.39
"1986-12-01",,,32.1231567528606,3.43080161520107,18698.1,53899.5,,9,12.1,,,,864.49
"1987-01-01",,,32.1197748561406,3.3540676446581,18680.9,54406.9,,8.7,11.7,,,,858.75
"1987-02-01",,,32.081863282754,3.42861122617639,19101.7,56078.3,,8.8,11.7,,,,856.3
"1987-03-01",,,32.27124805273,3.41047950609317,19116.9,57917.7,,8.9,12.1,,,,852.01
"1987-04-01",,,32.4847889699635,3.44935439990968,20059.9,59738.5,,8.5,13,,,,840.86
"1987-05-01",,,32.8214901308715,3.351831019453,20503,61498.3,,8.3,12.1,,,,828.22
"1987-06-01",,,32.8707548071259,3.16361167249457,21158.7,63216.5,,9,12.3,,,,814.27
"1987-07-01",,,32.8770806071233,3.11857753789117,21298,63762,,9,11.8,,,,808.11
"1987-08-01",,,33.3094517568049,3.01360452531192,21638.3,65065.1,,10,12.6,,,,808.14
"1987-09-01",,,33.461956243393,2.82392894275248,22794.6,66652.6,,8.6,12.7,,,,806.38
"1987-10-01",,,33.6992908466204,2.75395464454469,22426.1,66947.6,,9.4,13.4,,,,804.48
"1987-11-01",,,33.8094488362662,2.50093047013808,24016.5,69867,,8.7,13,,,,798.51
"1987-12-01",,,34.0810156850629,2.41134381367617,23525.8,70167.4,,9.2,12.7,,,,794.74
"1988-01-01",,,34.1304869137668,2.44463757499521,23550.6,72163.1,,9.3,12.8,,,,787.46
"1988-02-01",,,34.6019815152427,2.44208602894222,23850.6,73602.4,,9.2,12.4,,,,773.44
"1988-03-01",,,35.011770308547,2.32762321735594,23894.4,75982.2,,9.4,13.3,,,,753.49
"1988-04-01",,,34.9565530175028,2.4291565987417,23851.2,76362.8,,9.5,12.3,,,,741.8
"1988-05-01",,,34.9672976441964,2.49547454004311,25084.5,79009.9,,9.4,12.1,,,,735.67
"1988-06-01",,,35.2733748869254,2.54401851031586,25866.3,81415.2,,9.6,12.1,,,,729.46
"1988-07-01",,,35.4502986203197,2.66175696840715,26104.1,82643.1,,9.8,13.15,,,,725.81
"1988-08-01",,,35.6039962811449,2.666579540372,26668.1,84968.5,,10.5,14.2,,,,722.81
"1988-09-01",,,35.6627036559345,2.67711676848566,27463.6,87169.6,,10.6,14.3,,,,720.24
"1988-10-01",,,35.763531211608,2.47884843942869,27967.5,89218.9,,9.5,13.5,,,,709.35
"1988-11-01",,,36.2236901664657,2.57880923461335,28816.9,91711.1,,9.3,13.2,,,,693
"1988-12-01",,,36.5461479237345,2.60756951521036,28308.2,90917.5,,9.3,13.1,,,,685.03
"1989-01-01",,,36.4576498910897,2.55158413722809,29028.8,93255.9,,9.3,12.3,,,,682.42
"1989-02-01",,,36.4913166682036,2.55516049973891,27382.3,93586.9,,12.2,12.5,,,,676.99
"1989-03-01",,,36.621168679379,2.63259619615957,28541.8,96222.5,,13.6,12.7,,,,672.97
"1989-04-01",,,36.7606865610403,2.62737813069758,27927.7,96540.4,,13,15.8,,,,667.36
"1989-05-01",,,37.0645534975295,2.68165870924298,30176.7,98717.4,,14.2,15.9,,,,666.56
"1989-06-01",,,37.2153548199655,2.65137798124813,30012.9,99746.1,,13,16,,,,666.71
"1989-07-01",,,37.2977222660542,2.54291538806016,30533.2,101665.5,,14.2,15.9,,,,667.28
"1989-08-01",,,37.5626415970434,2.54644220396109,31040.4,104159.3,,12.4,15.8,,,,668.38
"1989-09-01",,,37.8984415081892,2.41966006651401,30837.9,105619.8,,13.2,15.2,,,,670.03
"1989-10-01",,,38.1731902256951,2.44034312807613,31035.2,107500.6,,15.1,15.1,,,,671.27
"1989-11-01",,,38.4223037568752,2.6484554256911,32198.9,109846.7,,15.4,14.9,,,,672.33
"1989-12-01",,,38.4178817757929,2.60181439019406,33730.8,114191.8,,13.7,14.8,,,,675.17
"1990-01-01",15969.1011743987,42.7974452377281,39.1420941641334,2.58951198127943,35011.2,117505.4,,11.8,14.7,,,,683.43
"1990-02-01",15959.657674488,42.5907811068023,39.2827734160579,2.54446622191116,35708.4,119911.5,,11.6,14.3,,,,689.87
"1990-03-01",16186.1411511133,42.6650249541583,39.523881586113,2.33425554437515,36679.6,122739.8,,12.2,14,,,,697.78
"1990-04-01",16495.9513987706,43.1527295742656,39.9410019814502,2.21210123204601,37176.9,124119.7,,15,14.3,,,,706.03
"1990-05-01",16690.7810934076,43.6163338802306,40.245493461206,2.42438469754062,37832.9,125995.7,,15.2,14.9,,,,709.26
"1990-06-01",17080.1675078217,44.0551570969198,40.5396157959021,2.37693460710053,38329.7,128388.8,,14.8,14.9,,,,715.33
"1990-07-01",17522.0795808405,44.4640799150519,40.7737592479527,2.4263630517542,38302,129255.4,,14.7,14.7,,,,715.94
"1990-08-01",17844.538720477,44.686686142041,40.9366888988648,2.42338227967991,39779.3,132782.2,,14.6,14.6,,,,715.54
"1990-09-01",17976.4816986826,44.9311321898651,41.1910986741899,2.50726358001752,38974.6,133746,,14.2,15.6,,,,714.96
"1990-10-01",18085.6529316834,45.0869180854526,41.4907588259724,2.51805509214832,39749.4,136451.7,,14.3,16.3,,,,715
"1990-11-01",18268.4654366855,45.2048316210085,41.7425374028827,2.5035314817029,40937.1,140179.2,,14.9,16,,,,714.32
"1990-12-01",18633.6816316311,45.3386812352966,42.0275023434465,2.50563288892261,42272.4,143728.7,,15,16,,,,715.73
"1991-01-01",19111.6098231289,45.9363321481757,42.7373962442835,2.47203562547023,43296.4,145892.4,,13.2,16,,,,718.14
"1991-02-01",19515.2276026061,46.3882467415636,43.1780102843169,2.38478734705107,43805.8,147904.3,,14.03,16,,,,721.61
"1991-03-01",19861.962574265,46.8439470179234,43.4973420426517,2.35675095128266,43648.7,150641.6,,14.45,16,,,,725.11
"1991-04-01",20196.8411194588,47.2518297098482,43.6623718987178,2.0961419885282,44360.5,152111.4,,15.13,16.3,,,,725.48
"1991-05-01",20290.6661884142,47.468023094373,43.6832471544518,2.2909812075746,45579.2,155098.2,,16.03,16.2,,,,725.13
"1991-06-01",20484.5926921271,47.9351942635938,44.0671372229679,2.34299710819009,45991.5,157057.6,,18.77,16.4,,,,725.37
"1991-07-01",20833.9680149147,48.2301956024406,44.4405541902338,2.41586201479325,46030.5,158752.7,,18.1,16.4,,,,728.96
"1991-08-01",21335.7664877246,48.5692671875167,44.8313198744448,2.19068782438424,46812.7,162321.1,,18.62,16.6,,,,731.12
"1991-09-01",21539.4654973607,48.934214849273,45.0933719291865,2.26831448851999,48311.6,165684.3,,19.14,16.9,,,,739.74
"1991-10-01",21951.6882208651,49.3065647633574,45.3585764753212,2.36888994076866,48835.9,168160.7,,17.81,17,,,,748.96
"1991-11-01",22346.3340234643,49.7699988028235,45.7962966195643,2.37611692046623,48840.6,168935.8,,17.38,16.9,,,,753.05
"1991-12-01",22496.8777556706,49.8824408146837,45.9322163963332,2.31222508261946,51779.2,171544,,16.84,16.8,,,,757.28
"1992-01-01",22537.0243337892,49.8956167996935,46.0363761340605,2.3633908708528,54119.8,176560.3,,14.4,16.7,,,,762.66
"1992-02-01",22897.4333546747,50.0497359582659,46.1797008279009,2.36926569306927,52869.8,177520.6,,14.21,16.2,,,,765.74
"1992-03-01",23199.242311536,50.5102130582603,46.4111338047031,2.36187987448652,53442.3,181428.9,,14.78,16.2,,,,771.19
"1992-04-01",23513.8552915501,51.1746346802022,46.6553932233778,2.3690690997251,54250.5,184184.6,,14.92,16.2,,,,778.28
"1992-05-01",23715.477725326,51.6900710507874,46.8856136049473,2.37795740297681,55402.1,187509.4,,14.9,16.1,,,,782.78
"1992-06-01",23944.7669831239,51.9980270098048,47.0915217774911,2.30175509328163,55901.7,188854.4,,14.85,16.1,,,,789.07
"1992-07-01",24091.9195807834,52.2316025452246,47.3588429467451,2.29703780552621,57375.4,192509.8,,14.89,15.7,,,,787.15
"1992-08-01",24087.7995028566,52.3905960336212,47.467824690679,2.49909175544777,57623.3,195100.7,,14.94,14.5,,,,789.32
"1992-09-01",24186.68091636,52.6470458489002,47.6534417229401,2.47164970370134,58638.5,198460.2,,14.86,14.3,,,,785.55
"1992-10-01",24490.1988253719,52.8403183717627,47.802552319064,2.45096348133384,60353.6,202247.8,,11.68,13.4,,,,783.65
"1992-11-01",24730.463157671,52.9041689915513,47.8040612672266,2.47599453484973,61746.6,207187.8,,13.17,12.4,,,,784.04
"1992-12-01",25042.6380169571,53.1432261447426,47.9755570087742,2.5388510914519,62124.7,208878.6,,13.51,13.2,,,,788.62
"1993-01-01",25268.3523504864,53.3682237288511,48.0960814601488,2.59575340729311,63545.1,213006.1,,12.2,12.8,,,,791.99
"1993-02-01",25467.7038227385,53.7018917063099,48.2805406610293,2.65499169980128,64386.8,217857.7,,11.05,12.34,,,,796.45
"1993-03-01",26142.3438267751,54.0602296326946,48.6116776024967,2.70437491849963,65965.8,220610.1,,10.86,11.5,,,,793.25
"1993-04-01",26478.2542267192,54.4657023380129,48.8532026284008,2.92704416545486,67712.4,223266.4,,10.65,11.1,,,,795.79
"1993-05-01",26745.9660982373,54.7430001477659,49.0015757718485,2.99403731444622,67873.8,226957.4,,11.12,11.3,,,,799.99
"1993-06-01",27190.8796750435,55.187644211511,49.397803240474,3.05632576839404,67821.4,229326.9,,13.02,11.8,,,,802.68
"1993-07-01",27421.8064315276,55.2197978723376,49.3983906341519,2.94293718523302,69473.9,233371.1,,14.07,12.2,,,,806.2
"1993-08-01",27439.1747548332,55.4576279340976,49.5795691517716,2.79397783634322,72043.7,238750.4,,13.46,12.2,,,,808.81
"1993-09-01",27939.6188136392,55.5582597910118,49.8507413210216,2.57320072291654,74462.7,240657,,12.41,13.05,,,,808.57
"1993-10-01",28015.2859293561,55.8688379494249,50.2412006707397,2.87941799341156,73560.9,241179.7,,11.97,12.39,,,,810.21
"1993-11-01",28423.7983996157,56.0490124990046,50.4123469279287,2.80772582138733,73025.3,245268,,11.4,12.29,,,,807.12
"1993-12-01",29114.6156710282,56.5212375893415,50.7311775130617,2.66355371669718,72851.8,245569.4,,11.5,12,,,,809.4
"1994-01-01",29728.9326776484,57.3104225113531,51.1175755146447,2.56788121396969,73831.5,250986.6,,10.55,11.9,,,112.705158382673,810.48
"1994-02-01",30340.6512695573,58.0472607506634,51.5542563830966,2.54529498325628,74784.7,255604,,10.93,11.9,,,112.146018943259,809.23
"1994-03-01",30814.1160527943,58.4157673133797,51.7161152174213,2.60657164301921,75590.7,261728,,11.97,12.1,,,112.271343300369,807.54
"1994-04-01",30861.0021501889,58.6827800924829,51.7460086578644,2.604812530364,76360.6,267109.1,,11.55,12.1,,,111.442274476409,808.56
"1994-05-01",31314.3959791089,58.8088357645397,51.806102871923,2.42709430440772,77502.6,272432.6,,11.71,12,,,110.960257718293,806.55
"1994-06-01",31890.9018707022,59.4233799800532,52.3597310846999,2.33011083635941,79926.5,276755.9,,12.59,11.9,,,110.825293026021,806.64
"1994-07-01",31950.99057884,60.1252194754575,52.8493401309284,2.39066935561966,81127.6,282332.3,,12.47,12,,,109.928741855925,805.12
"1994-08-01",32634.201804447,60.4828732817063,53.2377904385436,2.34833580597578,80070.1,283814.4,,14.98,12.2,,,110.420398949203,803.46
"1994-09-01",33146.107616713,60.2883561979191,53.0875912883778,2.25452342829761,81371.8,286946.8,,12.39,12.4,,,109.147874707777,800.73
"1994-10-01",33586.8021782815,60.3228987909862,53.1190742959232,2.21674650802911,82605.6,289767.2,,11.47,12.7,,,108.193481526708,798.76
"1994-11-01",34259.4975143937,60.7055747299078,53.4615348397484,2.17429988488313,83097.1,294685.3,,12.73,12.9,,,108.569454598038,796.33
"1994-12-01",34469.0003073248,60.9765952401874,53.5011723930891,2.1660970940476,83616.8,297561.6,,14.05,13.5,,,110.295074592093,791.86
"1995-01-01",35088.8715658648,61.3919516578333,53.7281369847511,2.0713925694298,86715.1,302613.1,,15.61,13.9,,,110.61320565245,790.48
"1995-02-01",35364.4178887242,61.8394878264382,53.8251603467173,2.09568045946826,84707.4,302288.6,,14.89,14.2,,,110.054066213035,790.73
"1995-03-01",36194.110545411,62.3776274029258,54.1221879943009,2.07612558401835,87076.2,310961.3,,12,14,,,109.311760405537,778.69
"1995-04-01",36739.7796947602,63.0391188050469,54.3848022705434,2.00879782860581,87423,318013.5,,12.5,13.5,,,107.95247314765,767.5
"1995-05-01",37038.6860652452,63.6761183855775,54.542252675729,1.9786011610041,87931.3,323617.5,,13.48,13.5,,,109.147874707777,761.4
"1995-06-01",37885.3342399947,63.9896419639069,54.6009602984965,1.96458216596514,89476.8,329349.7,,12.68,13.2,,,108.376647894792,761.04
"1995-07-01",38427.5852868399,64.608411110962,54.8159670572586,1.94297234461469,90410.1,334995,,11.23,12.8,,,110.07334688336,757.01
"1995-08-01",38863.1611106505,64.8907074677413,55.0890748519442,2.02311274182996,90661.7,340586.3,,11.57,12.1,,,112.550913020076,767.96
"1995-09-01",39033.8536025097,65.0777594394212,55.5672956717549,2.05200276787166,89517.5,345439.4,,11.3,11.2,,,114.411497706404,772.35
"1995-10-01",38837.3716357766,64.2891389715407,55.4636156595008,2.11603978832608,91836.7,351291.1,,11.04,10.8,,,113.948761618612,767.4
"1995-11-01",39010.4434130103,64.1636688139731,55.6335667162875,1.97112997384605,93913.1,361169.6,,11.31,10.4,,,113.833077596664,769.41
"1995-12-01",39703.4849512131,64.5170420536744,55.9691346279068,1.85397399235968,96576.7,366621.6,,10.96,9.2,,,114.681427090949,771.08
"1996-01-01",40270.2857612979,65.3271480982617,56.2642898422985,1.90605550128196,94076.7,368750.4,,10.45,10,,,114.074085975722,787.27
"1996-02-01",40869.7784557321,65.5775105744991,56.367153526501,1.8725570361008,96720,372362.2,,10.68,10.7,,,115.173084184227,780.28
"1996-03-01",41057.83578297,65.7431656963715,56.5465988444732,1.90278239609814,97770.5,382131.1,,10.32,10.8,,,115.500855579746,781.25
"1996-04-01",41538.078058189,65.6343404163961,56.8467878732939,1.90773127175476,99363.7,388197.3,,9.46,10.3,,,116.243161387244,780.43
"1996-05-01",41860.8341247163,65.8547500442502,57.2574968668559,1.96513090817718,101343.6,393810.8,,11.41,10.3,,,116.744458815685,780.16
"1996-06-01",41788.1878170948,66.1661519342429,57.5121630847524,2.0451724622638,102200.9,400530.7,,12.37,10.7,,,114.739269101922,797.96
"1996-07-01",42584.8454318574,66.4281055328231,57.8483711840172,1.92594518336292,101994.8,404666.1,,12.94,11.05,,,113.129333129815,812.76
"1996-08-01",42873.3573320134,66.6120787975985,58.0107121828145,2.02049711176026,102071.7,410169.2,,15.39,11.53,,,112.184580283908,816.81
"1996-09-01",43319.2972361293,66.5973362288045,58.0801930745217,1.95668384026842,105486.6,414432.9,,13.91,11.36,,,111.847168553227,821.76
"1996-10-01",43394.84595654,66.7239391884197,58.2075502134654,2.01274137163316,106027,417396.2,,14.42,11.26,,,111.586879503844,827.61
"1996-11-01",43879.1234672179,66.9221728733468,58.5356089961714,2.19935083365103,107407.3,424143.3,,14.35,11.32,,,110.786731685372,828.18
"1996-12-01",44331.8305762421,66.8542854834883,58.6469610370266,2.35693703925474,109948.9,428974.2,,12.48,11.44,678.869160970052,,110.391477943717,839.02
"1997-01-01",43624.9613624379,67.2325912874363,58.870944450516,2.35897265618476,112772.9,435847.3,,11.36,11.26,669.451901390439,,110.786731685372,849.88
"1997-02-01",44421.8475094561,67.1961666253076,59.0762229273832,2.63021063258356,113664.8,441350.7,,11.52,11.1,698.520523874383,,111.239827438001,866.85
"1997-03-01",44897.191128106,67.1400898480669,59.1238841068306,2.95181370166716,115742.8,447989.7,,12.91,11.4,657.586193266369,,110.131188894334,879.41
"1997-04-01",45653.8425450914,67.2358050164892,59.3223697218009,2.67788856345387,117208.3,452030.1,,12.97,11.46,693.637720281428,,108.983989010018,893.56
"1997-05-01",45915.1335796964,67.45112583722,59.487673521726,2.57838125008757,116379.4,461510.1,,12.41,11.36,712.754208213405,,107.682543763105,892.05
"1997-06-01",46664.1238752122,67.7900334523818,59.8665939073858,2.4560068281626,117752.2,471436.5,,11.17,11.04,765.17200012207,,107.53793873567,889.49
"1997-07-01",46497.0508243838,68.1643342264278,60.0372938346635,2.33181065375762,118775.9,479701.2,,11.41,11.17,751.725452769886,,108.849024317745,890.5
"1997-08-01",47469.1604356564,68.6834870668134,60.3397924953026,2.22449879020774,121890.9,485015.2,,12.39,11.68,741.660501098633,,110.632486322774,895.9
"1997-09-01",48256.9887399598,69.4484119377439,60.5405317098648,2.40989725057362,124162.1,490967.1,,13.17,11.25,676.22894608347,,109.572049454919,909.53
"1997-10-01",48793.5032829389,70.4416626400321,60.598814800042,2.35755516668503,125659,500745.7,,13.56,11.25,581.165908813477,,107.875350466351,921.85
"1997-11-01",49069.5912617165,71.3929362860176,61.0506181066047,2.86013233930181,125113.6,509093.2,,14,12.11,497.304000854492,,98.2157346337074,1025.58
"1997-12-01",49238.6054553447,72.8941426662988,62.450448992236,3.13539199523932,124650.8,514939.4,,21.29,15.32,389.699440850152,,70.7600600914225,1484.08
"1998-01-01",47978.7882335637,74.1275305354662,63.7418995661867,4.0560620079194,124709.6,541892.1,,25.34,16.58,473.891766716452,,65.6121211147441,1706.8
"1998-02-01",47727.5158390519,74.431878313718,64.7024929486453,4.89216883201699,114865.7,553911.2,,23.43,15.25,524.513005065918,,68.359616636005,1623.06
"1998-03-01",46234.4959273844,73.5048319943392,64.4182055167253,5.60222459571912,105335.1,558275,,22.47,15.2,523.670453158292,,74.5679924805386,1505.28
"1998-04-01",45705.4579175045,72.5800278196374,64.5760115316525,6.36598182183461,104631.6,575766.8,,21.31,15.2,443.785910866477,,80.1786675450083,1391.97
"1998-05-01",45562.5141914541,71.633748981177,64.4044743569625,7.0473697228086,104892.3,584558.9,,18.63,15.2,354.215261358964,,79.6580894462431,1394.62
"1998-06-01",45410.4278910413,71.317597555599,64.3957003636736,7.45518987687144,101218.6,587501,,16.32,14.26,314.184763590495,,81.1427010612402,1397.18
"1998-07-01",45480.3123246998,71.4643650644111,64.4626429765128,7.99333932904937,112290.1,609758.4,,12.73,12.24,328.953180486506,,87.9680583561622,1300.77
"1998-08-01",46033.5507346551,71.2115150046969,64.5216474819655,7.6878345727935,114517,620688.8,,9.52,11.69,312.293810163225,,87.630646625481,1303.22
"1998-09-01",46538.1369406451,70.8452974832576,64.6958303428422,7.91725614971763,117618.9,621343.9,,8.45,11.85,312.233180652965,,81.6922001654924,1370.8
"1998-10-01",46256.5668542313,70.4501641769552,64.910795511685,7.96434971878357,118548.9,634485.9,,7.34,9.78,355.24349822998,,80.622122962475,1336.72
"1998-11-01",46769.0553716556,70.4816522359332,65.1799393851078,7.99638492914576,120280,641618.4,,7.26,8.72,427.714760916574,,83.5045831760084,1294.13
"1998-12-01",47090.1777741131,70.5007625869246,64.9143017492779,7.87462578752044,117883,636762.4,,7,7.59,526.508946468956,,88.4018734384666,1213.65
"1999-01-01",47572.8479082359,71.0373351792716,64.6757467620675,7.59782663685911,122439.5,659275.2,,6.35,7.53,596.528503417969,,90.8601589048579,1176.94
"1999-02-01",48730.5405791319,71.1453201834688,64.8048321384523,7.20324449043562,127681,668675.3,,5.63,8.56,532.965297923368,,91.496421025571,1186.81
"1999-03-01",49052.7115126322,70.5589965425301,64.7259656801032,7.05848676922534,128647.2,664618.6,,5,8.23,586.220905650746,,89.6454766744057,1229.16
"1999-04-01",48734.212598614,69.7063709301959,64.8625439968745,6.92143354139755,139194.1,674992.8,,4.8,7.28,721.121430896577,,91.0915269487536,1208.94
"1999-05-01",49816.4224109111,69.3607683053391,64.9400459198052,6.67655254922446,143973.4,681991.9,4.75,4.77,8.15,745.417492675781,,91.9977184540116,1197
"1999-06-01",50253.3649904749,69.6606321721298,64.7775966773608,7.3,147921.8,673095.7,4.75,4.79,8.19,841.368632923473,,93.9257854864754,1169.63
"1999-07-01",51489.5930996898,70.6144674603767,64.6376177589861,7,152955,688655,4.75,4.77,8.37,971.43227039684,,91.9687974485246,1186.04
"1999-08-01",52249.1703414877,71.7543087068108,65.1384743352032,6.4,153436.5,679013,4.75,4.73,9.21,933.070001775568,,90.6673522016115,1199.79
"1999-09-01",53286.5365588224,71.7315285802776,65.1833490840445,5.7,156970.8,677834.3,4.75,4.72,9.78,926.881991577148,,89.4526699711593,1196.97
"1999-10-01",53360.4833182721,71.7681130341159,65.6333245630271,5.5,160297.4,676799.2,4.75,4.76,9.31,828.575718470982,,89.0381355591796,1206.38
"1999-11-01",54409.0394820659,71.7558379989854,66.0505595183443,5.2,164544,678222.6,4.75,4.75,9.92,950.12227006392,,91.4096580091101,1177.22
"1999-12-01",54114.377199662,71.4537830588201,65.8103677901578,5.1,166842.3,669798.8,4.75,4.77,10.07,984.483996582031,,94.2921182226435,1138.39
"2000-01-01",54748.3983184236,71.5165429066043,65.9109761508037,5,167950.2,676436.9,4.75,4.76,9.91,952.520004272461,,95.1983097279015,1131.07
"2000-02-01",54879.557798294,71.5543726596077,65.9652423816592,4.8,167651.1,677174.8,5,5.01,8.78,903.65,,96.6443600022494,1128.8
"2000-03-01",55216.8438832824,71.5555575816977,66.0807430796878,4.5,172859.5,683311.2,5,5.09,9.21,878.349090576172,,98.0132875952987,1117.19
"2000-04-01",54854.2588910372,71.1846613514696,65.79841718954,4.5,183807.2,692383.6,5,5.09,9.1,779.746107313368,,98.2253749688697,1109.76
"2000-05-01",55570.8287840844,70.7602505798534,65.6732415177504,4.3,183105.2,690294.1,5,5.11,9.18,720.768499755859,,98.5531463643886,1120.01
"2000-06-01",55719.6123248784,71.0952403165425,66.1956057021371,4.2,184441.6,686899.3,5,5.11,8.83,795.046665736607,,98.0422086007857,1118.73
"2000-07-01",56721.0866140242,71.0933316977804,66.5635247843828,4.1,187341.2,698515.2,5,5.12,8.06,794.128005981445,,99.3147328422118,1114.86
"2000-08-01",57296.3823306513,71.0751870611853,66.7194712986533,4.2,187232.1,703114.8,5,5.13,8.04,720.344549005682,,100.326968034255,1114.57
"2000-09-01",57494.1310553246,71.8739716265456,67.4622241672031,4.4,182615.5,697329.9,5,5.11,8.22,622.914994981554,,101.638053616331,1116.5
"2000-10-01",57544.5439257385,71.9340516348338,67.3638616123347,4.1,184734.2,698792.9,5.25,5.32,8.25,548.066181001209,798.191665649414,101.368124231786,1127.31
"2000-11-01",57694.273926819,72.2863708266128,67.5063552585383,4.2,188637.7,704545,5.25,5.33,7.86,544.086360584606,773.777268843217,98.504944688577,1151.15
"2000-12-01",57992.5821474425,72.6884588689784,67.6692167638316,4.3,191344.8,704065.6,5.25,5.34,7.18,526.360597498277,650.294114056756,93.9257854864754,1214.4
"2001-01-01",58772.9908796478,73.4461365727127,68.1875288164227,4.5,195338,711351.5,5.25,5.29,6.65,585.017892937911,718.49999036287,90.2913791302811,1272.82
"2001-02-01",59549.3130094987,73.7131304425081,68.379191093941,4.6,195132.7,714773.7,5,5.12,6.41,593.398498535156,822.324996948242,92.5182965527768,1252.44
"2001-03-01",60114.8961108536,74.0375169529216,68.7192125595582,4.5,201026.2,717620.7,5,5.02,7,543.889049711682,720.609526134673,91.8723940969014,1288.43
"2001-04-01",60429.4180543765,74.1809736486871,68.9789485795152,4.1,201947.2,720839.2,5,5.01,7.74,530.266499328613,707.520004272461,90.3685018115796,1325.55
"2001-05-01",60843.6995662503,74.2815810721536,69.135002074026,3.9,205960.3,730570.3,5,5.01,7.58,600.733634255149,822.122725053267,92.1423234814464,1298.46
"2001-06-01",61432.4823793732,74.6629546322895,69.5000322225241,3.8,210716.9,738363.6,5,5.01,7.14,602.930505371094,790.795001220703,93.2895233657623,1293.83
"2001-07-01",61575.3339717818,75.0761350364695,69.7523993132869,3.8,214297.4,749966.5,4.75,4.8,6.83,554.113810221354,699.190476190476,93.5112510744957,1302.6
"2001-08-01",62296.1655896852,74.8603352353169,69.8330628282131,3.7,219973.8,755723.8,4.5,4.59,6.29,567.646365079013,685.89546064897,93.6558561019305,1285.39
"2001-09-01",61957.700438533,74.1596539706302,69.6341773653626,3.7,231949.6,765193.1,4,4.31,6.19,504.044500732422,544.260006713867,91.9880781188493,1293.7
"2001-10-01",61628.119853072,73.3443005510138,69.650448524102,3.7,234110.9,765566.9,4,4.01,6.54,523.274496459961,602.369998168945,92.2001654924203,1302.6
"2001-11-01",61993.3202697891,73.316548184553,69.784196737153,3.7,237306.6,764751.7,4,4.02,6.88,604.920909534801,681.813634699041,93.732978783229,1284
"2001-12-01",62129.6598771389,73.9815126419511,69.842673206083,3.7,245247.9,763847,4,4,7.01,665.945794356497,712.094739412007,94.2631972171566,1289.66
"2002-01-01",64269.1120868494,75.2123726930068,69.9921716582909,3.6,256490.7,774224.7,4,3.98,7.1,738.99408791282,752.24545842951,93.5401720799826,1317.6
"2002-02-01",65751.7961073542,76.0390195071076,70.1926843761937,3.4,264796,784552.7,4,4.01,7,774.417645622702,756.741175034467,93.8390224700145,1318.72
"2002-03-01",66888.9918057964,76.291605497119,70.3077319455763,3.4,264984.7,798918.7,4,4.01,7.17,864.66350402832,890.795001220703,93.5401720799826,1322.51
"2002-04-01",67425.3898961965,76.420604529355,70.7001088913291,3.4,259664.6,808269.2,4,4.01,7.3,894.033342633929,835.52380952381,93.9547064919624,1318.93
"2002-05-01",67515.4173280755,76.626833617544,71.1966999756202,3.3,260967.9,817431.9,4.25,4.25,7.09,842.229999889027,758.909093683416,97.2324204471509,1266.06
"2002-06-01",67324.892775728,76.332363978817,71.2878621961083,3.1,261037.2,821128.2,4.25,4.29,6.76,784.302222357856,669.994435628255,99.0930051334785,1223.47
"2002-07-01",67778.1291073618,75.6548138160092,71.1963694932961,3.1,257836.5,829984.9,4.25,4.28,6.54,753.670000348772,626.600001743862,100.34624870458,1185.12
"2002-08-01",68298.2394099293,75.6973240235464,71.4629542539044,3.3,264519.3,835984.1,4.25,4.29,6.24,713.232857840402,579.114289783296,100.230564682632,1196.37
"2002-09-01",68255.0314827089,76.1455953500433,71.7289744152444,3,267525.4,848773.9,4.25,4.3,6.16,703.000494384766,537.149998474121,99.9027932871133,1208.5
"2002-10-01",68985.2367599549,76.437177816242,71.6247465422262,3.1,276891,862428.8,4.25,4.3,6.11,642.223635586825,475.113636363636,97.8590422327016,1241.13
"2002-11-01",70069.8628098788,77.2406639340709,72.1981025629068,3.1,276813.5,868092,4.25,4.29,5.8,679.734764462426,485.028571719215,99.1604874796147,1211.91
"2002-12-01",70663.3004301663,77.6271269766338,72.4688293498628,3.1,280846.7,871564.1,4.25,4.3,5.77,699.835786518298,512.599998072574,99.3436538476988,1208.91
"2003-01-01",70089.3622215004,77.9354267642642,72.6638151978477,3.3,281563.7,882004.1,4.25,4.28,5.43,630.977614629836,466.623808361235,100.519774737502,1179.27
"2003-02-01",70413.9001722182,78.2675694291895,72.9330492990361,3.2,284166.7,883705.6,4.25,4.3,5.15,591.56149597168,431.375,99.4882588751336,1191.19
"2003-03-01",71491.0376062814,78.8766124407216,73.4945944873769,3.3,277142,887466.4,4.25,4.24,5.2,550.748102097284,379.833331880115,96.5768776561132,1232.4
"2003-04-01",70960.8979663207,79.0345470549624,73.3589930479926,3.4,272139.9,882446.3,4.25,4.24,5.03,585.876817183061,419.227274114435,96.48047430449,1232.82
"2003-05-01",71025.8922773089,79.1804935730269,73.4539866423883,3.6,279225.3,883262.6,4,4.07,4.68,613.487365722656,448.494734914679,96.9528507274436,1199.78
"2003-06-01",71971.2097563703,78.891797319756,73.4254058294424,3.6,275001,880029.8,4,4.01,4.46,663.170501708984,490.735000610352,97.3673851394233,1194.02
"2003-07-01",70822.962466635,78.7728019981294,73.4401481679645,3.7,276685.5,888595.9,3.75,3.83,4.95,703.525912198153,509.468186811967,99.0737244631538,1181.59
"2003-08-01",72509.5462150867,78.5836210951623,73.5690157344669,3.6,282857.6,889963.5,3.75,3.74,5.26,731.645999145508,488.109999084473,99.9799159684118,1178.42
"2003-09-01",73461.0913182784,79.1059964396192,74.0850637397261,3.7,281080.1,889643.2,3.75,3.74,4.77,742.291060598273,481.563156931024,100.654739429774,1166.17
"2003-10-01",74600.4875227805,79.4935359607149,74.319547632318,3.8,292133.4,891214,3.75,3.75,4.87,756.449998335405,468.481818459251,98.3699799963046,1166.27
"2003-11-01",75006.9403791674,79.9888386056908,74.6791143578887,3.9,291486.4,895503.7,3.75,3.78,5.35,789.045001220703,459.105001831055,96.3937112880291,1184.87
"2003-12-01",75757.2720980521,80.2179258159559,74.9449452065456,3.7,295032.3,895639.8,3.75,3.78,5.43,801.179048084077,459.509524390811,94.9380206785189,1192.95
"2004-01-01",75700.014869772,80.3560589159666,75.138305242372,3.5,302736.1,897070.9,3.75,3.78,5.42,845.529442681207,448.275000678168,94.8416173268957,1184.32
"2004-02-01",77439.3517878446,80.3803569201074,75.3420315039077,3.5,308869.9,906986.7,3.75,3.76,5.43,867.451501464844,439.047001647949,96.4226322935161,1166.69
"2004-03-01",77352.8333423834,80.9785242842267,75.7686757742919,3.5,307305,911447.1,3.75,3.76,5.26,875.578183260831,431.49045493386,98.1000506117596,1166.34
"2004-04-01",77876.9479816451,81.1378897626682,75.759948723932,3.6,302290.3,920236.6,3.75,3.75,5.25,907.142498779297,463.203500366211,99.0351631225046,1150.85
"2004-05-01",78652.2044368212,81.2919749225903,75.8997997441896,3.7,301725.2,923153.4,3.75,3.76,5.16,798.787896407278,408.406314247533,97.9747262546495,1177.37
"2004-06-01",78079.6475815336,81.5696976047476,76.1136367258444,3.5,304804.3,923962.3,3.75,3.76,5.01,771.611819180575,383.965909090909,98.7845144082843,1158.65
"2004-07-01",78268.6037082115,81.9046511116778,76.5960658234998,3.8,299608.4,930869,3.75,3.77,4.88,746.067732377486,358.980457652699,99.0448034576669,1157.66
"2004-08-01",79365.7857325647,82.2377125019416,77.0741368239863,3.7,298549.1,938875.7,3.5,3.61,4.33,770.306368741122,344.080909035423,100.269126023281,1159
"2004-09-01",79739.8105592239,82.1004784011732,76.9163549200626,3.7,298608.5,941989.4,3.5,3.52,4.14,835.915787546258,368.116840563322,100.481213396852,1147.97
"2004-10-01",80092.1060077192,82.4825520242617,77.1340487531228,3.7,306654.9,943282.3,3.5,3.52,4.05,849.11333937872,365.103332519531,99.864231946464,1144.04
"2004-11-01",80553.0389722347,82.4507844374749,77.1517714874809,3.8,311526.7,953327.6,3.25,3.35,3.96,863.101817737926,367.718182650479,102.245394731557,1091.19
"2004-12-01",79764.9550200461,82.4331402212775,77.2104988717274,3.8,318060,953841.5,3.25,3.27,3.85,873.061362526634,376.906815962358,104.87720623087,1050.91
"2005-01-01",80772.1238098512,82.4765326761303,77.7074907219526,3.8,322800.5,958504.2,3.25,3.26,4.42,903.349051339286,436.910475957961,107.422254713722,1038.23
"2005-02-01",80115.2589837527,82.4484987142007,77.8913823495489,3.6,334427.3,971109,3.25,3.26,4.88,964.478228400735,492.306466495289,109.138234372615,1022.43
"2005-03-01",81556.517206396,82.2231453886295,78.0516065270906,3.6,334382.8,969658.2,3.25,3.25,4.77,988.227724942294,474.283635919744,110.902415707319,1007.49
"2005-04-01",81600.7934967178,82.1369198247514,78.1375760267739,3.7,334291.3,982939.9,3.25,3.26,4.69,955.410494995117,448.709498596191,111.413353470922,1010.94
"2005-05-01",81993.0969468558,82.1073956243383,78.2239352127057,3.7,333197.3,987911.3,3.25,3.29,4.42,938.979518345424,441.459043956938,112.377386987154,1002.21
"2005-06-01",82552.9095564264,82.0584068755574,78.2205723754566,3.8,345037.8,995096.2,3.25,3.27,4.46,991.336190359933,487.548572358631,112.589474360725,1010.87
"2005-07-01",83340.5140266067,82.3720128305794,78.4985737595377,3.8,341141.9,1004623.4,3.25,3.25,4.89,1058.70667375837,525.008565266927,110.912056042482,1037.44
"2005-08-01",83696.6017855267,82.5723617994545,78.5977770048891,3.7,340903.5,1007822.6,3.25,3.25,5.08,1101.83499977805,517.154092962092,111.461555146734,1021.17
"2005-09-01",84161.4841878666,82.9321980811784,78.8295237172626,4,341871.5,1013018.5,3.25,3.25,5.15,1171.0171421596,538.365719749814,110.728889674398,1029.33
"2005-10-01",84713.7543531088,83.1447842205089,78.8999997196593,3.9,331317.7,1009310,3.5,3.44,5.36,1190.86450195312,591.702499389648,109.793777163653,1046.25
"2005-11-01",85884.9289306956,83.072206247893,79.0556674925523,3.6,305606.9,1013663.2,3.5,3.49,5.68,1253.25726318359,652.369995117188,111.27838877865,1041.43
"2005-12-01",84787.5167161955,82.9338920703274,79.2263294556652,3.6,325588.6,1017302.3,3.75,3.7,5.6,1338.80905877976,721.047613234747,113.119692794653,1024.15
"2006-01-01",85293.4999473501,82.3783634261326,79.4386065967697,3.4,332506,1028054.9,3.75,3.74,5.58,1379.32381184896,708.266188848586,116.233521052082,987.03
"2006-02-01",85392.2803045008,81.9025053148635,79.4750673287836,3.5,326096.3,1034033,4,3.92,5.28,1341.72198486328,656.840496826172,118.392956128441,970.22
"2006-03-01",85523.119748149,81.7646140962587,79.6343302386105,3.5,327706.7,1038058.3,4,3.97,5.42,1331.71999289773,657.49999445135,118.200149425195,975.09
"2006-04-01",85254.8980210377,81.7991661783465,79.7301040223102,3.5,326656,1044068.2,4,3.97,5.45,1415.92099609375,693.712503051758,119.655840034705,954.44
"2006-05-01",86309.3200640607,81.9841521015794,80.0217848249546,3.4,333194.7,1062511.4,4,3.96,5.2,1388.8344909668,663.35100402832,118.749648529447,941.4
"2006-06-01",86303.5819149016,82.0760632439449,80.1022632010709,3.5,342682.2,1075247.3,4.25,4.17,5.25,1249.1904703776,576.711422874814,118.277272106494,955.16
"2006-07-01",85452.0807591722,82.4243863711505,80.3269353704876,3.5,325918.5,1081775.7,4.25,4.21,5.16,1277.99499511719,563.446493530273,119.154542606265,950.15
"2006-08-01",88792.1358549168,82.6571829700134,80.7107015490998,3.5,329103,1092717.1,4.5,4.42,4.94,1316.08454478871,553.359547008168,117.756694007728,960.72
"2006-09-01",89812.483385911,82.786439954496,80.8041263922915,3.5,336079.4,1112574.3,4.5,4.47,4.89,1356.52619861421,597.942379906064,119.356989644673,953.68
"2006-10-01",89650.9092542759,82.7588619340077,80.6386785150925,3.6,333322.6,1117405.9,4.5,4.48,4.79,1354.03789961965,577.501574064556,119.193103946914,954.23
"2006-11-01",89310.5445084682,82.9644464101789,80.6877250101403,3.5,344323.5,1128613.2,4.5,4.47,4.91,1403.92589222301,607.567274613814,119.578717353407,936.22
"2006-12-01",88568.3462372559,83.3509779886823,80.8811046839333,3.4,361484.4,1144573.1,4.5,4.49,4.95,1418.83262875206,608.558950323808,119.636559364381,925.75
"2007-01-01",90042.6894979589,83.2510763055993,80.7666694640702,3.3,352704.8,1147306.3,4.5,4.63,5.04,1379.25,593.230452104048,119.250945957888,936.36
"2007-02-01",91774.3552040003,83.6436777820984,81.206119448955,3.1,350682.4,1147909.9,4.5,4.6,5.01,1434.89421001234,602.081051475123,119.193103946914,937.02
"2007-03-01",92244.6552980408,83.8052317494783,81.3859896359333,3.2,313675.6,1160311.5,4.5,4.6,4.94,1432.48100585938,628.485504150391,117.853097359352,943.26
"2007-04-01",93307.8247298644,84.0111600776534,81.7066539842644,3.3,303654.3,1163956.2,4.5,4.69,5.07,1517.11572846912,678.002851213728,118.740008194285,931.5
"2007-05-01",93743.7845583877,84.1286937068315,81.8922913803367,3.3,305856.1,1177305.6,4.5,4.61,5.22,1614.94334193638,709.780000232515,118.826771210746,927.91
"2007-06-01",93614.3907117479,84.3331343991831,82.1196619987044,3.3,309469.1,1193136.8,4.5,4.54,5.48,1754.28400268555,779.108502197266,118.826771210746,928.32
"2007-07-01",94258.5723575316,84.4893008695276,82.3490753272439,3.3,293629.4,1208042.7,4.75,4.67,5.52,1911.55905296689,811.987618582589,118.913534227207,918.85
"2007-08-01",95586.6795449821,84.4538234755009,82.3617822046128,3.3,296532.4,1212977.9,5,4.92,5.42,1815.01999733665,764.455000443892,116.194959711433,933.8
"2007-09-01",95703.4480974863,84.9152442598855,82.703870485647,3.3,296231.5,1224764.4,5,4.98,5.52,1879.03354061351,777.611766142004,116.031074013673,932.41
"2007-10-01",98151.0672025041,85.3298404989224,83.0829182051094,3.3,301902.2,1244856.2,5,5,5.56,2004.55136940696,801.545451771129,116.329924403705,915.86
"2007-11-01",98274.6840693574,85.6455213586364,83.5013341376971,3.3,305574.4,1255772.9,5,5,5.61,1924.84089799361,755.686359752308,113.27393815725,916.98
"2007-12-01",97839.1487281384,85.5813891248863,83.8046231235263,3.2,308233.9,1277716.2,5,4.99,5.82,1903.98665364583,722.256673177083,112.155659278421,930.24
"2008-01-01",98079.2406221222,84.9526006249888,83.8836463452806,3,299210.7,1300788.9,5,4.99,5.56,1732.28591641513,667.124545010653,109.234637724238,942.39
"2008-02-01",97748.3504902879,84.8486589360258,84.0922521805424,2.9,300867.1,1321330.6,5,4.97,5.28,1689.53389485677,647.377780490451,107.653622757618,944.69
"2008-03-01",99017.6088875899,85.3351936239448,84.6169258625282,3,295571.5,1325472.1,5,4.97,5.36,1651.15427943638,627.489042736235,101.782658643766,979.86
"2008-04-01",100160.609213006,86.1213603232562,85.0839013106112,3.1,303635.1,1357256.2,5,4.99,5.17,1776.5771484375,647.780953543527,100.808984792371,986.66
"2008-05-01",100765.279043167,86.981841199092,85.8857695669691,3.1,305176,1363020.8,5,4.97,5.5,1846.75052682977,649.4926275956,96.933570057119,1036.73
"2008-06-01",101349.911743827,87.519601321325,86.6583659174711,3.2,307760.3,1362676.1,5,4.95,5.89,1758.16950073242,619.325497436523,97.7047968701045,1029.27
"2008-07-01",101748.453043465,87.5539675868345,87.2124543986047,3.2,311300.2,1376448.5,5,4.98,6.03,1569.59956691576,536.918260657269,98.8519967544205,1019.12
"2008-08-01",102007.315951116,87.1787839396354,86.9878398664321,3.3,311886.7,1390953.9,5.25,5.21,5.91,1537.54549560547,507.134996032715,97.8783229030263,1041.54
"2008-09-01",102235.731005419,87.3522998020364,86.949849326657,3.2,318818.2,1393143.1,5.25,5.21,5.99,1446.56381952195,444.158095586868,91.4000176739478,1130.4
"2008-10-01",103800.580712994,88.0195242970856,87.1103985425039,3.3,321418.3,1410713.7,4.25,4.88,5.53,1201.69590620561,348.312273892489,80.1208255340344,1326.92
"2008-11-01",99843.1038331213,88.7392303023449,87.259597328583,3.4,321346.1,1416552.6,4,4,5.73,1073.94498596191,310.481001281738,76.9298745953068,1390.09
"2008-12-01",96216.8154538847,89.0888992174701,87.2763512464594,3.4,321234.4,1420513.9,3,3.27,4.87,1114.89999825614,324.979524158296,77.3251283369618,1373.84
"2009-01-01",97262.5374427855,88.5712110925759,86.9923015795194,3.3,326213.9,1447176.3,2.5,2.43,4.42,1156.37420975535,355.09736874229,78.4916088916025,1346.1
"2009-02-01",101658.228135109,88.864007896295,87.4982601823863,3.3,340886.3,1468724.4,2,2.06,5.24,1139.74548339844,377.443000793457,75.8212360516401,1429.46
"2009-03-01",102983.634422105,89.4537038480881,87.92124585979,3.6,346707.7,1477172.3,2,1.77,4.97,1140.45454268022,390.975455544212,76.2454107987821,1461.98
"2009-04-01",103377.887743197,90.1024654045104,88.1559571278984,3.7,355842,1489725.1,2,1.8,4.9,1322.09817782315,484.220911199396,82.3959446323417,1341.9
"2009-05-01",102965.505182078,90.4404536534202,88.2426536265028,3.9,358979.9,1497469.5,2,1.91,5.05,1400.49789910567,533.822109824733,86.0785526643476,1258.71
"2009-06-01",104369.207074725,90.4882075480332,88.3722944430756,3.9,368128.4,1504947.6,2,1.93,5.26,1395.24318070845,516.392723777077,84.671063730649,1261.35
"2009-07-01",105850.022659597,90.4766439142568,88.65153468949,3.8,364338.5,1508400,2,1.93,5.18,1460.03304390285,496.386522376019,84.5746603790258,1263.97
"2009-08-01",106322.358347899,90.454133712005,88.8747498099924,3.8,374321,1528685.5,2,1.98,5.44,1577.90713355655,515.612862723214,85.6832989226925,1238.4
"2009-09-01",108008.118992504,90.0966500883541,88.8517731413478,3.7,376292.4,1530457.4,2,1.99,5.38,1659.44682173295,523.157728715376,86.3677627192172,1219.15
"2009-10-01",106453.811010223,89.9226758523068,88.8543442302626,3.6,376039.7,1547684.4,2,1.99,5.45,1630.61285109747,501.831901913598,88.1608650594086,1175.25
"2009-11-01",107430.816640402,90.3313746080444,89.3744876708377,3.7,377088.6,1560275.6,2,2,5.39,1583.46666899181,477.154288155692,88.5271977955767,1164.23
"2009-12-01",108623.372349375,90.7483700436444,89.7226484647182,3.6,380301.4,1564576.2,2,2,5.31,1646.63714308966,498.351434616815,88.989933883368,1166.45
"2010-01-01",110358.76739515,91.2596786291965,90.0043634542294,4.6,381654.2,1588337.4,2,2,5.35,1682.1575012207,535.439505004883,92.0073587891739,1138.82
"2010-02-01",111376.750912048,91.5452963544176,90.036042102211,4,382828.1,1593006.8,2,2,5.3,1598.95632452714,505.319475675884,91.0626059432666,1157.08
"2010-03-01",112741.781692802,91.8212156644118,90.0863243977356,3.7,386158.4,1616280.1,2,2.01,4.92,1665.50407825817,518.701359141957,92.6050595692377,1137.64
"2010-04-01",114074.013423185,92.4364599198716,90.4754926450967,3.6,389151.1,1626339.8,2,2,4.91,1730.28682639382,512.855454878374,94.7934156510841,1117.11
"2010-05-01",114700.222978473,92.6534177173653,90.6515887636528,3.2,401124.7,1638256.5,2,2.01,4.95,1648.2999974301,497.846311870374,92.0073587891739,1163.11
"2010-06-01",114911.263598343,92.6137819899476,90.7678042024138,3.5,402894.5,1644664.2,2,2,4.93,1691.93713378906,493.296190534319,88.8453288559332,1212.33
"2010-07-01",115344.50919882,92.3844661443749,90.9232640398843,3.8,403197,1643203.9,2.25,2.21,4.91,1731.12272505327,490.97363836115,88.0259003671361,1207.3
"2010-08-01",115453.88815714,92.4952751323997,91.2493227594294,3.5,404745.4,1652293,2.25,2.27,4.68,1762.18364368786,475.352272727273,89.2213019272637,1179.92
"2010-09-01",116625.00264404,93.0174812718566,91.8905356123563,3.8,402569.1,1653930.4,2.25,2.27,4.28,1815.74946032072,482.358419317948,90.320300135768,1167.01
"2010-10-01",117942.765718943,93.2948906129842,92.1533882079844,3.7,410101,1664712.2,2.25,2.26,4.11,1889.69713774182,509.942379906064,90.773395888397,1123.45
"2010-11-01",117679.507037319,92.9742426626353,92.0324578376486,3.3,419332.9,1675564.8,2.5,2.37,4.48,1924.70726984197,514.876359419389,89.6743976798927,1126.2
"2010-12-01",118251.727243738,92.851039950294,92.4284009344238,3.7,418093.5,1654675.8,2.5,2.5,4.46,2002.50408380682,505.35727483576,89.2405825975883,1147.55
"2011-01-01",119441.799748089,92.6596430496799,93.0546973990816,3.5,430378.8,1672025.3,2.75,2.66,4.69,2091.60999116444,528.599051339286,91.3036143223246,1120.07
"2011-02-01",117355.219139275,92.6704960909295,93.5184266929158,3.7,430207.4,1679474.1,2.75,2.75,4.76,2002.86941348805,517.581173167509,90.9854832619681,1118.14
"2011-03-01",118997.981112636,92.649834557977,93.8236228906146,3.8,422908,1680236.3,3,2.92,4.51,2002.66908402876,510.594544844194,90.1178530973594,1122.45
"2011-04-01",118703.036715079,92.7747032334956,93.9692664682006,3.5,425144.2,1690397.6,3,3.01,4.48,2153.13237072173,528.44333031064,91.9687974485246,1086.84
"2011-05-01",119449.033673153,92.9138937003171,94.2121577659248,3.2,417819.9,1688354.1,3,3.02,4.34,2121.87196655273,494.712001037598,91.6121050475188,1083.54
"2011-06-01",120303.629611768,93.1578504810256,94.6160810893735,3.3,417457.5,1691081.9,3.25,3.2,4.24,2074.64381045387,469.032379150391,91.8241924210898,1081.27
"2011-07-01",120554.722899865,93.3991941117647,95.0538076756767,3.4,422556,1708850.2,3.25,3.26,4.23,2150.05618722098,511.546183268229,93.7522594535537,1059.5
"2011-08-01",121058.56496133,93.9025468178011,95.5212720626831,3.2,424596.2,1714816.8,3.25,3.25,3.96,1869.4077203924,488.16181529652,92.2290864979072,1073.17
"2011-09-01",121677.512138805,94.006126838832,95.3423427870642,3.3,421944.6,1730154.1,3.25,3.25,3.75,1790.94948730469,461.471501159668,89.3948279601854,1118.61
"2011-10-01",124198.591023662,94.572352869412,95.449502708311,3.2,425057.3,1739993.6,3.25,3.24,3.86,1832.17737458882,471.446502685547,87.1293491970404,1155.45
"2011-11-01",123768.199601625,95.2382588644123,95.865225895043,3.3,426157.5,1747627.2,3.25,3.26,3.8,1858.79546564276,497.85453935103,88.961012877881,1132.31
"2011-12-01",123067.309374714,95.5898965410478,96.2510265270154,3.2,428250.3,1745479,3.25,3.26,3.81,1863.23000953311,501.067138671875,88.6525221526868,1147.45
"2012-01-01",123748.333777139,95.0964352261198,96.1291821128695,3.2,432224.3,1754492.4,3.25,3.26,3.8,1891.01150512695,516.722004699707,88.7874868449593,1145.85
"2012-02-01",126247.508168774,94.908881512615,96.3064255414766,3.4,434393.9,1761834.9,3.25,3.25,3.81,2003.23142206101,532.841907319568,89.6743976798927,1123.35
"2012-03-01",123763.358054087,94.7594800484093,96.3349307514405,3.3,443130.6,1781796.6,3.25,3.25,3.95,2023.40714518229,532.37047467913,89.8382833776521,1125.9
"2012-04-01",124391.667067549,94.6277828638903,96.4120642071917,3.3,438477.8,1777140.1,3.25,3.25,3.9,1995.91951293945,495.468998718262,88.8356885207709,1135.55
"2012-05-01",125222.740269355,94.6840758441539,96.6261365457154,3.1,440282.9,1783471.9,3.25,3.26,3.75,1886.35094633556,474.828572591146,88.112663383597,1154.27
"2012-06-01",124731.292663096,94.6997257588596,96.712265619525,3.2,439542.4,1793953.8,3.25,3.26,3.63,1848.59950561523,474.776997375488,88.536838130739,1165.51
"2012-07-01",125148.923001694,94.4245024648824,96.4649265925629,3.1,444308.8,1810820.3,3,3.08,3.3,1826.75,480.604087136008,90.0889320918724,1143.36
"2012-08-01",124898.421128112,94.6096705899933,96.7125987268553,3.2,443419.9,1809494.1,3,3,3.09,1918.91228138317,485.391365744851,90.5131068390144,1131.69
"2012-09-01",126119.455870194,95.091795733352,97.3337048352772,3.2,446432.2,1814426.9,3,2.99,3.05,1961.28897705078,518.733004760742,90.4649051632028,1124.78
"2012-10-01",126809.537392925,95.0680477853576,97.4643836735071,3.1,450849.7,1824948.7,2.75,2.8,2.97,1942.19381859189,523.962376185826,91.3325353278116,1106.93
"2012-11-01",126650.308363088,94.9647177490686,97.4070631736314,3.2,452170.4,1828334.9,2.75,2.75,2.99,1904.70318048651,503.902274391868,93.0870763273536,1087.52
"2012-12-01",126942.554243988,95.1697256014821,97.5846170306286,3.1,461093,1840118.2,2.75,2.75,3.13,1973.841668023,488.588887532552,93.9065048161508,1076.97
"2013-01-01",128799.120434274,95.3647124815454,97.6922016483256,3.1,463033.3,1847193.9,2.75,2.76,3.05,1986.10317715732,508.582271229137,95.6224844750436,1065.35
"2013-02-01",128238.50191169,95.5984135663282,97.8068912905412,3.2,466684.8,1854094.3,2.75,2.75,3.04,1979.85474275288,515.550002248664,94.1957148710203,1086.68
"2013-03-01",128293.277654036,95.6623624776736,97.7720458765921,3.1,472618.3,1863650.9,2.75,2.74,2.91,1990.24299926758,547.077502441406,93.6076544261189,1102.2
"2013-04-01",129589.89249362,95.6886001214214,97.7374827588078,3,478262.4,1871682.6,2.75,2.75,2.84,1938.88408314098,551.684545343572,91.9591571133623,1121.83
"2013-05-01",130088.077506889,95.7426064722958,97.7472774860002,3,485799.3,1878597.5,2.5,2.55,2.9,1974.45378766741,571.901904878162,93.1931200141392,1110.67
"2013-06-01",130873.329999491,95.8295090602935,97.8288028695457,3.1,492009.2,1880737.5,2.5,2.49,3.31,1884.41261693051,530.756315532484,90.9372815861565,1135.21
"2013-07-01",131253.233763781,96.0146567214953,98.0335906964946,3.2,486514.4,1879888.3,2.5,2.48,3.47,1871.76826808764,534.226082179857,92.4990158824522,1127.23
"2013-08-01",132758.790089106,96.0443862151555,98.162225631324,3.2,488160.2,1890507.4,2.5,2.5,3.61,1896.96189662388,540.90761311849,93.1738393438145,1116.98
"2013-09-01",131638.476147113,96.062874671033,98.2854579988242,3,497420.6,1904728.3,2.5,2.5,3.53,1984.39445665148,527.960561116536,95.7092474915045,1087.35
"2013-10-01",133060.837575512,95.8598677908943,98.2902786778739,3.1,501066.2,1908084.8,2.5,2.5,3.44,2029.67523484003,530.553809756324,95.8731331892639,1066.8
"2013-11-01",132583.958153741,96.1170557886733,98.5610545875645,3.1,504201.1,1918112,2.5,2.5,3.584,2009.92431059338,513.813810802641,96.9817717329306,1062.82
"2013-12-01",133760.704270747,96.3533134437597,98.6701587703791,3.2,505709.8,1925002.7,2.5,2.5,3.653,1988.33400878906,496.170500183105,97.9168842436755,1056.67
"2014-01-01",134726.651117485,96.7349149968596,98.7560781834578,3.1,513084.4,1947515.6,2.5,2.5,3.647,1948.21950073242,512.441496276856,97.569832177832,1064.75
"2014-02-01",134801.237839309,96.8225012820168,98.7887690485079,3.6,521302.4,1964346.6,2.5,2.49,3.522,1937.73300170898,521.326501464844,97.0974557548784,1071.3
"2014-03-01",135863.711043205,96.8660930143298,99.0604280143155,3.4,518567.5,1966281.4,2.5,2.48,3.543,1952.42953055246,541.283333914621,97.357744804261,1070.89
"2014-04-01",136468.48205728,96.5688414743582,99.2325015746353,3.6,522129,1974261.2,2.5,2.49,3.54,1991.19135631214,559.970905650746,99.8160302706524,1044.55
"2014-05-01",134683.399446739,96.4777108660689,99.3886011327143,3.5,528450.9,1989131,2.5,2.49,3.402,1994.13472707648,551.000003212377,101.464527583409,1024.99
"2014-06-01",136749.918495981,96.42760688977,99.4520269804818,3.5,534302.9,1996979.2,2.5,2.48,3.286,1995.0836952611,532.720532869038,102.071868698635,1019.36
"2014-07-01",137972.420440402,96.6597557913739,99.6066145841866,3.5,540326.3,2017151.4,2.5,2.49,3.056,2021.95218558933,554.679140837296,101.792298978928,1019.93
"2014-08-01",135852.866995394,96.727619516525,99.5257378727673,3.6,546351.8,2029634.2,2.25,2.34,3.086,2060.93348388672,556.754995727539,101.917623336038,1025.36
"2014-09-01",136052.712564204,96.7425944113194,99.4036312307699,3.5,553260.3,2040018.6,2.25,2.23,3.012,2042.7105391653,573.427891781456,101.67661495698,1033.24
"2014-10-01",136510.543995679,96.878288535185,99.3904664614152,3.6,561472.8,2068512.8,2,2.06,2.769,1942.80287388393,557.548095703125,99.5943025619191,1060.28
"2014-11-01",137904.807039512,97.4336134906363,99.508036734321,3.5,569461.8,2081613.3,2,1.98,2.692,1959.64699707031,542.292001342773,97.627674188806,1095.1
"2014-12-01",140897.948964809,98.0956589652518,99.4616299551597,3.6,575571.9,2083218.2,2,1.99,2.681,1941.92570568266,539.515720912388,98.7652337379596,1104.33
"2015-01-01",141772.565371993,99.4425871916168,99.7431166931687,3.4,574438.4,2091409.6,2,1.99,2.415,1920.99285016741,577.280956449963,102.303236742531,1088.86
"2015-02-01",143429.202610807,99.7453090128532,99.4234371878437,3.7,591363.2,2110311.1,2,1.99,2.346,1961.00117043888,605.851174747243,101.233159539513,1098.4
"2015-03-01",143599.7320172,100.139051118114,99.5615324484651,3.5,602736.1,2130742.3,1.75,1.82,2.276,2012.6190962358,634.715909090909,101.233159539513,1112.57
"2015-04-01",144443.276787012,100.058935540695,99.6705200634844,3.6,619629.8,2158644.9,1.75,1.73,2.177,2107.26816073331,685.35273326527,103.064823220354,1088.66
"2015-05-01",143239.260579114,100.242527677318,99.9362576163188,3.7,626012.4,2170652.9,1.75,1.74,2.49,2114.89889865451,697.553334554036,101.879061995389,1091.27
"2015-06-01",144796.162633874,100.301870989376,100.150827438512,3.8,640185.4,2185308,1.5,1.57,2.468,2063.68590753729,722.82954268022,100.548695742989,1112.2
"2015-07-01",144792.400290459,100.453460823129,100.371918430105,3.7,653929.6,2201836.9,1.5,1.48,2.45,2058.03434952446,753.831301481827,98.4663833479277,1143.22
"2015-08-01",146412.943736117,100.112819200624,100.228894056404,3.7,664701.4,2220758,1.5,1.49,2.308,1952.54900512695,698.156005859375,96.9817717329306,1179.1
"2015-09-01",146950.055973424,99.5408977127861,99.8857459182446,3.5,681577,2222873.6,1.5,1.48,2.216,1939.5825012207,672.037997436523,96.4611936341653,1184.76
"2015-10-01",146745.897357406,99.5008813003245,100.123670834382,3.5,677674.7,2230980.7,1.5,1.48,2.088,2020.56715611049,683.135710216704,99.4207765289973,1148.18
"2015-11-01",146939.379210199,99.833300595839,100.324553370196,3.6,686623.1,2238505.8,1.5,1.49,2.254,2006.78094191778,680.234764462425,99.7581882596785,1151.97
"2015-12-01",147655.023432395,100.628358837324,100.579525942875,3.5,697722.2,2252171.2,1.5,1.48,2.181,1971.52857607887,665.952860514323,98.6495497160118,1172.24
"2016-01-01",148888.917920569,101.387851620687,100.388012827302,3.4,694112,2266781.4,1.5,1.49,2.025,1894.65100097656,678.811499023437,97.5505515075074,1201.67
"2016-02-01",150733.506057006,102.070401677094,100.523377056667,4,707188,2286645.5,1.5,1.49,1.826,1900.60999891493,651.046664767795,95.1308273817653,1217.35
"2016-03-01",151793.776022425,102.17521458505,100.42980172985,3.8,722197,2299682,1.5,1.49,1.854,1976.50273548473,684.440005215732,96.4708339693277,1188.21
"2016-04-01",151346.849886141,102.306368657293,100.663213936383,3.6,715769.8,2298306.6,1.5,1.49,1.81,1996.17049560547,697.671502685547,98.4085413369538,1147.51
"2016-05-01",153488.342198933,102.090363655704,100.708741835903,3.6,728339.6,2321864.7,1.5,1.49,1.787,1966.67551879883,693.60599975586,96.6057986616001,1171.51
"2016-06-01",153482.707914926,102.073798218775,100.897839594885,3.5,735456.8,2330392.4,1.25,1.28,1.617,1977.02951195127,686.206191289992,97.1842187713393,1170.5
"2016-07-01",152972.488638449,101.730878040812,100.785990095406,3.6,736924.3,2356688.8,1.25,1.23,1.401,2002.48284621466,699.410487583705,99.6328639025683,1144.09
"2016-08-01",152171.317381133,101.547559000633,100.735053290431,4,757032.9,2383861.3,1.25,1.23,1.417,2036.65636652166,691.912730823864,101.792298978928,1111.68
"2016-09-01",153063.493980418,101.926648925007,101.221775233156,4,753147.4,2386375,1.25,1.24,1.512,2042.5552657278,676.352635433799,102.476762775452,1107.49
"2016-10-01",152881.152023612,102.267475982751,101.543891904145,3.8,764639.6,2392816.5,1.25,1.23,1.596,2036.03251342774,660.035003662109,101.753737638279,1125.28
"2016-11-01",156556.067247034,102.491626396452,101.862510050653,3.6,774216.5,2404867,1.25,1.23,1.965,1981.74636563388,611.59272627397,100.182363006821,1161.64
"2016-12-01",155648.080729354,102.649647620041,101.912048775396,3.4,774658.4,2399741.3,1.25,1.22,2.159,2021.66665504092,607.199521019345,100.105240325522,1182.28
"2017-01-01",158142.038802747,103.419033179051,102.663545418822,3.4,780370.6,2405487.2,1.25,1.24,2.111,2061.7335144043,628.873498535156,100.751142781397,1185.1
"2017-02-01",157389.536499654,103.414126514277,102.606415707073,4,788197.5,2429038.6,1.25,1.23,2.163,2082.79499511719,614.564996337891,103.431155956522,1144.92
"2017-03-01",159106.824697599,103.420357953187,102.734658033044,3.7,790965.5,2441237.4,1.25,1.23,2.221,2136.17454944957,609.840456875888,104.163821428858,1134.77
"2017-04-01",158283.483085203,103.19882712379,102.623563203384,3.9,792257.7,2445358.9,1.25,1.23,2.182,2160.18250732422,628.85849609375,103.199787912626,1132.73
"2017-05-01",159930.808645053,103.405676908959,102.724233074694,3.4,796579.5,2454424.8,1.25,1.23,2.257,2301.89000822368,642.657364694696,103.595041654282,1125.28
"2017-06-01",160233.508269743,103.847070780285,102.705612764148,3.7,806633.4,2459115.6,1.25,1.24,2.165,2372.20428757441,667.545718238467,101.936904006363,1130.04
"2017-07-01",163433.746787084,104.812997322564,103.020952370134,3.5,807047.1,2477331.8,1.25,1.24,2.252,2412.89906529018,662.451898484003,101.38740490211,1134.4
"2017-08-01",164519.632046006,105.372235116497,103.281559736512,4,812163.5,2486613.2,1.25,1.23,2.287,2372.1845370206,645.595458984375,100.558336078151,1130.79
"2017-09-01",164836.421166911,105.22153143535,103.23933505297,3.7,822454.8,2494169.6,1.25,1.25,2.286,2371.00048828125,657.673498535156,99.4496975344843,1131.59
"2017-10-01",163586.531126756,104.770038836313,103.260580272188,3.7,832018.3,2512405.4,1.25,1.24,2.455,2482.87124633789,674.473747253418,100.259485688119,1131.57
"2017-11-01",162774.303839821,104.199713049206,103.035763803731,3.7,830507.2,2523634.9,1.5,1.26,2.54,2533.50998757102,751.034998113459,102.255035066719,1105.04
"2017-12-01",161996.965033423,104.313432844324,103.342492696758,3.5,829453.3,2522385.1,1.5,1.51,2.472,2467.46778700087,768.880004882812,103.566120648795,1085.78
"2018-01-01",164546.242565722,104.248732057742,103.45040294215,3.3,836523.4,2562891,1.5,1.49,2.626,2520.93772194602,872.452728271484,103.42151562136,1066.7
"2018-02-01",166013.731409884,104.529437618184,103.89473110526,3.8,838704.9,2569871.9,1.5,1.49,2.77,2439.1044514974,863.639997694227,101.175317528539,1079.58
"2018-03-01",164892.026024395,104.503792466922,103.979951593557,4,838260.6,2576364.8,1.5,1.49,2.708,2451.5700218564,867.919523693266,101.994746017337,1071.89
"2018-04-01",166511.408284561,104.463948948443,104.182604562533,3.8,842444,2592123.4,1.5,1.47,2.655,2458.22476050967,879.889523460751,102.611727467725,1067.76
"2018-05-01",166670.898616969,104.475706804816,104.236358589743,3.8,841660.7,2611099.3,1.5,1.5,2.757,2461.30050048828,863.840496826172,103.633602994931,1076.39
"2018-06-01",166535.89309847,104.58019794456,104.223342405762,3.6,840678.8,2616340.7,1.5,1.49,2.656,2394.50788959704,850.598411158511,102.746692159997,1092.8
"2018-07-01",167625.273720607,104.790123610294,104.207265700277,3.8,846568.4,2636310.7,1.5,1.49,2.549,2284.25365101207,793.492731267756,101.406685572435,1122.8
"2018-08-01",169408.4660396,105.322976582651,104.794689048567,4.6,843731.8,2645974.7,1.5,1.5,2.458,2283.7968195135,785.99727006392,103.286550929087,1121.15
"2018-09-01",168943.560239793,105.690994492737,105.398546950868,4.1,843686.4,2652891,1.5,1.54,2.315,2307.32587028952,824.624705595129,104.057777742073,1120.6
"2018-10-01",170054.627960498,105.030745821505,105.281993745273,4,848901.2,2679727,1.5,1.52,2.338,2153.47669619606,724.950483049665,103.219068582951,1130.81
"2018-11-01",168560.772580532,104.653873932306,105.127785711,3.8,846914.1,2690026.2,1.75,1.51,2.209,2083.33318536932,687.782723166726,103.42151562136,1128.58
"2018-12-01",167211.49945897,104.237357947626,104.699154393461,3.6,854445.6,2713214.3,1.75,1.77,1.992,2070.12897049753,676.494744551809,103.084103890679,1122.9
"2019-01-01",168301.665003833,103.988601683861,104.269164555305,3.9,862698.1,2719139,1.75,1.75,1.991,2101.98411421343,690.462274724787,102.014026687661,1122
"2019-02-01",166633.60464637,104.204673498375,104.397334565155,3.9,856655,2734307.1,1.75,1.76,1.988,2210.19881663603,739.707056382123,101.532009929545,1122.45
"2019-03-01",168343.330349797,103.971736741531,104.348066433874,3.8,867927.1,2756267.9,1.75,1.76,1.953,2161.91451416016,742.441500854492,100.481213396852,1130.72
"2019-04-01",170654.91604842,104.004540620988,104.747871777986,4.1,870418.9,2764848.6,1.75,1.75,1.889,2212.12043900923,755.680000998757,99.835310940977,1140.95
"2019-05-01",169950.909438365,104.070012130461,104.959747552794,3.8,872104.6,2777749.2,1.75,1.75,1.828,2086.89811779204,715.130949474516,97.2806221229625,1183.29
"2019-06-01",169315.874513215,104.060015174354,104.959883629303,3.9,871148,2799628.4,1.75,1.76,1.618,2105.30318410773,714.472113358347,97.6951565349422,1175.62
"2019-07-01",170801.586302905,104.022681021923,104.848501125606,4,879442.4,2814788,1.5,1.63,1.506,2079.48001762058,667.476528001868,96.7696843593596,1175.31
"2019-08-01",169066.853934555,104.035299452648,104.794189937364,3.6,889070,2844882.9,1.5,1.51,1.254,1944.23762439546,595.052859351748,95.3429147553363,1208.98
"2019-09-01",171165.15976254,104.085888783267,104.96674743874,3.6,892160.4,2861448.9,1.5,1.52,1.42,2045.20525801809,632.956321314762,97.0396137439045,1197.55
"2019-10-01",171433.305775942,104.21858222543,105.263623410603,3.5,894589.8,2870205.9,1.25,1.35,1.577,2065.7476109096,644.972377232143,97.4637884910465,1184.13
"2019-11-01",171392.443175705,104.034557680836,105.255921907139,3.6,920198,2909320.9,1.25,1.28,1.75,2128.79475911458,656.894290015811,97.6662355294552,1167.45
"2019-12-01",173534.651048353,104.007004081471,105.477392472778,3.5,938917.1,2914671.6,1.25,1.28,1.653,2147.01348876953,640.537997436523,97.0299734087422,1175.84
"2020-01-01",170242.827661981,103.896793848999,105.521879647803,3.5,953837.7,2930240.7,1.25,1.27,1.656,2203.44248046875,671.117001342773,97.1070960900407,1164.28
"2020-02-01",167749.896213699,103.970068815892,105.33355573096,3.4,983050.5,2961282.8,1.25,1.24,1.54,2167.12348632812,667.297998046875,95.4971601179334,1193.79
"2020-03-01",171703.47612432,104.37588230683,105.194016835667,3.8,997231.5,2980532.4,0.75,0.98,1.485,1786.74636008523,549.442266290838,94.8030559862464,1220.09
"2020-04-01",169651.973669457,105.080494454055,104.755428293778,3.9,1020977.6,3019571.4,0.75,0.74,1.504,1849.58898925781,615.596502685547,95.545361793745,1225.23
"2020-05-01",164590.018705631,105.944319017838,104.739411349505,4.3,1051261.4,3058895.9,0.5,0.7,1.394,1965.1742136102,695.297369706003,95.0344240301421,1228.67
"2020-06-01",169780.607624912,106.456566162267,105.180178550373,4.2,1067232.1,3073364,0.5,0.48,1.392,2134.6968272816,743.568181818182,95.6417651453682,1210.01
"2020-07-01",170832.153831733,106.389327472223,105.307778434377,4.2,1086180.5,3097025.2,0.5,0.48,1.36,2195.9486773947,781.016521951427,95.121187046603,1198.9
"2020-08-01",172032.910405254,106.541848098815,105.6197771483,3.7,1103250.2,3101642.1,0.5,0.5,1.373,2349.87301025391,835.289498901367,95.4200374366349,1186.85
"2020-09-01",175794.635763013,106.693364433451,105.982601217174,4.1,1131263.8,3135886.4,0.5,0.48,1.5,2371.51617140997,865.527616954985,95.9695365408871,1178.8
"2020-10-01",174279.909511782,106.130877341889,105.415497885587,4.2,1145170.4,3163726.3,0.5,0.51,1.507,2357.82103207237,832.642632735403,97.7626388810784,1144.68
"2020-11-01",175463.169274715,106.470821627324,105.874455608248,4.1,1171205.8,3197156.1,0.5,0.49,1.61,2504.18096633185,850.783333914621,99.2761715015625,1116.76
"2020-12-01",176344.921213503,106.578361963334,106.128203428343,4.2,1182989.6,3198124.1,0.5,0.51,1.675,2755.77093796503,928.019045875186,99.652144572893,1095.13
"2021-01-01",176523.010221112,106.801898722729,106.511274068743,4.7,1204012,3231549.4,0.5,0.49,1.731,3089.26697998047,975.313491821289,99.0544437928292,1097.49
"2021-02-01",180140.570818588,107.007517810398,106.861735047285,4.1,1225620.5,3265196.7,0.5,0.49,1.845,3092.41166178385,956.984439425998,97.9940069249741,1111.72
"2021-03-01",180918.318960299,107.38511591563,107.175141467827,3.9,1242976.3,3319253.7,0.5,0.49,2.04,3032.46910511364,935.32500110973,97.7819195514031,1131.02
"2021-04-01",182666.626110347,107.726691680157,107.363797120667,3.8,1258329,3353745.9,0.5,0.48,2.041,3164.85501376065,1001.79227516868,99.0448034576669,1119.4
"2021-05-01",183346.836018131,108.221497800173,107.50021749989,3.8,1268998.7,3389174.9,0.5,0.48,2.131,3168.23684210526,969.077893708882,97.5119901668581,1123.28
"2021-06-01",184924.637871521,108.865521332521,107.642599300113,3.7,1273164.4,3409050.5,0.5,0.51,2.103,3259.13998135653,1000.91590465199,97.5601918426697,1121.3
"2021-07-01",186990.331676369,109.9505487715,108.066229976006,3.3,1297389.4,3442528.1,0.5,0.53,1.976,3254.57316450639,1043.29455566406,96.4419129638407,1143.98
"2021-08-01",187539.213829,110.481990228362,108.316504313461,3.2,1324525.4,3494818.8,0.75,0.56,1.905,3182.50094168527,1029.97524588449,95.4778794476088,1160.34
"2021-09-01",187139.454494631,110.598462480893,108.551224099639,3.1,1329707.2,3511094.7,0.75,0.77,2.061,3141.69948858964,1035.89105224609,94.4849249258899,1169.54
"2021-10-01",188077.027922159,110.207441062825,108.769283647248,3.2,1346114.2,3562202.5,0.75,0.74,2.399,2989.87313682155,980.638944927015,93.8197417996899,1182.82
"2021-11-01",190300.126385305,110.807851033526,109.855059290402,3.1,1358135.3,3598403,1,0.796,2.355,2964.3018022017,1010.57091452859,94.0800308490725,1182.91
"2021-12-01",193346.745692536,110.649910863078,110.059868007425,3.5,1355394.3,3615042.3,1,1.012,2.187,2988.49407404119,1004.6477244984,94.3692409039421,1183.62
"2022-01-01",192501.694965585,111.014022174017,110.510685309505,3.3,1367221.2,3639459.8,1.25,1.188,2.492,2859.06683028372,950.491056743421,93.6462157667682,1194.01
"2022-02-01",191524.707374415,111.17221652932,110.931916076438,2.8,1371704.6,3648685.7,1.25,1.219,2.69,2724.01501464844,879.528333875868,93.1063569976783,1198.34
"2022-03-01",193699.39766,111.352349763728,111.646150632867,2.8,1367101.2,3646085.7,1.25,1.244,2.784,2698.71619233631,909.636672247024,92.3640511901797,1221.03
"2022-04-01",193799.685458473,111.52214604302,112.467935090343,2.8,1378784.4,3676989.4,1.5,1.299,3.219,2703.24285016741,923.662379673549,92.5568578934261,1232.34
"2022-05-01",193791.332589158,111.519775555853,113.240140257095,2.9,1386355.9,3704874.4,1.75,1.505,3.295,2629.21500244141,874.066497802734,92.6821822505362,1269.88
"2022-06-01",196501.181952369,111.504682818653,114.168454815198,2.9,1368307.4,3703512.6,1.75,1.745,3.64,2474.94848632812,806.939001464844,92.3254898495304,1277.35
"2022-07-01",195841.988484681,111.205474700696,114.872654623375,3,1349302.9,3733364.5,2.25,1.971,3.3,2362.79477074033,771.125712076823,91.7181487343043,1307.4
"2022-08-01",192207.155739106,110.244358707054,114.48631075524,2.6,1334859.6,3742878.7,2.5,2.263,3.322,2479.57136674361,813.693636807528,90.7541152180724,1318.44
"2022-09-01",192921.955776212,110.013377492251,114.504785048614,2.8,1310159.3,3755372.3,2.5,2.533,3.897,2333.92850341797,748.110995483398,87.9391373506752,1391.59
"2022-10-01",192945.32722065,110.517903462976,114.899299814748,2.8,1284769.9,3776679.5,3,2.959,4.267,2230.27107319079,685.303685238487,87.389638246423,1426.66
"2022-11-01",195201.826577427,111.062239985671,115.356070712914,2.8,1249223.9,3794863.3,3.25,3.096,3.915,2417.5586270419,720.140450217507,90.4456244928782,1364.1
"2022-12-01",192845.246201924,111.40795382871,115.582607888553,3,1216820.7,3745852.8,3.25,3.235,3.541,2361.27856445313,714.204995727539,92.6532612450493,1296.22
"2023-01-01",195566.124313618,111.908124931165,116.011756557305,2.9,1194264.9,3774200.3,3.5,3.269,3.411,2362.35650634766,709.476000976563,94.7741349807595,1247.25
"2023-02-01",194968.914497073,112.05413444153,116.115915737393,2.6,1197760.9,3784756,3.5,3.425,3.45,2450.33747558594,776.314501953125,92.8846292889449,1270.74
"2023-03-01",198531.961189309,112.171501681957,116.289112626893,2.6,1193822,3773822.2,3.5,3.425,3.448,2417.56455300071,809.033180930398,91.4192983442724,1305.73
"2023-04-01",196773.055655889,112.409333477447,116.61315213185,2.6,1190827.1,3779910.3,3.5,3.467,3.319,2523.28551025391,875.262509155273,89.7997220370028,1320.01
"2023-05-01",200161.332336339,112.672927669465,117.063762751795,2.5,1187794.5,3785208,3.5,3.57,3.402,2524.4294921875,840.390994262695,90.6866328719362,1328.21
"2023-06-01",198305.212007772,112.710821251646,117.31088129117,2.6,1193996.8,3807120.6,3.5,3.566,3.611,2598.91333007813,876.935715448289,93.9257854864754,1296.71
"2023-07-01",196963.135847898,112.673542754871,117.551642011981,2.8,1195158,3806152.2,3.5,3.51,3.681,2594.38716052827,901.090474446615,94.5427669368638,1286.3
"2023-08-01",201878.564877686,113.267122013553,118.310013010234,2.5,1194852.5,3827626,3.5,3.538,3.86,2562.051813299,904.472725608132,93.2798830306,1318.47
"2023-09-01",204214.899274416,113.717042085379,118.747906805039,2.7,1203047.4,3834439.5,3.5,3.596,3.949,2543.82208573191,888.137884842722,93.7426191183913,1329.47
"2023-10-01",202573.972589353,114.381562590375,119.235549431379,2.5,1207245.5,3856706,3.5,3.517,4.272,2392.1363332648,789.118421052632,93.4052073877102,1350.69
"2023-11-01",205060.320576788,114.632415644446,119.173594875293,2.8,1215516,3899422.7,3.5,3.572,3.89,2458.94773171165,804.807725386186,95.1597483872523,1310.39
"2023-12-01",206191.906833859,115.154158893715,119.25308061856,3.2,1225209.9,3895061.5,3.5,3.639,3.415,2553.64107473273,840.854739540502,94.0125485029363,1303.98
"2024-01-01",207361.863202244,115.751063612776,119.274194060199,2.9,1218822.4,3913498.2,3.5,3.47,3.353,2518.58821244673,851.361369739879,93.1159973328406,1323.57
"2024-02-01",212942.483116123,116.717529484529,119.758692368607,2.7,1232180,3949110.9,3.5,3.582,3.429,2630.41633686266,845.114212839227,93.1159973328406,1331.74
"2024-03-01",211837.853681633,117.416972961833,119.90695885488,2.8,1255351.1,3998677,3.5,3.467,3.39,2699.58703613281,890.639996337891,93.2702426954377,1330.69
"2024-04-01",213511.654273419,118.019554827717,120.016862154311,2.8,1226564.9,3990042.5,3.5,3.518,3.567,2674.24998837426,861.700000581287,91.5928243771942,1367.83
"2024-05-01",212771.990787558,118.249555139579,120.183516532075,2.8,1229128.2,4017644.7,3.5,3.53,3.527,2710.44599609375,854.389498901367,91.737429404629,1365.39
"2024-06-01",211969.754939023,117.812271048253,120.151636370529,2.8,1230349.5,4027931.8,3.5,3.547,3.337,2748.16051603618,854.670002184416,90.831237899371,1380.13
"2024-07-01",208759.498344874,117.346242186197,120.542348726862,2.6,1232426.1,4059082.2,3.5,3.518,3.171,2809.1917353091,830.508255668308,90.4456244928782,1383.16666666667
"2024-08-01",212426.74576743,116.887898161306,120.688325649823,2.5,1234403.2,4066116.5,,3.531,2.999,2647.99188523065,765.973807198661,,
"2024-09-01",211856.055887696,116.615179986294,120.643890916802,2.5,1242794.3,4085827.9,,3.529,3.011,2593.62445746528,743.03722805447,,
"2024-10-01",,,120.733122631763,2.7,1255621.7,4121874.2,,3.321,3.07,2596.10699462891,756.817495727539,,
"2024-11-01",,,120.992177887889,2.7,1257750.9,4141348.7,,3.245,3.006,2504.19285946801,705.807623000372,,
"2024-12-01",,,121.559379206639,3.7,1280775.6,4160483.5,,3.055,2.771,2443.64250488281,677.002499389648,,
"2025-01-01",,,121.949410397411,2.9,1292609.1,4189544.4,,3.053,2.821,2503.88556586371,719.086110432943,,
"2025-02-01",,,122.181373265469,2.7,,,,2.965,2.83,2578.75400390625,754.013003540039,,
"2025-03-01",,,,,,,,,,2585.97249755859,723.76799621582,,
"2025-04-01",,,,,,,,,,2504.64998372396,686.596659342448,,
