"date","gdp_nom","gdp_defl","cpi","ur","m1","m2","m3","gov_10y","reer"
"1983-01-01",,,,3.3,,,,,
"1983-02-01",,,,3.3,,,,,
"1983-03-01",,,,3.2,,,,,
"1983-04-01",,,,3.3,,,,,
"1983-05-01",,,,3.5,,,,,
"1983-06-01",,,,3.6,,,,,
"1983-07-01",,,,3.6,,,,,
"1983-08-01",,,,3.7,,,,,
"1983-09-01",,,,3.5,,,,,
"1983-10-01",,,,3.3,,,,,
"1983-11-01",,,,3.4,,,,,
"1983-12-01",,,,3.3,,,,,
"1984-01-01",,,,3.3,,,,,
"1984-02-01",,,,3.3,,,,,
"1984-03-01",,,,3.2,,,,,
"1984-04-01",,,,3,,,,,
"1984-05-01",,,,2.9,,,,,
"1984-06-01",,,,2.9,,,,,
"1984-07-01",,,,3,,,,,
"1984-08-01",,,,3,,,,,
"1984-09-01",,,,2.9,,,,,
"1984-10-01",,,,3,,,,,
"1984-11-01",,,,3,,,,,
"1984-12-01",,,,2.8,,,,,
"1985-01-01",,,,2.8,,,,,
"1985-02-01",,,,2.8,,,,,
"1985-03-01",,,,2.9,,,,,
"1985-04-01",,,,3,,,,,
"1985-05-01",,,,3,,,,,
"1985-06-01",,,,3,,,,,
"1985-07-01",,,,3,,,,,
"1985-08-01",,,,2.9,,,,,
"1985-09-01",,,,2.8,,,,,
"1985-10-01",,,,2.8,,,,,
"1985-11-01",,,,2.8,,,,,
"1985-12-01",,,,2.8,,,,,
"1986-01-01",,,,2.8,,,,,
"1986-02-01",,,,2.8,,,,,
"1986-03-01",,,,2.7,,,,,
"1986-04-01",,,,2.7,,,,,
"1986-05-01",,,,2.7,,,,,
"1986-06-01",,,,2.7,,,,,
"1986-07-01",,,,2.5,,,,,
"1986-08-01",,,,2.5,,,,,
"1986-09-01",,,,2.4,,,,,
"1986-10-01",,,,2.3,,,,,
"1986-11-01",,,,2.3,,,,,
"1986-12-01",,,,2.4,,,,,
"1987-01-01",,,,2.4,,,,,
"1987-02-01",,,,2.5,,,,,
"1987-03-01",,,,2.6,,,,,
"1987-04-01",,,,2.6,,,,,
"1987-05-01",,,,2.6,,,,,
"1987-06-01",,,,2.5,,,,,
"1987-07-01",,,,2.5,,,,,
"1987-08-01",,,,2.4,,,,,
"1987-09-01",,,,2.4,,,,,
"1987-10-01",,,,2.3,,,,,
"1987-11-01",,,,2.3,,,,,
"1987-12-01",,,,2.3,,,,,
"1988-01-01",,,,2.3,,,,,
"1988-02-01",,,,2.2,,,,,
"1988-03-01",,,,2.2,,,,,
"1988-04-01",,,,2.1,,,,,
"1988-05-01",,,,2,,,,,
"1988-06-01",,,,2,,,,,
"1988-07-01",,,,2,,,,,
"1988-08-01",,,,1.9,,,,,
"1988-09-01",,,,1.9,,,,,
"1988-10-01",,,,1.8,,,,,
"1988-11-01",,,,1.8,,,,,
"1988-12-01",,,,1.8,,,,,
"1989-01-01",,,,1.7,,,,,
"1989-02-01",,,,1.7,,,,,
"1989-03-01",,,,1.7,,,,,
"1989-04-01",,,,1.8,,,,,
"1989-05-01",,,,1.7,,,,,
"1989-06-01",,,,1.8,,,,,
"1989-07-01",,,,1.8,,,,,
"1989-08-01",,,,1.9,,,,,
"1989-09-01",,,,1.9,,,,,
"1989-10-01",,,,1.9,,,,,
"1989-11-01",,,,1.8,,,,,
"1989-12-01",,,,1.8,,,,,
"1990-01-01",,,,1.8,,,,,
"1990-02-01",,,,1.8,,,,,
"1990-03-01",,,,1.7,,,,,
"1990-04-01",,,,1.7,,,,,
"1990-05-01",,,,1.7,,,,,
"1990-06-01",,,,1.7,,,,,
"1990-07-01",,,,1.6,,,,,
"1990-08-01",,,,1.6,,,,,
"1990-09-01",,,,1.5,,,,,
"1990-10-01",,,,1.6,,,,,
"1990-11-01",,,,1.6,,,,,
"1990-12-01",,,,1.6,,,,,
"1991-01-01",,,,1.6,,,,,
"1991-02-01",,,,1.5,,,,,
"1991-03-01",,,,1.4,,,,,
"1991-04-01",,,,1.5,,,,,
"1991-05-01",,,,1.6,,,,,
"1991-06-01",,,,1.6,,,,,
"1991-07-01",,,,1.6,,,,,
"1991-08-01",,,,1.7,,,,,
"1991-09-01",,,,1.7,,,,,
"1991-10-01",,,,1.8,,,,,
"1991-11-01",,,,1.8,,,,,
"1991-12-01",,,,1.8,,,,,
"1992-01-01",,,,1.8,,,,,
"1992-02-01",,,,1.9,,,,,
"1992-03-01",,,,2,,,,,
"1992-04-01",,,,2,,,,,
"1992-05-01",,,,2.1,,,,,
"1992-06-01",,,,2,,,,,
"1992-07-01",,,,2.1,,,,,
"1992-08-01",,,,2.1,,,,,
"1992-09-01",,,,2.2,,,,,
"1992-10-01",,,,2.2,,,,,
"1992-11-01",,,,2.2,,,,,
"1992-12-01",,,,2.2,,,,,
"1993-01-01",,,,2.2,,,,,
"1993-02-01",,,,2.2,,,,,
"1993-03-01",,,,2.3,,,,,
"1993-04-01",,,,2.4,,,,,
"1993-05-01",,,,2.4,,,,,
"1993-06-01",,,,2.5,,,,,
"1993-07-01",,,,2.7,,,,,
"1993-08-01",,,,2.8,,,,,
"1993-09-01",,,,2.9,,,,,
"1993-10-01",,,,2.9,,,,6.677,
"1993-11-01",,,,3,,,,6.517,
"1993-12-01",,,,3,,,,6.296,
"1994-01-01",,,,3.1,,,,6.332,99.4980234142873
"1994-02-01",,,,3.2,,,,6.43,99.9246611869672
"1994-03-01",,,,3.3,,,,6.72,100.341140917441
"1994-04-01",,,,3.4,,,,6.981,100.148138115514
"1994-05-01",,,,3.3,,,,7.114,100.534143719367
"1994-06-01",,,,3.2,,,,7.153,100.696672394674
"1994-07-01",,,,3.2,,,,7.128,101.28583884266
"1994-08-01",,,,3.1,,,,7.075,101.306154927074
"1994-09-01",,,,3.1,,,,7.32,101.610896193274
"1994-10-01",,,,3.1,,,,7.96,102.057850050367
"1994-11-01",,,,3,,,,7.853,102.118798303607
"1994-12-01",,,,2.9,,,,7.741,102.01721788154
"1995-01-01",,,,2.9,,,,7.783,102.403223485394
"1995-02-01",,,,2.9,,,,7.827,102.77907104704
"1995-03-01",,,,2.8,,,,7.733,104.33325150466
"1995-04-01",,,,2.8,,,,7.534,104.465306053347
"1995-05-01",,,,2.8,,,,7.39,103.835507436533
"1995-06-01",,,,2.8,,,,7.105,103.84566547874
"1995-07-01",,,,2.8,,,,7.104,103.581556381367
"1995-08-01",,,,2.8,,,,7.091,102.433697612014
"1995-09-01",,,,2.9,,,,6.897,102.372749358774
"1995-10-01",,,,2.9,,,,6.841,103.408869663853
"1995-11-01",,,,2.9,,,,6.773,103.226024904133
"1995-12-01",,,,2.9,,,,6.686,102.860335384694
"1996-01-01",,,65.2494562545312,3,,,,6.415,102.128956345814
"1996-02-01",,,65.3094557545354,3,,,,6.44,101.8038989952
"1996-03-01",,,65.3794551712069,3.1,,,,6.677,101.37726122252
"1996-04-01",,,65.5094540878826,3.1,,,,6.58,100.869359112187
"1996-05-01",,,65.5694535878868,3.1,,,,6.467,100.351298959647
"1996-06-01",,,65.5694535878868,3,,,,6.514,100.341140917441
"1996-07-01",,,65.6394530045583,2.9,,,,6.531,100.442721339507
"1996-08-01",,,65.7094524212298,2.8,,,,6.351,100.82872694336
"1996-09-01",,,65.7094524212298,2.8,,,,6.25,100.371615044061
"1996-10-01",,,65.8394513379055,2.8,,,,5.927,99.8941870603472
"1996-11-01",,,66.0294497545854,2.8,,,,5.889,100.219244410961
"1996-12-01",,,66.0294497545854,2.8,,,,5.808,99.4675492876673
"1997-01-01",,,66.0994491712569,2.7,,,,5.721,98.5533254890674
"1997-02-01",,,66.2994475046041,2.6,,,,5.448,98.1470038008008
"1997-03-01",,,66.2294480879326,2.6,,,,5.586,97.8930527456342
"1997-04-01",,,66.2294480879326,2.5,,,,5.701,97.6187856060542
"1997-05-01",,,66.2994475046041,2.6,,,,5.593,97.5273632261942
"1997-06-01",,,66.3594470046083,2.7,,,,5.691,97.2429380444076
"1997-07-01",,,66.489445921284,2.7,,,,5.572,96.349030330221
"1997-08-01",,,66.6194448379597,2.7,,,,5.62,96.1458694860877
"1997-09-01",,,66.8194431713069,2.8,35968.7713395828,143500.273951401,179572.172227846,5.597,96.9178806937943
"1997-10-01",,,66.9494420879826,2.8,37334.366889823,147729.372349128,183459.786076035,5.604,97.4968890995742
"1997-11-01",,,67.0194415046541,2.8,39276.5332530506,148747.858295631,185502.539379374,5.61,97.7203660281208
"1997-12-01",,,67.0194415046541,2.9,34903.0718512914,149692.902859052,188611.43880519,5.432,97.4867310573675
"1998-01-01",,,67.0794410046583,2.8,35557.4696171887,154950.483054439,197978.251499624,5.21,97.5172051839875
"1998-02-01",,,67.0194415046541,2.8,35747.1203876893,157619.518887968,201269.143091282,5.084,97.1210415379276
"1998-03-01",,,67.0794410046583,2.8,40858.633451676,154213.02499456,201307.119625482,5.001,96.9788289470343
"1998-04-01",,,66.9494420879826,2.8,37029.5428307363,158117.581546375,202587.249233329,4.989,96.6131394275943
"1998-05-01",,,67.1494404213298,2.8,38434.6289444583,158431.323424432,202261.099511569,5.064,97.2835702132342
"1998-06-01",,,67.1494404213298,2.7,42832.9102124309,155805.365034158,199319.385429161,4.938,97.2226219599942
"1998-07-01",,,67.2794393380055,2.7,39869.4587656921,154097.039239208,200845.905748951,4.84,97.3242023820609
"1998-08-01",,,67.2794393380055,2.6,42108.1366331689,164756.406394975,206457.2218358,4.562,97.7711562391542
"1998-09-01",,,67.2794393380055,2.6,44313.5472918038,157529.360989783,198762.608323483,4.364,98.3196905183141
"1998-10-01",,,67.2794393380055,2.6,41563.2360837944,151736.795995247,192454.291835921,4.301,98.7158541643741
"1998-11-01",,,67.349438754677,2.5,42434.6478143498,153021.425686357,193727.2518819,4.207,98.3603226871408
"1998-12-01",,,67.2794393380055,2.4,44590.1095239557,147964.068229688,182104.491198003,4.095,98.3400066027274
"1999-01-01",,,66.1594486712611,2.4,48776.4233649863,141627.370257866,165955.121284141,3.905,96.6029813853877
"1999-02-01",,,67.4094382546812,2.4,46573.9856574564,130340.233947763,159275.454881692,3.931,97.8219464501875
"1999-03-01",,,67.4794376713527,2.4,46221.4155295418,133705.739763804,156884.966295428,4.167,97.3343604242676
"1999-04-01",,,67.8094349213757,2.4,45106.5624120926,129505.46737592,154031.367761525,4.011,97.0499352424809
"1999-05-01",,,67.9994333380555,2.4,48014.976352552,130324.858405203,154923.343189612,4.155,97.1007254535143
"1999-06-01",,,67.9394338380513,2.4,47017.637138494,132175.616945131,157898.544096604,4.369,96.6639296386276
"1999-07-01",,,67.0794410046583,2.4,48245.144037996,135996.900903593,166382.948357584,4.867,95.3332261095545
"1999-08-01",,,68.1994316714027,2.4,46331.6195576724,129585.815250726,151705.541632176,5.183,97.0804093691009
"1999-09-01",,,68.3294305880784,2.4,46231.481091956,127788.759667338,146762.881040115,5.312,96.836616356141
"1999-10-01",,,68.5294289214257,2.4,46452.402748194,128630.908232186,147682.595276463,5.539,97.3140443398542
"1999-11-01",,,68.5894284214298,2.4,47329.1778042085,127746.333375512,138371.431526204,5.266,96.653771596421
"1999-12-01",,,68.8594261714486,2.4,47952.887872441,128368.118357511,148102.997374881,5.26,96.318556203601
"2000-01-01",1875.43796516138,61.7490949011374,68.4594295047541,2.3,54772.675943815,134456.386520145,169418.559908277,5.645,95.3535421939678
"2000-02-01",1895.76272637198,62.7779771582467,69.1794235048041,2.3,52532.856490157,137526.942701816,173967.783500257,5.705,95.9528666841611
"2000-03-01",1884.89930846664,62.7632197323078,69.509420754827,2.3,53900.2037588032,139904.200606066,177129.968536108,5.558,95.5059128270678
"2000-04-01",1883.0461737213,62.4305293903459,69.9694169215256,2.3,54899.3330756393,140806.831846749,184264.144827368,5.418,95.3941743627945
"2000-05-01",1864.31345712479,62.0251791641025,69.9694169215256,2.3,52105.4275719505,139253.922961714,180147.795123023,5.596,94.8659561680479
"2000-06-01",1886.1403691539,63.229618221,70.9594086715944,2.3,50752.8884755845,138936.702682753,179857.236379812,5.375,95.9528666841611
"2000-07-01",1922.0148800762,63.4429814123402,70.229414754877,2.2,52796.8117245555,144371.472675061,181701.405954672,5.57,94.6018470706746
"2000-08-01",1971.40217880393,64.2532252153998,70.6894109215757,2.2,56474.9154564028,153253.795658816,187659.901585563,5.49,95.2113296030745
"2000-09-01",1950.38294111987,64.129614929159,71.2194065049458,2.2,53066.1665881391,149538.798469947,183166.100984358,5.573,94.6932694505346
"2000-10-01",1872.11957677691,62.7906007967633,71.4794043382972,2.1,59196.566170747,151447.652844296,182521.968537306,5.513,94.7034274927412
"2000-11-01",1937.46568609184,62.9442207191996,71.6794026716444,2.1,56290.0669242706,149237.597562229,179609.780931023,5.569,94.9269044212879
"2000-12-01",2040.71473713125,63.7615308289573,71.8094015883201,2,56395.9776368967,149306.056358965,175115.027091968,5.206,95.7903380088544
"2001-01-01",1921.20948871273,62.1866215806846,70.4294130882243,1.9,50680.6525891297,139051.067061976,166581.042068939,5.06,95.3230680673478
"2001-02-01",1981.87834926814,63.4616873365029,71.2394063382805,1.9,50956.7848385222,141889.81672826,169059.819838929,5.083,95.9427086419544
"2001-03-01",2000.51216201913,63.7230081829745,71.5994033383055,1.9,52837.2672119237,144973.633065634,175213.487275203,4.93,95.9325505997477
"2001-04-01",1930.9224045714,62.9783266754648,71.889400921659,1.9,55334.6043078268,146135.720759673,174625.096877488,5.05,95.4855967426545
"2001-05-01",1959.01242943657,63.4985778251544,72.6293947550437,1.8,60617.3239732943,148434.804541323,178228.330122029,5.298,95.1503813498345
"2001-06-01",1970.66516599203,63.6430029275629,72.8793926717277,1.8,56470.0555450729,147536.475472437,177911.971128865,5.145,94.9878526745279
"2001-07-01",1953.16166290128,62.7021933758713,71.9394005049958,1.8,56824.775961898,150366.012061554,179686.800026452,5.049,94.3580540577146
"2001-08-01",1970.75043532098,63.3329226978747,72.4693960883659,1.9,55776.6480956617,147055.532776997,178804.685001424,4.806,96.1865016549144
"2001-09-01",1991.68790177773,63.6460820113048,72.5693952550395,1.9,57475.5744442396,146915.766583245,186821.598679164,4.672,96.2372918659477
"2001-10-01",2030.53362373742,64.1003059817628,72.6493945883784,2,56788.5075955544,146509.547308298,192037.931943985,4.411,96.4302946678744
"2001-11-01",2067.22723866566,64.4286426475699,72.6993941717152,2,59287.9493430337,150627.99877637,199939.000006452,4.293,96.2779240347744
"2001-12-01",2093.63913759692,64.3602195841148,72.4693960883659,2,56307.3266998392,152744.881352247,204108.266821862,4.511,96.0036568951944
"2002-01-01",2045.18300002947,63.4735216201688,71.9594003383305,2.2,56368.8385777014,150656.282655366,204591.479874282,4.838,94.8151659570146
"2002-02-01",2073.82681150168,64.30954470647,72.7993933383888,2.2,58148.3274211543,155233.89821778,209827.259633857,4.906,95.5465449958945
"2002-03-01",2045.19018846885,64.0723025650956,72.8493929217256,2.2,54250.8772681484,151780.637504575,206369.969446296,5.161,95.3129100251412
"2002-04-01",2095.45219219273,64.7157184510818,73.2793893384222,2.3,55673.709662636,155182.445218407,208366.588059432,5.191,95.5059128270678
"2002-05-01",2098.15905062808,64.900765840829,73.5493870884409,2.4,53146.0351305716,156574.935328705,210140.672015118,5.152,96.0646051484344
"2002-06-01",2133.88875717919,65.2645583740626,73.7693852551229,2.5,56582.0028967509,151662.818480807,205670.341854281,5.094,96.8264583139343
"2002-07-01",2099.58625572634,64.571415616116,73.3193890050916,2.6,55238.1905974635,149225.23540221,205408.067113829,4.871,96.440452710081
"2002-08-01",2096.66031161094,64.8589049159644,73.9293839218007,2.7,52561.2312206805,151088.362717911,204537.83653406,4.702,97.2124639177876
"2002-09-01",2097.15343266272,64.6937753156342,74.189381755152,2.7,55018.3331087152,150970.556076034,205116.817032755,4.332,97.2734121710276
"2002-10-01",2116.51404030027,64.5305527439725,74.4993791718402,2.9,55520.5308607398,150849.130916715,201148.480467279,4.112,97.6187856060542
"2002-11-01",2068.00404591289,64.1316307961555,74.6093782551812,3,51129.8385854739,148171.479987476,201774.496794776,4.112,97.9438429566675
"2002-12-01",2045.18191378684,64.1368594194421,74.4893792551729,3.1,53316.359151257,148493.67289261,205278.530667725,3.967,97.7508401547408
"2003-01-01",2076.03684681202,64.903524023259,74.2893809218257,3.2,54841.7906088396,151508.552556438,196039.576447824,3.624,97.3038862976476
"2003-02-01",2148.2836945871,66.3717963972068,75.129373921884,3.3,52772.8776673428,147232.649035745,191221.144733245,3.55,98.3603226871408
"2003-03-01",2165.47945860087,66.5963392082449,75.5293705885784,3.4,53762.039506263,148919.656469773,193027.570376007,3.55,98.4619031092074
"2003-04-01",2213.39004276372,66.0971295637084,75.4093715885701,3.5,53866.6169448704,149176.69534024,193655.7116593,3.55,98.5228513624474
"2003-05-01",2150.40682601178,65.1550182449007,75.269372755227,3.6,55765.1677372348,154174.615374103,198504.73469801,3.55,99.4269171188406
"2003-06-01",2137.3031312245,64.9643408596304,75.2593728385597,3.7,56527.9681317293,154471.211664137,203912.68544098,2.848,99.325336696774
"2003-07-01",2131.25604722577,64.6632698456481,74.7193773385222,3.8,57670.6060728461,156840.690485775,212979.121361407,2.854,98.2181100962475
"2003-08-01",2208.22108641582,66.0442985248339,75.6393696719194,3.9,55903.2517671646,151074.568509802,203973.577411027,3.175,99.1018597682273
"2003-09-01",2241.72286635841,66.5918767621471,76.1293655886201,4.1,56964.1216479456,149931.868772168,198699.488035501,3.222,99.2440723591207
"2003-10-01",2254.2715644346,66.1170947181042,75.7893684219298,4.2,57333.7718781221,150077.244535197,202180.13352634,3.196,99.5183394987006
"2003-11-01",2250.74208593787,66.2517625468283,76.1293655886201,4.3,55970.6986902438,148972.95935131,198800.051858781,3.383,99.7215003428339
"2003-12-01",2245.88634962753,66.3284198852204,76.2793643386305,4.4,55439.2759973522,150842.202990643,200874.471930051,3.29,100.188770284341
"2004-01-01",2249.64767183961,66.2228436535133,76.0193665052791,4.6,55499.8781664858,151426.34230562,204636.320112152,3.01,99.5589716675273
"2004-02-01",2292.45431250779,67.2576620229344,76.9793585053458,4.7,54222.1359387222,151802.438278087,204810.616132641,2.938,100.493511550541
"2004-03-01",2343.39801565259,67.3812979754804,77.0493579220173,4.9,58361.3468325641,154269.580210275,208782.673204639,2.694,99.8129227226939
"2004-04-01",2311.00648095251,67.0407526045055,77.429354755377,5,59001.2867467534,151636.27479056,207710.919103326,2.767,99.3964429922206
"2004-05-01",2272.49168754267,66.9860492429123,77.8693510887409,5,56361.8658932791,147615.848465602,204971.314550915,3.048,99.477707329874
"2004-06-01",2425.70183150482,68.4121451195947,78.2093482554312,5,57773.1012389526,150550.118330321,208432.725510281,3.124,99.6910262162139
"2004-07-01",2371.25791075752,67.8835005158795,77.5493537553854,5.1,57586.2615031652,149867.287456729,204488.680563823,3.035,98.746328290994
"2004-08-01",2402.12776524539,68.9477094027824,78.3793468387763,5.1,60961.4570473099,153550.503405446,205864.243008506,2.86,99.7113423006273
"2004-09-01",2410.91432399709,68.9923344059634,78.4993458387847,5.1,62496.6255757466,153188.308131401,206127.866980936,2.826,99.8637129337272
"2004-10-01",2372.99292843344,68.695515498593,78.869342755477,4.9,59966.0908186011,153715.943867385,210970.275028183,2.692,100.178612242134
"2004-11-01",2372.28266204232,68.61467984493,79.1493404221631,5,63382.4520362291,150643.967752009,207149.750188873,2.586,100.70683043688
"2004-12-01",2365.02440952424,68.1126492169326,78.9393421721486,4.9,61268.4479224239,161524.544031111,217315.55392784,2.541,100.544301761574
"2005-01-01",2330.37443883769,66.964063490844,78.149348755427,4.7,63248.6873340671,157791.657306444,218917.422096721,2.546,99.5691297097339
"2005-02-01",2331.51632031885,68.1491939327843,79.5093374221882,4.8,66148.5291739355,159435.668248791,219600.738461971,2.562,100.412247212887
"2005-03-01",2377.10924084346,68.9035639646443,79.7193356722027,4.7,67153.9995073258,160850.761025159,221935.843802963,2.58,100.259876579787
"2005-04-01",2398.03525248359,70.1285167138662,80.3693302555812,4.7,63456.8274689446,159246.596875327,221297.127466789,2.451,100.249718537581
"2005-05-01",2440.46050184725,70.9898543644753,80.7393271722736,4.7,69296.6817766568,162647.737388661,223858.522301205,2.282,99.9652933557939
"2005-06-01",2462.40424566916,71.0989039310791,80.6993275056041,4.6,70325.6259057179,165117.902567746,227485.376310228,2.117,99.2440723591207
"2005-07-01",2533.93637645909,71.2241704115515,80.6193281722652,4.5,70772.666928667,165572.827398717,232479.801382348,2.168,98.4822191936208
"2005-08-01",2525.6118703255,71.9271382939229,81.719319005675,4.5,71639.3249136219,167558.33990034,232112.00944478,2.249,99.7316583850406
"2005-09-01",2602.65175321542,72.59625991672,82.1593153390388,4.6,66664.5037295379,171576.85256777,235084.46082876,2.191,99.5488136253206
"2005-10-01",2728.66610619784,73.7479964701695,82.8193098390847,4.6,70227.6102739146,168803.758636256,235013.031703278,2.418,99.9246611869672
"2005-11-01",2747.43240648999,73.2389081411134,81.969316922359,4.6,71753.7449936278,170271.37738152,240576.974749278,2.646,99.538655583114
"2005-12-01",2776.40148731217,73.5861825618323,81.6693194223381,4.7,75969.4024516309,169698.672148749,236765.661830001,2.738,99.1628080214673
"2006-01-01",2772.076872654,74.0718967410973,81.3493220889826,4.5,73786.6981451488,168511.044665257,242828.368429226,2.822,98.8885408818874
"2006-02-01",2802.09952728365,75.5885532739463,82.5693119224006,4.5,79346.9448661005,181596.015004162,257666.429320818,2.822,99.9348192291739
"2006-03-01",2796.22360006235,75.3799985011002,82.7093107557437,4.7,74720.6119044245,181179.040533572,254317.319052499,2.822,100.127822031101
"2006-04-01",2801.34611219685,74.9069599866841,83.1093074224381,4.6,73224.8262965209,185746.404150762,255516.744642628,2.822,100.188770284341
"2006-05-01",2838.83411870486,75.0561320424353,83.6193031724736,4.5,73932.4220827386,180238.396443933,254176.981762126,3.083,100.5849339304
"2006-06-01",2808.0197690983,74.8948312589765,83.8393013391555,4.5,72499.172342255,178089.330507876,251449.562178677,3.376,100.666198268054
"2006-07-01",2822.24963037731,74.6390707458072,83.3293055891201,4.5,71710.532281871,175223.313396968,251099.743847825,3.49,99.7113423006273
"2006-08-01",2855.87706101265,76.0214666281125,84.2592978391847,4.6,73708.5819831648,178032.145437243,253997.049840318,3.576,100.757620647914
"2006-09-01",2875.67330861004,76.3338058601598,83.799301672486,4.7,74313.2696255644,183660.159524953,256159.903755209,3.67,100.7373045635
"2006-10-01",2871.7782648564,76.8079081251904,83.3393055057875,4.6,74112.9729556248,186493.294376857,260121.502763784,3.674,100.381773086267
"2006-11-01",2940.72480657696,77.5364559836789,83.4293047557937,4.6,76272.7328525015,189448.868968018,261833.797407119,3.721,100.544301761574
"2006-12-01",2979.89692856663,77.5085276098141,83.4993041724652,4.6,80771.1061166114,195356.388742795,270821.811127266,3.766,100.595091972607
"2007-01-01",3029.6588171444,76.6311154920258,83.2193065057791,4.4,81376.0523233957,190106.458944144,276058.382019407,3.833,99.8840290181406
"2007-02-01",3087.26633197691,77.0073227640835,84.0892992558395,4.4,80745.05877987,188365.718663392,279036.178469114,3.906,101.001413660874
"2007-03-01",3117.77485087869,77.1021443599898,84.6592945058791,4.3,80724.0789957136,190584.072099016,280398.307494593,4.016,101.184258420594
"2007-04-01",3115.15334236899,77.06120791992,85.1492904225798,4.2,84481.7426943488,189671.7810293,280386.721599265,4.264,101.13346820956
"2007-05-01",3151.88511356106,77.3025832445251,85.5192873392722,4.1,83678.650849695,196780.812299269,297573.278391364,4.633,101.143626251767
"2007-06-01",3224.76154406995,77.7589183778206,85.7292855892868,4.1,81328.1773432847,195039.467798103,297556.771627573,4.853,101.10299408294
"2007-07-01",3142.96728040252,76.8435136460019,85.0392913392388,4,87267.4343234754,207804.588586041,313705.839496923,4.841,100.077031820067
"2007-08-01",3156.4023745646,77.4845836365553,85.8292847559604,4.1,86786.6972092009,205079.401937788,309975.196893719,4.684,101.214732547214
"2007-09-01",3097.43034503287,76.8607407750026,85.8892842559645,4,84031.7846255472,203469.226566182,301059.993171359,4.641,101.3467870959
"2007-10-01",3143.84510190472,76.8762018132786,86.3492804226631,4.1,88930.7950705227,210155.621066692,309458.295363185,4.625,101.71247661534
"2007-11-01",3157.46646244376,77.1995557043738,86.7692769226923,4.2,91408.106788919,211104.848432425,312576.412389354,4.558,101.89532137506
"2007-12-01",3212.08843565152,78.1443153854255,87.0892742560479,4.2,87794.1283114869,210320.008356427,313335.041472598,4.679,101.905479417267
"2008-01-01",3247.31437498033,78.8758724254416,86.7092774226881,4.3,92159.8062747172,213143.091671096,322737.760530284,4.466,101.356945138107
"2008-02-01",3361.38330490236,80.7236488474486,87.5792701727486,4.4,89635.5325269573,210542.300933319,316725.349221915,4.416,101.915637459474
"2008-03-01",3395.90232011731,81.777337849382,88.3692635894701,4.4,94476.8793342944,214028.605336841,322952.070702465,4.369,102.636858456147
"2008-04-01",3387.2678496637,81.9354059108149,88.7792601728319,4.7,92461.9114579178,213470.903212062,320858.443152895,4.553,102.880651469107
"2008-05-01",3357.6439958126,82.4439933076824,89.6592528395597,4.8,92340.3765082766,210616.932894713,315341.81739044,4.67,102.707964751594
"2008-06-01",3354.8881545237,82.8663173506477,90.3092474229381,4.9,90359.0438355924,210975.286336049,314647.546575185,4.984,102.7181227938
"2008-07-01",3350.02830416673,82.3742795145524,89.9692502562479,4.9,88553.7009320809,209676.47796153,314096.064371207,5.013,101.9562696283
"2008-08-01",3352.32451153072,82.63833728588,89.9692502562479,5.1,86236.1951893288,212911.65756977,315762.403007345,4.777,102.04769200816
"2008-09-01",3389.74718430255,83.5577457031105,90.0492495895868,5.2,94181.9893147119,220094.173179696,324473.126470181,4.844,101.77342486858
"2008-10-01",3368.10362492924,84.264035847201,89.6792526728944,5.2,92154.7755614729,212323.683852328,323572.515232644,4.68,101.22489058942
"2008-11-01",3270.42017694128,83.6225365695541,88.5092624228132,5.2,88461.4597043079,208219.834071655,322501.368753282,4.352,100.747462605707
"2008-12-01",3184.97619812948,83.1114721891538,87.7092690894243,5.2,90522.3621280761,197674.408382814,313469.761127331,4.174,101.488999686794
"2009-01-01",3178.00998674659,82.4688021699432,86.7092774226881,5.4,88144.2529192569,195761.339910287,305427.202348201,4.175,100.574775888194
"2009-02-01",3232.26727058839,83.9552297185951,88.2392646727944,5.4,89095.4920146044,197848.984782655,310961.430352454,4.332,101.793740952994
"2009-03-01",3069.02274266502,82.4213534410695,88.1292655894534,5.4,85539.5547969624,188738.383288277,304594.405983345,4.302,102.027375923747
"2009-04-01",3150.23084265056,81.9205973735683,88.5492620894826,5.3,86662.3935622918,192918.06004835,302549.956656778,4.539,101.905479417267
"2009-05-01",3157.2091281733,81.5180671457266,88.8192598395013,5.3,83077.3491100404,187020.502732428,294315.376848137,4.592,102.027375923747
"2009-06-01",3237.46002917614,82.2920791310129,89.419254839543,5.3,89273.6547345568,191424.308981743,294335.600708281,4.735,102.647016498354
"2009-07-01",3188.68310480859,81.6906015321058,88.6292614228215,5.1,93194.9348873444,192502.077765862,289807.331255357,4.462,101.86484724844
"2009-08-01",3285.3463197577,83.4552147340449,89.7992516729027,5.1,89953.8993190463,183178.821044641,280283.96516448,4.148,102.911125595727
"2009-09-01",3405.3705754337,83.9733806081564,89.6592528395597,5,91760.5540586501,182486.209463123,272917.24227916,3.936,103.20570881972
"2009-10-01",3346.33271829046,83.6109505852452,89.5092540895493,5,95510.5515484863,180936.422909985,272118.241154572,3.854,103.20570881972
"2009-11-01",3372.9544043739,84.2762510358086,90.0092499229173,4.9,95788.7286042819,182113.609219898,269536.680137072,3.868,103.500292043713
"2009-12-01",3420.21287733563,84.5226429639795,89.9092507562437,4.8,94778.6572666482,190146.723006641,229941.152708828,3.802,102.850177342487
"2010-01-01",3419.63645013134,84.1800914456766,89.3292555895367,4.6,96725.4385626908,187048.827842646,223004.090634796,3.757,101.59058010886
"2010-02-01",3445.59480927353,85.1208530467563,90.2692477562687,4.7,98919.1937746714,186021.940637056,222691.942326421,3.69,101.844531164027
"2010-03-01",3496.86874059513,85.6331874207693,90.9192423396472,4.6,101155.004904185,187784.165800988,215270.822773772,3.602,101.71247661534
"2010-04-01",3479.62260017582,85.358462950299,91.3092390896743,4.5,100712.612331838,187332.346033753,218107.397075302,3.514,101.40773534914
"2010-05-01",3503.9794098292,85.6736813284889,91.5692369230256,4.4,112396.558212977,189439.707282856,224186.582075769,3.174,100.788094774534
"2010-06-01",3543.89798999498,86.2779215512515,91.4992375063541,4.5,115265.088878905,185094.573359846,224321.205398791,3.008,100.371615044061
"2010-07-01",3479.05078451048,86.7811414622607,91.1592403396638,4.4,114487.262072023,186431.892336956,224544.423952302,2.981,100.513827634954
"2010-08-01",3598.59117478502,88.6281174173166,92.0392330063916,4.4,114882.951514696,186823.477878076,222764.725357791,2.645,101.37726122252
"2010-09-01",3594.3580407045,88.6474494023492,92.0392330063916,4.5,113592.586859829,183769.49751743,218297.659496691,2.666,101.367103180314
"2010-10-01",3588.83311073282,88.2376364733922,92.1392321730652,4.6,111765.893164803,179422.540243958,212210.326898143,2.733,102.027375923747
"2010-11-01",3583.5129489975,88.0926634433806,92.2692310897409,4.8,113982.905115874,183961.547360649,218332.322349563,2.941,101.77342486858
"2010-12-01",3601.25394026968,88.5556306384143,92.7092274231048,4.8,116916.684448554,186919.667054386,220284.738486204,3.319,101.174100378387
"2011-01-01",3631.67302125449,88.5525672296718,92.3792301730819,4.7,116513.89536076,188936.153269381,252386.104933069,3.304,100.61540805702
"2011-02-01",3737.98497703596,90.2712604495232,93.7992183398472,4.7,117473.83315334,189821.208769816,250908.42326224,3.453,101.98674375492
"2011-03-01",3735.54200170955,90.767471592184,94.5892117565687,4.7,118567.624245403,189750.340352688,257021.183288717,3.471,102.5657521607
"2011-04-01",3699.36176485708,90.4687609711445,94.929208923259,4.7,117831.664363061,190371.77163668,257030.141199266,3.575,102.99238993338
"2011-05-01",3691.98836840839,90.1089162619097,95.0392080066,4.8,116024.327403685,189190.198302415,248313.340726699,3.293,102.677490624974
"2011-06-01",3653.84986673453,89.5052014839958,94.9792085065958,4.8,115038.923351137,190120.515395615,250833.597799778,3.148,102.616542371734
"2011-07-01",3641.75709790105,88.2704784029156,94.1092157565354,5,113376.419848638,187562.796792802,246325.653366578,3.026,101.387419264727
"2011-08-01",3778.844925896,89.9983535615345,95.4092049232923,5.1,117304.580094164,192922.534836804,257476.051886064,2.592,102.77907104704
"2011-09-01",3694.09797620295,90.0775375255342,95.5492037566354,5,120789.34512976,200676.862315061,266149.094517928,2.273,102.362591316567
"2011-10-01",3679.15122075601,90.7194188100849,95.6292030899742,4.8,120061.155912935,197340.943569977,265414.297447491,2.366,102.372749358774
"2011-11-01",3777.04451971774,91.6072101479347,95.9192006733277,4.8,124593.490221996,199670.536161889,268415.784010153,2.313,102.4133815276
"2011-12-01",3706.90425952625,91.1518343897823,95.8692010899909,4.9,125914.32929858,197919.681304188,272836.371793472,2.266,101.722634657547
"2012-01-01",3741.80954289268,90.2782284846692,95.3592053399555,4.9,124908.851710637,195319.758278853,266088.638440623,2.07,100.330982875234
"2012-02-01",3786.92764408491,91.5342337140309,96.869192756727,4.9,124087.301394283,194996.794675052,262140.49059829,2.034,101.692160530927
"2012-03-01",3844.06281302241,92.0040387480624,97.3291889234256,5,126310.078156082,197492.032497066,265817.42646314,2.216,101.539789897827
"2012-04-01",3829.54590087124,92.309987059609,97.7491854234548,5,126413.430120339,195929.744832438,263132.610253457,2.218,101.610896193274
"2012-05-01",3800.84414065132,92.0803951459439,97.589186756777,5.1,128108.62152342,198406.801102483,270244.199124103,1.917,101.153784293974
"2012-06-01",3844.50995847745,92.2038504703136,97.4291880900993,5.1,127191.122757704,199980.012073235,269839.937300462,1.819,100.991255618667
"2012-07-01",3801.12190242573,91.4564333348226,96.6291947567104,5,136750.336580443,201230.832872288,269091.200177111,1.698,99.4370751610473
"2012-08-01",3857.49865912233,93.1288247840681,98.1091824234798,5,141571.014533094,201090.906460073,266274.993377919,1.662,100.544301761574
"2012-09-01",3951.97943845194,93.898620688345,98.6191781735152,5.1,142402.914948342,202180.356766582,261890.793510661,1.647,101.37726122252
"2012-10-01",3982.26442934203,93.8745781787026,98.6791776735194,5.2,144283.545980632,200377.940805507,259754.02383882,1.621,101.499157729
"2012-11-01",3901.47349891788,93.4066449819849,98.5091790901743,5.3,140339.841656109,197631.776317811,254006.539629335,1.522,101.397577306934
"2012-12-01",3998.96207174009,93.7059654242096,98.2491812568229,5.4,140421.178287673,196513.023783941,258822.857528916,1.428,101.40773534914
"2013-01-01",3926.2176472792,93.0202809349666,97.4091882567645,5.5,147399.628655036,203183.513365223,244398.479842791,1.604,101.07251995632
"2013-02-01",4030.95604413381,95.1451724998851,99.2391730068916,5.6,148304.08247288,204072.967609226,251651.832068572,1.693,102.84001930028
"2013-03-01",4005.12630858699,94.7171493012215,99.2891725902284,5.7,150290.263289232,207118.658164673,255489.440584342,1.545,102.037533965954
"2013-04-01",4069.60907111668,94.3009335579997,99.4091715902367,5.7,152824.464187074,208044.993719198,256812.939184749,1.41,102.29148502112
"2013-05-01",4074.14499573729,93.5007058400278,98.9591753402055,5.8,154546.934627686,210965.511784453,260741.117116195,1.468,101.935953543887
"2013-06-01",4053.54593314604,93.7771459313775,99.3791718402347,5.9,156736.819479134,216705.362066601,261609.315883022,1.755,102.606384329527
"2013-07-01",4048.40601678565,93.0874181305214,98.3491804234965,5.9,153747.366333748,213905.551603415,259381.692756754,2.021,101.265522758247
"2013-08-01",4141.27193176886,95.0393347586509,99.7691685902617,5.9,154587.432349731,214862.981146974,260956.282786896,2.2,102.951757764554
"2013-09-01",4134.42205144549,95.6182551371887,100.149165423621,6,151902.28608356,211967.10745014,253862.268106187,2.271,103.033022102207
"2013-10-01",4120.6924102215,95.3618183017451,99.6991691735902,6,155226.28424026,216830.210562241,260637.452810113,2.139,103.1752346931
"2013-11-01",4080.99743595577,95.3732305604205,99.609169923584,6,157384.337056712,216625.230184723,263177.904708588,2.009,103.11428643986
"2013-12-01",4197.21015382273,96.1732131073932,99.7591686735944,6,156417.240787827,209235.859587588,259757.758407757,2.096,103.3276053262
"2014-01-01",4157.08285503461,95.429412620253,98.8291764235298,6,157627.033361042,217210.395994877,264754.125368803,2.057,102.586068245114
"2014-02-01",4272.31034327473,97.0957364463751,100.009166590278,5.9,160863.322789477,216739.177364004,265251.541500316,1.869,103.561240296953
"2014-03-01",4236.50680169066,97.0435013512842,100.049166256948,6,160285.624886716,214677.267132614,259632.692505756,1.796,103.561240296953
"2014-04-01",4205.43076845677,97.0592909803173,100.279164340297,5.9,161015.117982658,216906.007736731,263069.471433649,1.71,103.41902770606
"2014-05-01",4193.60233356798,97.217299639482,100.369163590303,6,163695.320902527,218352.368007166,265520.562800215,1.568,103.23618294634
"2014-06-01",4251.36689797525,97.9172274334713,100.559162006983,6,165994.538545095,218851.12056309,264118.74409555,1.44,103.063496228827
"2014-07-01",4282.12254339995,97.604143484678,99.5691702569145,6,168990.042543604,223612.322339276,267360.735611396,1.264,101.814057037407
"2014-08-01",4356.31190283081,98.8683478430501,100.469162756977,6,169007.422365956,224091.648086018,267053.195241328,1.083,102.68764866718
"2014-09-01",4414.76555376924,98.7901139505305,100.449162923642,6.1,173717.218459752,229514.229575384,276652.871018213,0.983,102.128956345814
"2014-10-01",4436.68184607768,97.9381940964818,100.139165506954,6.1,179739.210407535,231687.297120118,278174.019356646,0.867,101.702318573134
"2014-11-01",4459.4074067924,97.7062262159988,99.7591686735944,6.2,172640.17790663,229557.954206383,272385.894505131,0.751,101.62105423548
"2014-12-01",4446.91074712991,97.5018119248318,98.8191765068624,6.2,178768.516707899,231726.437282637,272943.300245532,0.65,101.245206673834
"2015-01-01",4403.98455547745,97.7513633430469,97.6891859234506,6.3,184735.371200997,237320.363869358,292847.416240327,0.469,100.087189862274
"2015-02-01",4512.50147232746,100.724193766171,99.6791693402555,6.4,190146.349191407,241456.338637981,302931.220672503,0.331,100.70683043688
"2015-03-01",4546.21397219509,101.163719007632,100.109165756952,6.4,194944.907787502,244586.328438384,307005.298524913,0.161,99.538655583114
"2015-04-01",4548.69489522671,100.455549193271,100.249164590295,6.4,197815.145742858,246945.541155256,308034.765565324,0.061,99.0002793461607
"2015-05-01",4579.96644535765,100.602328841585,100.799160007,6.6,202430.963246342,250902.687097506,307963.579160498,0.42,99.8129227226939
"2015-06-01",4562.73865941564,100.644895601765,101.019158173682,6.5,202054.768380207,251375.991353224,308768.74283965,0.649,100.280192664201
"2015-07-01",4484.23119415177,99.3776478497772,99.7391688402597,6.5,200275.818133035,249754.241443921,304868.595955555,0.561,98.9393310929207
"2015-08-01",4578.10735943527,100.536911228456,100.549162090316,6.5,204659.155731201,253614.181952602,310760.798160225,0.445,100.55445980378
"2015-09-01",4509.26144641296,100.104002583615,100.26916442363,6.5,200336.131965769,249399.408466159,305545.599413849,0.426,100.818568901154
"2015-10-01",4492.56771991894,99.7687592813843,100.049166256948,6.5,204013.393803099,251940.814450502,306298.496655855,0.308,100.402089170681
"2015-11-01",4523.08161113813,99.8431972119677,100.189165090291,6.5,204723.478751173,253097.074461226,309099.758738523,0.252,99.8332388071073
"2015-12-01",4495.65066894293,99.0274320913303,99.6591695069208,6.5,208064.214132397,256546.438849205,312988.641104365,0.271,100.026241609034
"2016-01-01",4493.03765625955,97.2074779048919,98.1291822568145,6.4,206757.5901511,253711.241582138,309432.984728254,0.719,99.599603836354
"2016-02-01",4597.26081214358,98.1932853142437,99.3691719235673,6.4,206955.545346424,254451.807610369,310025.693405636,0.429,101.01157170308
"2016-03-01",4599.50153159686,97.5709394354487,99.4891709235756,6.4,206442.911954144,254172.981155985,306247.851133239,0.415,100.178612242134
"2016-04-01",4554.11042208486,96.5911253679984,99.639169673586,6.3,207637.09937702,253717.999792903,305569.777474724,0.335,100.290350706407
"2016-05-01",4598.10002709863,96.9841866110266,100.169165256956,6.2,205139.437062247,250328.526131925,302386.435961635,0.329,100.361457001854
"2016-06-01",4667.48955081651,98.0790275594136,100.599161673653,6.3,208120.064074809,254618.269405761,308239.114029464,0.171,100.330982875234
"2016-07-01",4689.55162493984,98.1161161454708,99.3291722568979,6.2,209433.504487451,252876.203447445,311725.788151314,-0.003,99.0307534727807
"2016-08-01",4748.69585735209,99.9039834662456,100.319164006967,6.3,210412.037314951,252661.258133222,310400.387847141,-0.051,100.259876579787
"2016-09-01",4803.25251770807,100.403081013703,100.589161756985,6.4,212002.928431079,256064.187614104,315163.570041812,-0.026,100.361457001854
"2016-10-01",4796.60153796264,100.106807807575,100.769160256998,6.3,212650.333772905,252309.66550844,308911.372312539,0.071,100.036399651241
"2016-11-01",4780.2136200449,99.897361380603,100.819159840335,6.3,217620.26611424,260858.779910724,319921.318430889,0.278,100.168454199927
"2016-12-01",4840.68484199245,100.480226969184,101.239156340364,6.3,225347.517341373,265763.025266183,329558.866600945,0.385,99.8027646804873
"2017-01-01",4693.43134280289,99.7125984543014,100.589161756985,6,221263.145874998,262187.601682823,319777.673389988,0.431,99.2135982325007
"2017-02-01",4809.48513309749,101.53333397489,102.04914959042,5.9,217299.204514865,259681.908022532,321981.298024767,0.554,100.005925524621
"2017-03-01",4817.88352409962,101.391513091977,101.979150173749,5.8,227027.464618242,269217.932203426,332936.093100905,0.599,99.9043451025539
"2017-04-01",4842.85791677237,101.436998554053,102.229148090433,5.6,230314.951177516,270959.186777032,335562.702135802,0.493,99.7215003428339
"2017-05-01",4821.23999055613,101.059934333712,102.109149090424,5.5,229961.742518358,273087.570835782,336165.185404174,0.57,100.4325632973
"2017-06-01",4863.10209267151,100.998964617537,102.08914925709,5.5,230457.408028455,273732.466832713,335932.433663911,0.519,100.686514352467
"2017-07-01",4797.82396097666,99.7843741512682,101.129157257023,5.5,232575.209412038,273386.53689064,337808.19346003,0.693,100.330982875234
"2017-08-01",4925.02012973187,101.432235630307,102.57914517379,5.5,233355.148156319,275309.981253734,341118.404086549,0.57,101.753108784167
"2017-09-01",4919.45590929147,101.321160859619,102.609144923792,5.6,231626.029460026,271334.832262828,338768.429074928,0.554,101.59058010886
"2017-10-01",4870.33370650928,101.223872075133,102.789143423805,5.4,234483.709664902,271825.340272155,339617.361807797,0.57,101.509315771207
"2017-11-01",4965.9526168387,101.47272081266,102.799143340472,5.4,243955.759060219,283561.83624097,346702.87950007,0.5,101.275680800454
"2017-12-01",5003.11367665202,101.724379704285,102.829143090474,5.6,238403.7989279,282375.396870302,340904.455013314,0.485,101.1944164628
"2018-01-01",4928.03190067656,100.886643568183,101.89915084041,5.5,237236.798571365,281859.599069409,345410.343677571,0.625,100.605250014814
"2018-02-01",4983.91811678665,102.435172616548,103.139140507162,5.6,238766.131054223,283796.3373886,348819.283012549,0.78,101.671844446514
"2018-03-01",4983.94998253678,102.540944589247,103.14914042383,5.6,234500.481866176,277959.832060566,341147.332926638,0.68,101.499157729
"2018-04-01",5001.16580224462,103.043301231354,103.599136673861,5.5,232844.995804719,276487.356995817,341323.323183344,0.62,101.448367517967
"2018-05-01",5045.81687528395,103.607222859894,104.219131507237,5.5,242751.50237773,285034.600123081,349193.739215902,0.608,101.021729745287
"2018-06-01",5039.91732247143,103.561229261715,104.529128923926,5.6,246586.315467106,289658.390977942,353004.043852899,0.537,101.0420458297
"2018-07-01",4993.61329645363,102.029909821634,103.629136423863,5.6,249596.513435462,293016.624538914,353227.297922614,0.47,100.402089170681
"2018-08-01",5049.85528956816,103.109930977862,105.059124507296,5.7,249411.196059513,290261.197807231,347706.13297507,0.466,101.59058010886
"2018-09-01",5032.6314139782,102.938105662508,105.379121840651,5.6,253814.7177014,293332.912423137,351956.311731892,0.509,101.98674375492
"2018-10-01",5061.70585793262,102.854051089597,105.639119674003,5.5,253221.117859106,290761.621558881,353866.937986594,0.56,101.519473813414
"2018-11-01",5029.27474655995,102.526532930882,105.469121090658,5.4,252654.521266279,290933.778880052,350434.143894287,0.497,101.509315771207
"2018-12-01",5047.81939550743,102.176339849288,104.77912684061,5.3,249852.036364884,289366.375051712,354553.777225464,0.424,101.275680800454
"2019-01-01",4984.81556087633,101.455561540544,103.579136840526,5.3,250371.822091626,289009.504584203,355284.873271161,0.366,100.52398567716
"2019-02-01",5093.16249924955,103.528549819701,105.30912242398,5.5,250701.831788388,288907.327530907,353530.907471391,0.261,101.519473813414
"2019-03-01",5155.32193987412,103.563529562338,105.629119757335,5.7,252747.27380102,290430.370778923,354933.928126237,0.168,101.1944164628
"2019-04-01",5162.10569561632,102.893966971095,105.919117340689,5.6,253620.242467027,292783.315591203,357916.092344535,0.109,100.849043027774
"2019-05-01",5195.86140611474,103.098289754975,106.469112757394,5.6,256750.743416372,295806.657201418,357699.497248833,0.02,101.10299408294
"2019-06-01",5163.63289826894,102.75848262479,106.109115757369,5.7,258627.024026311,295182.061313968,358501.569611673,-0.162,101.031887787494
"2019-07-01",5136.96579001533,102.525263791756,105.299122507312,5.7,259381.962193805,298667.936216715,358324.382103089,-0.276,99.9856094402072
"2019-08-01",5285.78914735239,104.36366610562,106.539112174065,5.8,265580.108945492,303997.112670169,364319.911832919,-0.541,101.16394233618
"2019-09-01",5270.34506263228,104.127976945577,106.499112507396,5.5,270798.46389236,307641.533059651,374576.313367931,-0.497,100.930307365427
"2019-10-01",5260.05270644616,103.583647637711,106.529112257398,5.6,270032.172189817,307694.483268708,367790.856708257,-0.395,100.7373045635
"2019-11-01",5264.49117039352,103.217759800057,106.5591120074,5.6,268405.487624073,305939.494597454,367424.734468484,-0.274,100.808410858947
"2019-12-01",5203.65612316032,102.877496775367,106.679111007408,5.7,275549.558029918,312055.390855013,371943.744322116,-0.226,100.70683043688
"2020-01-01",5278.88723281812,102.465159412799,106.209114924042,5.8,271922.711170806,311669.291984964,363247.803769245,-0.252,99.9348192291739
"2020-02-01",5394.33851764356,104.999092863653,107.249106257448,5.8,276659.760167989,313362.750715869,365823.646326649,-0.431,100.788094774534
"2020-03-01",5128.57424953832,105.864540040359,105.98911675736,6.6,298695.737232159,333573.927628902,405394.534715126,-0.361,101.0420458297
"2020-04-01",5037.69376500635,109.515508624936,105.099124173965,7.4,286754.702791062,320115.524428682,396207.336526775,-0.247,100.940465407634
"2020-05-01",5238.75263459433,111.252804526477,104.77912684061,7.6,283538.626473165,317282.649740914,393546.406562588,-0.322,100.849043027774
"2020-06-01",5377.05360039932,111.12164468732,105.719119007342,7.6,285598.713389963,316121.023936686,389415.804454211,-0.343,101.539789897827
"2020-07-01",5361.09553967747,106.605582954323,105.399121673986,7.1,287723.170150307,318166.439052617,394900.4328331,-0.43,101.31631296928
"2020-08-01",5403.54718888297,105.779226582487,106.339113840718,6.7,286968.70305971,317903.718864408,394015.577028268,-0.454,102.616542371734
"2020-09-01",5457.45727143955,105.843787081972,106.129115590703,6.5,282207.764805563,310416.415009722,390491.361732746,-0.497,102.677490624974
"2020-10-01",5567.88226297212,108.171161220116,106.079116007367,6.3,292823.338163348,321247.506084622,393300.864354603,-0.541,102.44385565422
"2020-11-01",5619.30433450374,109.176336121321,105.859117840685,6.3,301604.814981204,329994.484516029,403427.30342252,-0.536,102.179746556847
"2020-12-01",5603.01340252414,109.75277040319,106.319114007383,6.4,305653.239776594,332583.311706271,406291.764986452,-0.549,102.62670041394
"2021-01-01",5834.96851560942,110.302469765244,107.329105590787,6.4,313963.526666801,343325.318577999,436161.750488053,-0.535,102.667332582767
"2021-02-01",5779.09016425128,108.980947615678,106.669111090741,6.3,322824.541617577,351783.129320139,442568.718318503,-0.446,101.397577306934
"2021-03-01",5901.9413201393,110.901576018763,108.589095090874,6.1,315249.087139319,344297.676772634,434900.070399515,-0.401,102.393065443187
"2021-04-01",5884.41794062936,110.861039063906,108.559095340872,5.9,324608.644371646,354190.178265378,445050.578576735,-0.376,102.23053676788
"2021-05-01",5912.20571230665,111.726798388337,109.019091507571,5.6,330225.347211536,360431.236173583,455086.263651543,-0.314,102.38290740098
"2021-06-01",6005.97634706398,112.907182187768,109.349088757594,5.3,331636.672892875,365568.826275904,460896.3944253,-0.334,102.1086402614
"2021-07-01",6002.81954976145,113.511276437599,108.919092340897,5.2,339422.478405611,371191.114660875,471243.573246895,-0.401,101.10299408294
"2021-08-01",6151.58144720932,115.540150947884,110.079082674311,5,342704.76178492,375206.78702558,476816.121345763,-0.472,101.641370319894
"2021-09-01",6235.89900302923,116.164913749626,110.399080007667,4.9,347777.882079065,378333.09766315,482737.907909343,-0.372,101.641370319894
"2021-10-01",6362.91419309151,117.502243960299,111.74906875776,4.7,356300.935612443,385267.045454531,494806.795726591,-0.199,101.52963185562
"2021-11-01",6465.3819156467,118.156806126765,112.559062007817,4.7,352781.443572946,383799.442315434,495034.573517664,-0.211,101.458525560174
"2021-12-01",6357.5038912618,117.124573025177,112.109065757785,4.8,358043.480002741,389022.64474548,499125.519661981,-0.218,101.01157170308
"2022-01-01",6334.46466171734,116.760691225373,112.299064174465,4.5,364223.01712212,394683.83214438,500027.703437715,-0.039,100.158296157721
"2022-02-01",6285.82366660534,118.65041529929,114.979041841318,4.5,369821.164923774,400891.896831673,506918.750654958,0.399,101.62105423548
"2022-03-01",6296.41167167732,119.842643948,117.219023174807,4.5,370188.736604719,401212.386919914,506988.825485712,0.548,100.98109757646
"2022-04-01",6362.6711759416,119.601532069218,118.289014258215,4.4,368909.549690453,401678.86039765,507181.221394221,1.389,100.788094774534
"2022-05-01",6340.26242955945,119.614110778308,118.94900875826,4.4,372014.12604681,404604.49527453,512967.918792442,1.659,100.137980073307
"2022-06-01",6408.56639449895,121.662709063184,120.648994591712,4.4,369652.372600847,405399.342313118,514167.246685984,2.157,100.371615044061
"2022-07-01",6407.55044931323,121.050721337887,119.039008008267,4.5,364572.229269165,401591.64275652,505448.538598355,1.853,98.2993744339008
"2022-08-01",6469.46944397516,122.355261591195,119.539003841635,4.7,364246.797198398,404686.801519198,510249.08138109,1.843,98.5634835312741
"2022-09-01",6562.88010671161,123.503203281237,120.148998758344,4.7,360631.695083177,406475.135049215,510804.004271138,2.55,98.0454233787341
"2022-10-01",6588.51717745638,125.110217381862,121.618986508446,4.8,351633.511057805,405081.366766527,508796.239066444,2.994,98.0047912099075
"2022-11-01",6537.11660331147,124.614054925298,120.788993425055,4.8,347646.062434636,407069.494583774,507945.045359386,2.701,98.2079520540408
"2022-12-01",6375.46621923215,123.458028498768,119.089007591603,4.9,334620.780843518,397914.529864023,498553.317295159,2.676,98.0555814209408
"2023-01-01",6500.94884692346,124.627295990711,118.779010174915,4.9,328351.493383826,396902.427231471,494754.948357656,2.7,97.2835702132342
"2023-02-01",6769.54772797031,127.734106886324,120.448996258365,4.9,313636.971143416,386424.170308342,486939.431137625,2.889,98.4720611514141
"2023-03-01",6735.40342510624,128.691636398149,120.668994425046,4.9,308236.999130966,382684.277277813,483456.733998576,2.993,98.3400066027274
"2023-04-01",6793.37077955048,130.165612547955,121.498987508437,4.9,303927.354828852,380253.328520031,475216.589170154,2.96,99.325336696774
"2023-05-01",6786.22417878493,129.823037333091,121.268989425088,5,294264.037185315,374082.58762054,465582.65264662,2.952,99.2135982325007
"2023-06-01",6811.5050416646,129.717401389382,121.808984925126,5.1,286300.797134403,366787.777275803,460868.830401066,2.946,99.5792877519406
"2023-07-01",6740.6609886766,127.931820690104,121.458987841768,5.2,285498.874858085,369982.165642028,458625.540405916,3.033,99.1628080214673
"2023-08-01",6874.65189582461,129.881562640353,123.748968758594,5.3,272906.483169177,361331.8773201,452248.551867765,3.084,100.087189862274
"2023-09-01",6830.78711549879,130.346301309031,124.208964925292,5.5,277754.111267203,367635.179567133,468627.691014368,3.161,100.026241609034
"2023-10-01",6877.97183754702,131.026769755219,124.118965675286,5.6,272690.471339189,362360.723387702,453616.763224541,3.318,99.7418164272473
"2023-11-01",6843.6351331672,130.716252066428,123.358972008567,5.8,278920.310558582,367581.838940889,459204.270391236,3.029,99.8332388071073
"2023-12-01",6856.49302928578,130.55626539702,122.848976258531,5.7,279289.594660541,368726.532846284,463758.044008253,2.533,99.3964429922206
"2024-01-01",6824.01536138888,130.156877658667,122.308980758494,5.9,274939.258779258,363779.087117574,473258.967551707,2.613,98.776802417614
"2024-02-01",7005.89281938905,132.572357328232,124.338963841968,6,273321.284930076,362780.406003646,472139.426094265,2.815,99.5284975409073
"2024-03-01",7044.59181922207,132.753031831844,124.548962091983,6,278890.056474846,369285.72901465,466284.824274939,2.787,99.5894457941473
"2024-04-01",7074.86949488291,133.172622064755,125.12895725869,6.1,282352.481350505,375705.966549632,489280.143135308,2.904,99.4980234142873
"2024-05-01",7116.46037777976,133.44816732787,125.198956675361,6.3,284363.912032422,378957.5209268,491837.205992873,2.941,99.6707101318006
"2024-06-01",7106.87012733733,133.979569661014,125.188956758694,6.2,289710.303891597,384949.956211505,498465.818295937,2.936,99.4370751610473
"2024-07-01",7135.22739303651,134.427354288585,124.678961008658,6.3,286372.352517569,381001.306911278,505043.855588114,2.901,98.5330094046541
"2024-08-01",7109.3120541524,136.029400038212,125.868951092074,6.3,289971.698765355,387117.916279668,508725.377036506,2.661,
"2024-09-01",7122.3605528111,135.075041351869,125.248956258698,6.3,288099.375150946,380448.781384692,506582.343302203,2.592,
"2024-10-01",,,125.178956842026,6.4,295030.850426158,387803.226342706,514336.719900477,2.652,
"2024-11-01",,,124.688960925326,6.5,293138.030900755,384784.899991172,516611.95192658,2.722,
"2024-12-01",,,124.838959675336,6.4,301517.016190133,394903.811079629,539683.757361133,2.643,
"2025-01-01",,,125.23895634203,6.4,304053.694491337,396379.477897427,530859.740223505,2.9,
"2025-02-01",,,126.658944508796,6.5,316020.284304579,407081.684570832,543361.068676417,2.759,
"2025-03-01",,,126.478946008783,,,,,,
