"date","pce_nom","gdp_nom","pce_defl","gdp_defl","cpi","ur","m1","m2","m3","policy","nowa_1d","nibor_3m","gov_10y","reer","rrppi","xr_usd","hfwh"
"1919-01-01",,,,,,,410.252140887993,4342.46498317876,,,,,,,,,
"1919-04-01",,,,,,,408.403041060755,4490.76171289626,,,,,,,,,
"1919-07-01",,,,,,,402.928103567872,4564.48485956191,,,,,,,,,
"1919-10-01",,,,,,,410.495437345128,4657.5193427438,,,,,,,,,
"1920-01-01",,,,,,,423.737264736404,4789.59318002161,,,,,,,,,
"1920-04-01",,,,,,,424.865591391811,4897.50417873765,,,,,,,,,
"1920-07-01",,,,,,,432.774338373157,4939.60979784015,,,,,,,,,
"1920-10-01",,,,,,,439.02864029323,5016.70013022204,,,,,,,,,
"1921-01-01",,,,,,,404.30289851868,5010.67324453958,,,,,,,,,
"1921-04-01",,,,,,,382.921293632521,4992.85554742056,,,,,,,,,
"1921-07-01",,,,,,,380.262149728192,5041.87213499377,,,,,,,,,
"1921-10-01",,,,,,,365.602320756111,5052.83526241521,,,,,,,,,
"1922-01-01",,,,,,,350.801226676429,5029.18715580788,,,,,,,,,
"1922-04-01",,,,,,,345.665485675734,5017.83780013267,,,,,,,,,
"1922-07-01",,,,,,,344.460105011627,4988.14270620759,,,,,,,,,
"1922-10-01",,,,,,,332.828607356543,4902.13324035547,,,,,,,,,
"1923-01-01",,,,,,,344.366204356679,4824.09664306758,,,,,,,,,
"1923-04-01",,,,,,,355.338874058023,4246.07822239707,,,,,,,,,
"1923-07-01",,,,,,,350.170064246758,4173.8692826251,,,,,,,,,
"1923-10-01",,,,,,,354.867305978644,4130.26318424339,,,,,,,,,
"1924-01-01",,,,,,,366.445542291033,4117.94737450919,,,,,,,,,
"1924-04-01",,,,,,,370.785796672739,4108.98092903619,,,,,,,,,
"1924-07-01",,,,,,,371.97805847862,4074.36009063773,,,,,,,,,
"1924-10-01",,,,,,,364.615569889554,4002.68385184469,,,,,,,,,
"1925-01-01",,,,,,,365.193967291348,3970.54761844195,,,,,,,,,
"1925-04-01",,,,,,,346.05197545132,3912.60317132305,,,,,,,,,
"1925-07-01",,,,,,,326.757061204559,3809.23274930845,,,,,,,,,
"1925-10-01",,,,,,,315.020983915895,3753.83735771912,,,,,,,,,
"1926-01-01",,,,,,,301.752675780456,3699.49353198764,,,,,,,,,
"1926-04-01",,,,,,,295.858428278959,3648.02062467378,,,,,,,,,
"1926-07-01",,,,,,,299.139142371627,3654.75966141038,,,,,,,,,
"1926-10-01",,,,,,,309.227698257592,3640.45000685703,,,,,,,,,
"1927-01-01",,,,,,,298.616704469801,3577.15997618146,,,,,,,,,
"1927-04-01",,,,,,,288.141948776199,3484.99976553168,,,,,,,,,
"1927-07-01",,,,,,,279.590245986092,3378.1992698964,,,,,,,,,
"1927-10-01",,,,,,,271.61439678995,3253.14581057071,,,,,,,,,
"1928-01-01",,,,,,,262.927767777675,3174.98509831391,,,,,,,,,
"1928-04-01",,,,,,,254.882379896343,3151.07882269338,,,,,,,,,
"1928-07-01",,,,,,,252.286643270271,3165.65702899017,,,,,,,,,
"1928-10-01",,,,,,,252.248223091519,3164.93430864383,,,,,,,,,
"1929-01-01",,,,,,,255.163286324383,3156.79897170949,,,,,,,,,
"1929-04-01",,,,,,,259.838304082848,3154.60270814245,,,,,,,,,
"1929-07-01",,,,,,,261.040616047251,3144.27254882722,,,,,,,,,
"1929-10-01",,,,,,,268.01878130327,3157.93243296698,,,,,,,,,
"1930-01-01",,,,,,,259.645945538756,3140.3840378166,,,,,,,,,
"1930-04-01",,,,,,,261.443371322938,3147.6112056987,,,,,,,,,
"1930-07-01",,,,,,,262.524502454972,3124.41922563826,,,,,,,,,
"1930-10-01",,,,,,,266.715863324099,3127.92618399838,,,,,,,,,
"1931-01-01",,,,,,,267.093342772001,3131.93106456909,,,,,,,,,
"1931-04-01",,,,,,,257.971009916616,3117.0230110641,,,,,,,,,
"1931-07-01",,,,,,,259.156000787052,3065.9910940521,,,,,,,,,
"1931-10-01",,,,,,,266.460070670981,3011.66334642478,,,,,,,,,
"1932-01-01",,,,,,,252.47973818235,2952.04844748171,,,,,,,,,
"1932-04-01",,,,,,,256.912855552707,2936.03760775191,,,,,,,,,
"1932-07-01",,,,,,,256.130079401559,2909.20522054967,,,,,,,,,
"1932-10-01",,,,,,,253.259072236477,2904.30907122546,,,,,,,,,
"1933-01-01",,,,,,,254.601162963439,2920.4966907112,,,,,,,,,
"1933-04-01",,,,,,,251.941294530463,2890.98997824002,,,,,,,,,
"1933-07-01",,,,,,,249.580236865946,2866.73443677211,,,,,,,,,
"1933-10-01",,,,,,,249.668532174632,2814.81148061839,,,,,,,,,
"1934-01-01",,,,,,,261.840310758028,2787.96725350781,,,,,,,,,
"1934-04-01",,,,,,,258.920460940737,2747.74484999159,,,,,,,,,
"1934-07-01",,,,,,,257.462483845222,2740.65380446407,,,,,,,,,
"1934-10-01",,,,,,,261.730510938639,2750.97924726223,,,,,,,,,
"1935-01-01",,,,,,,261.738606444877,2764.61559194108,,,,,,,,,
"1935-04-01",,,,,,,272.626276729486,2800.65988238597,,,,,,,,,
"1935-07-01",,,,,,,278.127230990871,2820.00738620242,,,,,,,,,
"1935-10-01",,,,,,,285.47323706584,2833.47735177996,,,,,,,,,
"1936-01-01",,,,,,,299.074958618895,2816.3552349282,,,,,,,,,
"1936-04-01",,,,,,,311.745241952159,2819.12251829896,,,,,,,,,
"1936-07-01",,,,,,,318.256046260264,2782.10262143991,,,,,,,,,
"1936-10-01",,,,,,,344.580314768167,2794.06543924415,,,,,,,,,
"1937-01-01",,,,,,,347.888320376558,2813.40130571163,,,,,,,,,
"1937-04-01",,,,,,,353.02344491648,2839.06634740015,,,,,,,,,
"1937-07-01",,,,,,,368.642605988313,2890.44768128448,,,,,,,,,
"1937-10-01",,,,,,,364.57811508429,2929.5581023422,,,,,,,,,
"1938-01-01",,,,,,,371.334042978031,2999.33388989345,,,,,,,,,
"1938-04-01",,,,,,,376.372416406746,3044.19355118259,,,,,,,,,
"1938-07-01",,,,,,,405.337692417542,3116.06521227345,,,,,,,,,
"1938-10-01",,,,,,,386.664137056769,3092.98555874709,,,,,,,,,
"1939-01-01",,,,,,,399.036229024794,3112.17336797484,,,,,,,,,
"1939-04-01",,,,,,,413.304935629647,3120.29410231729,,,,,,,,,
"1939-07-01",,,,,,,454.269310355056,3105.99048247955,,,,,,,,,
"1939-10-01",,,,,,,470.929033492945,3115.64799414408,,,,,,,,,
"1940-01-01",,,,,,,551.425262961935,3234.36456009131,,,,,,,,,
"1940-04-01",,,,,,,762.00125990752,3333.26677514625,,,,,,,,,
"1940-07-01",,,,,,,947.724862653303,3508.95198216137,,,,,,,,,
"1940-10-01",,,,,,,1124.43495780728,3823.27135148718,,,,,,,,,
"1941-01-01",,,,,,,1267.18940515725,4025.42116498782,,,,,,,,,
"1941-04-01",,,,,,,1421.28426376228,4296.0504054997,,,,,,,,,
"1941-07-01",,,,,,,1572.31263001111,4567.51179942919,,,,,,,,,
"1941-10-01",,,,,,,1749.59085458871,4872.97294350032,,,,,,,,,
"1942-01-01",,,,,,,1957.39810896485,5164.80353645618,,,,,,,,,
"1942-04-01",,,,,,,2075.2799830611,5435.29395233471,,,,,,,,,
"1942-07-01",,,,,,,2191.90975322423,5697.80223567541,,,,,,,,,
"1942-10-01",,,,,,,2363.4091550608,6030.28409493676,,,,,,,,,
"1943-01-01",,,,,,,2487.69643059534,6255.63275315513,,,,,,,,,
"1943-04-01",,,,,,,2543.8769830642,6452.90116238026,,,,,,,,,
"1943-07-01",,,,,,,2732.16512286664,6827.49873561918,,,,,,,,,
"1943-10-01",,,,,,,2899.8442779328,7176.99420917915,,,,,,,,,
"1944-01-01",,,,,,,2941.66644016219,7401.52950976503,,,,,,,,,
"1944-04-01",,,,,,,3108.57648116007,7787.73222745604,,,,,,,,,
"1944-07-01",,,,,,,3230.0719292159,8075.18164349248,,,,,,,,,
"1944-10-01",,,,,,,3290.53559722569,8241.16341374874,,,,,,,,,
"1945-01-01",,,,,,,3498.23194183386,8599.33167741654,,,,,,,,,
"1945-04-01",,,,,,,3315.43842667488,8629.83788650788,,,,,,,,,
"1945-07-01",,,,,,,2103.88371937009,7300.83816900186,,,,,,,,,
"1945-10-01",,,,,,,2417.26617111217,7617.12783486688,,,,,,,,,
"1946-01-01",,,,,,,2563.42878320889,7778.68429126759,,,,,,,,,
"1946-04-01",,,,,,,2725.56953022467,8104.25925482207,,,,,,,,,
"1946-07-01",,,,,,,2859.4744806255,8312.54639976056,,,,,,,,,
"1946-10-01",,,,,,,2892.85140959205,8329.23903197079,,,,,,,,,
"1947-01-01",,,,,,,3008.66213488483,8623.2295288303,,,,,,,,,
"1947-04-01",,,,,,,3052.4095296021,8759.04366942131,,,,,,,,,
"1947-07-01",,,,,,,3285.64637543605,9176.42491493755,,,,,,,,,
"1947-10-01",,,,,,,3285.24231913141,9198.084314537,,,,,,,,,
"1948-01-01",,,,,,,3383.02934885023,9403.17172075424,,,,,,,,,
"1948-04-01",,,,,,,3427.63042882157,9566.56205150793,,,,,,,,,
"1948-07-01",,,,,,,3444.883720987,9666.23763500069,,,,,,,,,
"1948-10-01",,,,,,,3357.84878650125,9623.66738027225,,,,,,,,,
"1949-01-01",,,,,,,3310.22979005163,9668.58453944003,,,,,,,,,
"1949-04-01",,,,,,,3276.95849542024,9713.25615849094,,,,,,,,,
"1949-07-01",,,,,,,3286.22894436914,9828.50044092868,,,,,,,,,
"1949-10-01",,,,,,,3336.87063417189,9955.2967576804,,,,,,,,,
"1950-01-01",,,,,,,3368.99784082857,10085.5412019745,,,,,,,,,
"1950-04-01",,,,,,,3330.35654862012,10111.8908499377,,,,,,,,,
"1950-07-01",,,,,,,3283.71362111029,10112.0437387843,,,,,,,,,
"1950-10-01",,,,,,,3250.10200956355,10061.9235144263,,,,,,,,,
"1951-01-01",,,,,,,3252.22194579902,10064.5930537074,,,,,,,,,
"1951-04-01",,,,,,,3352.18972434082,10306.4653598678,,,,,,,,,
"1951-07-01",,,,,,,3657.83019479856,10916.7458097026,,,,,,,,,
"1951-10-01",,,,,,,3608.49825999146,11073.2988238055,,,,,,,,,
"1952-01-01",,,,,,,3720.56453910497,11364.0810981076,,,,,,,,,
"1952-04-01",,,,,,,3792.36931750524,11600.3355882217,,,,,,,,,
"1952-07-01",,,,,,,3789.73124869961,11703.2026989727,,,,,,,,,
"1952-10-01",,,,,,,3791.18080272161,11788.4307768615,,,,,,,,,
"1953-01-01",,,,,,,3831.02241227695,11988.3891345173,,,,,,,,,
"1953-04-01",,,,,,,3849.31832591389,12111.9886021924,,,,,,,,,
"1953-07-01",,,,,,,3908.85582847139,12341.9702147699,,,,,,,,,
"1953-10-01",,,,,,,3902.63767146151,12359.8118970013,,,,,,,,,
"1954-01-01",,,,,,,3998.72028856586,12672.9967606113,,,,,,,,,
"1954-04-01",,,,,,,4129.56340086846,12961.867889719,,,,,,,,,
"1954-07-01",,,,,,,4130.09108050252,13116.2149954972,,,,,,,,,
"1954-10-01",,,,,,,4027.28395671542,12973.6138706326,,,,,,,,,
"1955-01-01",,,,,,,4002.75904889081,13215.4038457276,,,,,,,,,
"1955-04-01",,,,,,,3817.66030892275,13064.2917766951,,,,,,,,,
"1955-07-01",,,,,,,3828.34742054745,13177.9103418695,,,,,,,,,
"1955-10-01",,,,,,,3927.34986447434,13382.2836133947,,,,,,,,,
"1956-01-01",,,,,,,3885.88479830799,13437.9819819424,,,,,,,,,
"1956-04-01",,,,,,,3800.82065197547,13434.2145356928,,,,,,,,,
"1956-07-01",,,,,,,3867.80094530194,13729.3204054297,,,,,,,,,
"1956-10-01",,,,,,,3946.80026049512,14006.6892428716,,,,,,,,,
"1957-01-01",,,,,,,4038.83277900829,14175.2993249538,,,,,,,,7.14286000614286,
"1957-04-01",,,,,,,4091.45150617728,14373.7215280862,,,,,,,,7.14286000614286,
"1957-07-01",,,,,,,3945.05277640748,14280.954414096,,,,,,,,7.14286000614286,
"1957-10-01",,,,,,,3997.00360696686,14522.5259143521,,,,,,,,7.14286000614286,
"1958-01-01",,,,,,,3935.35097911988,14463.1043086522,,,,,,,,7.14286000614286,
"1958-04-01",,,,,,,4066.70836059598,14740.4951691606,,,,,,,,7.14286000614286,
"1958-07-01",,,,,,,4095.72221859114,14715.3472524634,,,,,,,,7.14286000614286,
"1958-10-01",,,,,,,4160.1801663627,14952.0523945452,,,,,,,,7.14286000614286,
"1959-01-01",,,,,,,4210.56110671664,15102.8359351463,,,,,,,,7.14286000614286,
"1959-04-01",,,,,,,4267.07266265418,15307.0922801141,,,,,,,,7.14286000614286,
"1959-07-01",,,,,,,4236.41973799881,15458.8552196749,,,,,,,,7.14286000614286,
"1959-10-01",,,,,,,4326.59659843815,15679.8755298595,,,,,,,,7.14286000614286,
"1960-01-01",,,,,,,4139.82183429198,15567.0901675917,,,,,,,,7.14286000614286,
"1960-04-01",,,,,,,4169.99374229621,15786.9471741518,,,,,,,,7.14286000614286,
"1960-07-01",,,,,,,4239.96489417731,16092.7650276734,,,,,,,,7.14286000614286,
"1960-10-01",,,,,,,4292.94924512923,16393.0055330156,,,,,,,,7.14286000614286,
"1961-01-01",,,,,,,4278.50270865947,16630.9770918547,,,,,,,,7.14286000614286,
"1961-04-01",,,,,,,4310.44863753813,16811.6253935903,,,,,,,,7.14286000614286,
"1961-07-01",,,,,,,4329.32722356227,16974.1305886638,,,,,,,,7.14286000614286,
"1961-10-01",,,,,,,4455.07338851101,17271.9759571172,,,,,,,,7.14286000614286,
"1962-01-01",,,,,,,4472.63855066624,17535.0136898731,,,,,,,,7.14286000614286,
"1962-04-01",,,,,,,4608.16450672175,17934.3245603348,,,,,,,,7.14286000614286,
"1962-07-01",,,,,,,4707.7133099952,18264.0208795458,,,,,,,,7.14286000614286,
"1962-10-01",,,,,,,4762.23693590346,18547.3280996454,,,,,,,,7.14286000614286,
"1963-01-01",,,,,,,4785.77573635792,18718.8577123963,,,,,,,,7.14286000614286,
"1963-04-01",,,,,,,4825.60304888736,19027.7333326632,,,,,,,,7.14286000614286,
"1963-07-01",,,,,,,4895.13444619433,19336.561022656,,,,,,,,7.14286000614286,
"1963-10-01",,,,,,,4967.99478024764,19722.7135125223,,,,,,,,7.14286000614286,
"1964-01-01",,,,,,,5124.37932971776,20230.3930504369,,,,,,,,7.14286000614286,
"1964-04-01",,,,,,,5089.39899981385,20506.1318994317,,,,,,,,7.14286000614286,
"1964-07-01",,,,,,,5317.98771661096,21008.8996229345,,,,,,,,7.14286000614286,
"1964-10-01",,,,,,,5249.85467113529,21249.9825583066,,,,,,,,7.14286000614286,
"1965-01-01",,,,,,,5467.73032832653,21939.2548455119,,,,,,,,7.14286000614286,
"1965-04-01",,,,,,,5586.66911246506,22475.4858823707,,,,,,,,7.14286000614286,
"1965-07-01",,,,,,,5674.70385430949,22904.6839070094,,,,,,,,7.14286000614286,
"1965-10-01",,,,,,,5808.70143125628,23455.1877359915,,,,,,,,7.14286000614286,
"1966-01-01",,,,,,,5839.19290848963,23809.460622567,,,,,,,,7.14286000614286,
"1966-04-01",,,,,,,5967.3555007188,24284.7792220198,,,,,,,,7.14286000614286,
"1966-07-01",,,,,,,6178.13070216907,24939.8639576376,,,,,,,,7.14286000614286,
"1966-10-01",,,,,,,6271.57713613385,25417.8572047403,,,,,,,,7.14286000614286,
"1967-01-01",,,,,,,6401.26887941172,25979.1596677692,,,,,,,,7.14286000614286,
"1967-04-01",,,,,,,6487.00989864487,26590.108957548,,,,,,,,7.14286000614286,
"1967-07-01",,,,,,,6557.84066390681,27247.7963519854,,,,,,,,7.14286000614286,
"1967-10-01",,,,,,,6687.93479283938,27695.9410973931,,,,,,,,7.14286000614286,
"1968-01-01",,,,,,,6769.44330675956,28140.297463402,,,,,,,,7.14286000614286,
"1968-04-01",,,,,,,6879.70841924528,28794.2788260551,,,,,,,,7.14286000614286,
"1968-07-01",,,,,,,7181.09706761358,29783.9972621117,,,,,,,,7.14286000614286,
"1968-10-01",,,,,,,7621.57149896745,30825.7166902351,,,,,,,,7.14286000614286,
"1969-01-01",,,,,,,7640.55570123699,31614.48606195,,,,,,,,7.14286000614286,
"1969-04-01",,,,,,,7797.8342247537,32323.3843772465,,,,,,,,7.14286000614286,
"1969-07-01",,,,,,,8348.48974147065,33486.9200654846,,,,,,,,7.14286000614286,
"1969-10-01",,,,,,,8282.73516877195,33641.4575152446,,,,,,,,7.14286000614286,
"1970-01-01",,,,,,,8561.67238027048,34860.5386049969,,,,,,,28.4659807357516,7.14286000614286,
"1970-04-01",,,,,,,8956.97453978804,36138.1470119594,,,,,,,28.0914742476966,7.14286000614286,
"1970-07-01",,,,,,,9220.07346459053,37397.430077462,,,,,,,27.5122762977667,7.14286000614286,
"1970-10-01",,,,,,,9359.88656170721,38515.7795571764,,,,,,,26.9564953832318,7.14286000614286,
"1971-01-01",,,,,,,9869.41494359063,40000.2190053052,,,,,,,27.9283853912576,7.14286000614286,
"1971-04-01",,,,,,,10234.00317601,41121.9396065485,,,,,,,27.7220331467306,7.14286000614286,
"1971-07-01",,,,,,,10236.5457572836,41719.9506297557,,,,,,,27.3847281900832,7.06170888554896,
"1971-10-01",,,,,,,10402.3440961258,43039.5674016175,,,,,,,26.9261860998305,6.87619298536943,
"1972-01-01",,,,,,1.5,10971.7533898951,44783.8843128942,,,,,,,28.3811977813605,6.65174418087981,
"1972-04-01",,,,,,1.5,11143.5822557671,45572.7604200334,,,,,,,29.993070384384,6.5692614006246,
"1972-07-01",,,,,,1.8,11539.0549656574,46726.788560597,,,,,,,29.2397393733784,6.53451186656684,
"1972-10-01",,,,,,1.9,11951.1218709756,48166.3847802997,,,,,,,28.2216796076235,6.59747924100023,
"1973-01-01",,,,,,1.3,12112.1423540863,49570.5053741745,,,,,,,28.7984694227078,6.25766666566667,
"1973-04-01",,,,,,1.6,12434.6494970002,51476.6283962506,,,,,,,29.4380368220426,5.76433333233333,
"1973-07-01",,,,,,1.8,12861.001832058,52486.6986409979,,,,,,,28.1179637309981,5.451999999,
"1973-10-01",,,,,,1.5,13338.012632142,53996.3121157667,,,,,,,26.4925557493597,5.58933333233333,
"1974-01-01",,,,,,1.3,13403.5946863129,55157.9482237304,,,,,,,25.5876783213473,5.80833333233333,
"1974-04-01",,,,,,1.3,13810.4356690343,56445.0160644467,,,,,,,26.9853930013789,5.426999999,
"1974-07-01",,,,,,1.9,14354.2324603896,58356.6746627857,,,,,,,27.3579065502513,5.49066666566667,
"1974-10-01",,,,,,1.3,15099.8227160208,59973.4944191149,,,,,,,27.5719814341107,5.43283333233333,
"1975-01-01",,,,,,1.6,15884.577187617,61820.2826265209,,,,,,,27.2268707989984,5.010899999,
"1975-04-01",,,,,,2.3,16817.3865464146,64305.8129757705,,,,,,,27.7950245442916,4.94726666566667,
"1975-07-01",,,,,,2.7,17580.5591627751,67274.7964749835,,,,,,,26.4696369487603,5.41683333233333,
"1975-10-01",,,,,,2.6,17996.7569385689,68708.8658137946,,,,,,,25.461790996316,5.53276666566667,
"1976-01-01",,,,,,1.9,19136.8774111847,71538.3059830164,,,,,,,23.8754944461352,5.541999999,
"1976-04-01",,,,,,1.9,20173.7458513392,74951.653303012,,,,,,,26.0806816516317,5.51083333233333,
"1976-07-01",,,,,,1.9,20558.662229308,77034.2109000568,,,,,,,25.6798517585405,5.50776666566667,
"1976-10-01",,,,,,1.4,21124.3067438883,80719.3679692561,,,,,,,25.2800183350405,5.26546666566667,
"1977-01-01",,,,,,1.3,23446.6936703333,85606.7965582325,,,,,,,27.6994465026616,5.26993333233333,
"1977-04-01",,,,,,1.9,23234.0552977694,88109.0239883314,,,,,,,28.2253333294582,5.28066666566667,
"1977-07-01",,,,,,1.3,23774.8353609105,91606.7941512974,,,,,,,27.8252507885604,5.34806666566667,
"1977-10-01",,,,,,1.3,24320.3528340002,94580.1023061633,,,,,,,27.3613111546882,5.39533333233333,
"1978-01-01",29407,58035,24.7010863320482,19.3480128397946,,1.6,24872.2418262476,96985.1214900127,,,,,,,28.5077494194527,5.24606666566667,
"1978-04-01",30411,59290,25.3958440511134,19.5628800422656,,1.5,24748.2729686481,98866.6414783505,,,,,,,28.7100327464819,5.405499999,
"1978-07-01",30982,62436,25.5689299945529,20.4426070866367,,2.3,25371.3617864836,101622.434452429,,,,,,,28.5397194855061,5.28776666566667,
"1978-10-01",31075,64126,25.8108393697753,20.9780585122774,,1.9,26323.2524228374,105224.90499234,,,,,,,28.9477737831342,5.02966666566667,
"1979-01-01",31959,63071,26.0008901106511,20.3940209067122,25.4,2.1,26487.8279597282,108111.197290932,,,,9,,,29.7495996475819,5.08573333233333,
"1979-04-01",33322,66136,26.5601328907208,20.9847253847328,25.7,2.1,27480.0032282311,112009.463340511,,,,9.1,,,29.7607268913512,5.162499999,
"1979-07-01",33814,68908,26.9364227955825,21.5027782507154,26.0333333333333,2.1,29068.7083554237,116136.467134154,,,,10.8,,,29.0965799087649,5.01863333233333,
"1979-10-01",34713,70953,27.4118817392147,22.0124144914398,26.4333333333333,1.6,28691.3945459275,119050.196451113,,,,13.9666666666667,,,28.8131673491791,4.989399999,
"1980-01-01",35658,76953,27.9901961496078,22.9432272701159,27.3666666666667,1.5,29687.1292400702,121913.366554233,,,,12.7,,,27.3255212885348,4.94676666566667,
"1980-04-01",36442,78440,28.7650976481883,23.702075696923,28.3333333333333,1.4,30503.9955900681,125668.145276325,,,,12.4666666666667,,,28.3928232599254,4.942499999,
"1980-07-01",37969,79524,29.7031315704651,24.3129978869391,29.2333333333333,2.1,31311.7495901858,129840.93723568,,,,11.7,,,29.4331375132188,4.84123333233333,
"1980-10-01",39511,83362,30.6305556281264,25.1374458465361,29.9,1.6,32714.4881179743,134857.091479092,,,,12.0666666666667,,,30.4021211516033,5.026399999,
"1981-01-01",40191,86656,31.4719360276279,25.6940851737567,31.4,1.8,32071.2451491148,136696.818081656,,,,12.1666666666667,,,30.8788488118968,5.350099999,
"1981-04-01",41561,91869,32.5175392051122,27.1667642275732,32.3,2,34286.0668826266,142290.949773192,,,,12.5333333333333,,,32.8776837728664,5.68363333233333,
"1981-07-01",42833,92886,33.8519018739136,27.6915182429779,33.2,2.4,35431.1234017035,147413.878168902,,,,13.3666666666667,,,33.8524801505333,6.08516666566667,
"1981-10-01",44930,93603,34.4551178193925,27.9098497985802,33.6,1.8,35195.8578115041,149629.94165127,,,,14.4333333333333,,,34.7174987948946,5.83913333233333,
"1982-01-01",45378,96868,35.187185662485,28.7278424435279,35.1333333333333,2,36909.6075293144,154789.091686871,,,12.6,14.3333333333333,,,35.4638545187612,5.95133333233333,
"1982-04-01",47355,99504,36.3426851158161,29.5076138646437,35.8666666666667,2.4,38021.5396362262,158169.821226559,,,20.9,16.5,,,37.0825363306585,6.077099999,
"1982-07-01",48659,102883,37.5079957468106,30.5155088305586,36.8,2.8,39087.3687759854,161315.972552435,,,14.6333333333333,15.4,,,36.586377513335,6.641599999,
"1982-10-01",49381,105070,38.2201292943639,31.0998549313559,37.5,3.2,39696.6974280997,164988.43725193,,,14.3333333333333,15.2333333333333,,,36.3149225888446,7.146099999,
"1983-01-01",51253,108331,38.9813667239076,31.189450758665,38.5666666666667,3.6,40685.0853204041,167612.416777533,,,12.5666666666667,13.7666666666667,,,35.5254695551552,7.10993333233333,
"1983-04-01",51795,111145,39.4019629962356,31.7748019704278,39.1333333333333,3.7,41664.8195367608,171987.8474188,,,13.0866666666667,13.4333333333333,,,35.0051463502433,7.16973333233333,
"1983-07-01",53664,113986,40.3527852403125,32.2994047110731,39.6666666666667,3.8,43532.6996859044,175478.636107022,,,12.2033333333333,13.0666666666667,,,35.2080109512008,7.40316666566667,
"1983-10-01",54095,116196,40.8155207760504,32.9176554892922,40.2333333333333,2.6,44653.9397775396,180833.408930087,,,12.5766666666667,12.9333333333333,,,35.5307010205094,7.50263333233333,
"1984-01-01",55699,120188,41.700922214938,32.819275191132,41,3.2,45875.6937345453,186647.147864929,,,12.77,13.1666666666667,,,35.8156082844821,7.68896666566667,
"1984-04-01",56808,125234,41.841158065713,34.0617579061327,41.6666666666667,3.3,48526.671723239,193586.89985855,,,12.7733333333333,12.9333333333333,,,36.3425746200026,7.74113333266667,
"1984-07-01",58253,130012,42.5923949965773,34.7158266907631,42.1,3.6,52040.6979980723,203692.51727855,,,12.2266666666667,12.8333333333333,,,36.2967370188038,8.36613333266667,
"1984-10-01",59913,131053,43.0362129328521,34.5285691717478,42.6333333333333,2.5,56222.9942545193,217576.834061313,,,12.8,13.1333333333333,,,35.5833478305819,8.84959999933333,
"1985-01-01",63321,134927,43.4400770034507,34.5080242836423,43.3333333333333,3,58170.0972825625,219987.255030015,,,11.6933333333333,12.5,12.6833333333333,,34.8969463604571,9.36676666666667,
"1985-04-01",65092,136198,44.213335456964,35.1452898126355,44.0666666666667,2.3,59467.6267622516,224330.479528238,,,12.97,12.6,12.8866666666667,,35.0269856421188,8.893666666,
"1985-07-01",67829,144877,45.121399160297,36.6983748779025,44.5333333333333,3.1,63043.1863240919,235352.130175963,,,11.9233333333333,12.5333333333333,13,,36.0458757991997,8.342333333,
"1985-10-01",70249,146401,46.1209127601988,36.853227847471,45.0333333333333,2,66669.0568639128,247762.780508392,,,11.76,12.4666666666667,13.0766666666667,,37.757810557014,7.78616666666667,
"1986-01-01",71774,144149,45.9071594169837,35.3798706824673,45.8333333333333,2,64878.4382118524,243252.059270175,,13,13.4533333333333,13.2333333333333,13.4466666666667,,40.1137137881913,7.3197,
"1986-04-01",75116,140610,47.2145557521898,34.8171107741289,46.7333333333333,1.9,69285.1492402333,246452.557269635,,13.6666666666667,16.73,14.2933333333333,13.1133333333333,,42.9682670106701,7.40296666666667,
"1986-07-01",75023,145542,48.5594719111126,35.4419556952017,48.1,2.3,68104.8092242109,246171.426658292,,14,14.3933333333333,14.4566666666667,13.3033333333333,,44.9028296830023,7.3868,
"1986-10-01",77618,151610,49.8298351327599,36.7885913685144,49,1.7,68674.6441103947,253301.883969189,,14.2666666666667,15.6033333333333,15.5833333333333,13.3333333333333,,45.9815910546925,7.4695,
"1987-01-01",78677,152584,50.7142701507298,36.8895846675167,50.4,2.4,84955.039499235,258280.659005749,,14.0333333333333,14.85,15.4333333333333,13.4533333333333,,49.4110241922057,7.03546666666667,
"1987-04-01",79930,159249,51.1614224449043,37.9615060847676,51.2666666666667,1.8,90439.1742667052,265377.981106031,,13.8,14.2733333333333,14.5333333333333,13.4233333333333,,49.5506129741171,6.7112,
"1987-07-01",80596,159882,52.0010655584514,38.7712054653303,51.9,2.2,90247.485341964,274140.96296314,,13.8,14.0666666666667,14.1333333333333,13.1566666666667,,49.3009143023696,6.7302,
"1987-10-01",82942,163160,53.3445404147417,39.1082111737576,52.6333333333333,1.9,98254.5010894489,293473.91542974,,13.8,13.97,14.75,13.1866666666667,,49.0428286782288,6.47293333333333,
"1988-01-01",83595,166582,54.4234494159648,39.9957022350871,53.9666666666667,2.5,102593.649712287,310193.820359366,,13.8,13.89,14.3666666666667,13.32,,48.4627172978402,6.365,
"1988-04-01",83783,165521,54.8485167749893,40.1399654552178,54.8666666666667,2.9,103209.540158893,311186.935785476,,13.3,13.5733333333333,13.5333333333333,13.0166666666667,,47.2522558618362,6.256,
"1988-07-01",83252,165544,54.8788926350216,39.9279397425555,55.3333333333333,3.4,108016.295408549,309547.946166064,,12.8,12.7866666666667,13.3833333333333,12.8333333333333,,45.3886086087499,6.8359,
"1988-10-01",83217,166437,55.2362242155448,40.1061961154855,55.8,3.9,119210.225931939,308524.827979484,,12.2666666666667,12.65,12.7566666666667,12.4133333333333,,43.2342413524085,6.61103333333333,
"1989-01-01",84878,172614,56.4683366487318,41.6169120001197,56.5,5,122876.563680082,313589.634630015,,11.1666666666667,11.4933333333333,11.38,10.9633333333333,,40.3180730935357,6.72326666666667,
"1989-04-01",87427,177959,57.7091231934505,42.582557106161,57.4333333333333,4.8,132094.089433534,324329.230648334,,10.5,11.0733333333333,11.11,10.7133333333333,,38.84886172033,7.00846666666667,
"1989-07-01",87113,178246,57.5074689691821,42.38481569875,57.8333333333333,5.1,137124.730738171,330222.591917153,,10,10.9833333333333,11.1066666666667,10.76,,37.1186583533423,7.0385,
"1989-10-01",88590,179817,58.3960684525063,42.5653126963857,58.2,4.8,139133.512409306,335203.269396572,,10.6666666666667,11.6633333333333,11.92,10.8666666666667,,35.9272128787052,6.84776666666667,
"1990-01-01",89170,180638,59.529007216697,42.5705760174928,58.9666666666667,5.8,148184.379210215,343007.53548912,,11,11.8066666666667,11.82,10.6633333333333,,35.9483048183872,6.53356666666667,
"1990-04-01",91478,182998,59.8159322970858,42.8286107676752,59.6333333333333,5.2,152979.407760036,349970.701382588,,11,11.6733333333333,11.8433333333333,10.8333333333333,,36.052352851543,6.4893,
"1990-07-01",92780,187979,60.3693306522271,44.2760611699603,60.0333333333333,5.3,153275.481273731,353086.732930598,,10.6666666666667,10.8166666666667,11.0033333333333,10.6033333333333,,34.9528316967012,6.154,
"1990-10-01",93113,198245,60.94984416666,45.9018697973281,60.8333333333333,4.6,154151.889764656,353482.68880968,,10.5,11.47,11.49,10.62,,33.4103798085367,5.8621,
"1991-01-01",96035,195879,61.7718915972177,44.6295065370285,61.2666666666667,5.7,157234.678386168,363521.424082774,,10.4,10.9066666666667,11.0633333333333,10.4733333333333,,32.5124776676633,5.9725,
"1991-04-01",96046,197852,62.4710546480928,44.9273245285647,61.9,5.2,156187.530652466,359468.598008953,,9.58333333333333,10.9133333333333,10.25,9.94333333333333,,32.1798229024419,6.75420333333333,
"1991-07-01",97693,197768,62.3747089202531,44.979351604484,62.1333333333333,5.7,162415.554110826,390437.129554144,,9.66666666666667,10.0866666666667,10.4166666666667,9.73666666666667,,31.6290243358634,6.81336666666667,
"1991-10-01",98092,198589,62.8615344348459,44.9529963239293,62.4,5.3,166740.039655877,396389.443359763,,10,10.4666666666667,10.5266666666667,9.83333333333333,,30.8958718340812,6.3917,
"1992-01-01",101273,200868,64.0095914676891,44.3042231020598,62.7,6.2,164680.539909906,392839.640057632,,10,10.5866666666667,10.5033333333333,9.39333333333333,,29.982939610206,6.35493333333333,
"1992-04-01",100624,202194,62.5968970407591,44.4472576317047,63.4,5.9,166916.729926903,396779.863695203,,10,10.6366666666667,10.3766666666667,9.40333333333333,,29.8096369404564,6.3128,
"1992-07-01",100622,204240,63.8403897676562,44.5201892127933,63.5666666666667,6,167837.936486442,408860.541595621,,10.3333333333333,17.72,12.2666666666667,9.88666666666667,,29.8887732338303,5.79393333333333,
"1992-10-01",103469,205792,64.6670802484031,45.0678598796131,63.8,5.4,184335.723059627,428979.803042072,,13,16.3666666666667,14.1833333333333,9.74333333333333,,28.9957704017807,6.39633666666667,
"1993-01-01",103291,206993,64.1484971400761,45.0591167205805,64.3333333333333,6.4,173847.102089944,421468.292793152,,9.33333333333333,10.0133333333333,9.56666666666667,8.33,,27.6673933974755,6.9538,
"1993-04-01",104767,210806,64.8283925976677,45.3854915246864,64.9333333333333,6.1,182687.94695848,428279.003364373,,7.08333333333333,8.16,7.5,7.11,,28.7977220705143,6.84676666666667,
"1993-07-01",107352,216872,65.9087514606529,46.1006896635987,64.9333333333333,6.2,185264.340824525,428198.696579742,,5.66666666666667,6.49,6.26,6.30333333333333,,29.8756530508785,7.25126666666667,
"1993-10-01",110017,220730,66.4624127689093,45.863906826331,65.0666666666667,5.1,182780.533690212,425791.625622573,,4.91666666666667,6.14666666666667,5.73333333333333,5.78,,30.7365197386094,7.32468333333333,
"1994-01-01",109336,217887,65.2225442410936,44.8140800747119,65.1333333333333,5.8,191357.051590063,437677.657084186,,4.83333333333333,5.29333333333333,5.23333333333333,5.74,108.47169402962,31.6262010053548,7.44243666666667,
"1994-04-01",109801,222852,65.3491264613308,45.1603333227081,65.5666666666667,5.8,201362.317057544,444037.650388594,,4.75,5.33,5.34666666666667,7.3,109.198280926321,32.3322827499073,7.20914333333333,
"1994-07-01",112166,225206,66.4972833982192,46.0420725218747,65.9333333333333,5.3,205905.00363993,447859.520309952,,4.75,5.35,6.02333333333333,8.25,110.775129085119,33.5174172504664,6.84432666666667,
"1994-10-01",112856,231298,66.856539717011,46.1141540770983,66.2,4.7,207729.999955296,447175.6915811,,4.75,6.18333333333333,6.8,8.45333333333333,110.756577930309,33.2313474386372,6.73443,
"1995-01-01",114740,237804,66.9417419023035,46.9936452339296,66.8666666666667,5.7,207055.645228323,452889.401623441,,4.75,5.11333333333333,5.53666666666667,8.04666666666667,112.726092199239,33.0495747773617,6.52158333333333,
"1995-04-01",117135,239211,67.0793312958881,47.0080228356672,67.3333333333333,5.3,209105.246371286,461845.786413899,,4.75,5.99,5.60666666666667,7.59,113.00435952138,34.1571507280664,6.23681333333333,
"1995-07-01",118852,241335,67.7144824917586,46.7155951379223,67.4666666666667,4.8,211951.297642074,463589.749487428,,4.75,5.42666666666667,5.44,7.35333333333333,113.118758309371,34.6824562809347,6.30330666666667,
"1995-10-01",120185,244788,68.3217609611406,47.0069981489933,67.6333333333333,3.8,215500.253174422,490284.586157619,,4.75,5.84333333333333,5.33,6.70666666666667,112.531305073741,35.0406040598662,6.27892333333333,812860
"1996-01-01",124364,256521,67.9596615253281,47.9566010823025,67.4666666666667,5.3,229183.072059792,512954.615607772,,4.66666666666667,5.71,5.22,6.67666666666667,111.297653278917,35.4235805394471,6.41570333333333,831202
"1996-04-01",124748,256775,67.816422317501,48.0465776884908,68,5.1,226233.453726247,512189.656763699,,4.5,5.07666666666667,4.79666666666667,6.88666666666667,110.707108184151,36.7633339049194,6.53549666666667,862067
"1996-07-01",127808,267777,68.3408217971903,49.0511820280044,68.4,4.8,224915.965905614,512151.095379933,,4.5,4.90666666666667,5.03333333333333,7.00333333333333,111.736697276072,37.2793390749358,6.41397,872459
"1996-10-01",130070,273599,69.3362742691448,50.6476552469161,68.8333333333333,4.1,245604.29098095,520901.871366149,,4.16666666666667,4.53,4.52333333333333,6.52666666666667,112.407630708345,37.9162492220271,6.43406333333333,891349
"1997-01-01",130290,276387,69.5702110227152,49.3789117753158,69.5333333333333,4.5,241920.721321573,514050.114736371,,3.25,3.63,3.51666666666667,5.87333333333333,115.935441981263,38.1098134401327,6.62962,924576
"1997-04-01",133467,285004,70.0258930461974,50.1409025184939,69.8333333333333,4.5,250631.304550274,524354.663100468,,3.25,3.51666666666667,3.49,6.05666666666667,110.44739201682,40.6667544113501,7.07691666666667,976691
"1997-07-01",134285,287248,69.8220110457009,50.5709811626172,69.9666666666667,4,264269.553720725,539936.334071585,,3.5,3.73666666666667,3.99333333333333,5.96666666666667,107.788393160808,40.8750995950597,7.46047666666667,1001077
"1997-10-01",137299,292701,70.5911728290654,51.0634756577624,70.3666666666667,3.2,267539.846055622,534661.868445899,,3.5,3.75333333333333,3.93,5.65666666666667,111.940759978975,41.2111589647179,7.12659,1008285
"1998-01-01",136931,285650,70.4489728585098,49.0626088351493,71.0333333333333,3.5,272622.467512549,548927.434175093,,3.58333333333333,3.89,3.91333333333333,5.3,110.431932721145,42.5136277596499,7.53980666666667,1037201
"1998-04-01",141477,291190,71.2510927463151,49.649827332471,71.4,3.6,277000.486278286,552688.710979977,,4.16666666666667,4.27666666666667,4.48,5.43333333333333,109.699162106174,44.9563068844008,7.51393333333333,1067930
"1998-07-01",142788,292197,72.5109188233362,50.4093602242721,71.5666666666667,3.2,275967.66886741,555870.263067087,,7,6.65666666666667,6.70666666666667,5.43666666666667,108.301641777201,44.4324129967868,7.63745333333333,1050904
"1998-10-01",143244,294647,72.9054750462423,50.6646091685529,72,2.6,277613.259211119,559382.968012804,,8,8.52666666666667,8.04,5.43,106.721701759268,42.9150389266694,7.48919666666667,1057507
"1999-01-01",146453,295002,71.9976314673708,50.0979125937103,72.6333333333333,3,301677.940435213,573708.054350808,,7.33333333333333,8.23,7.29,4.89333333333333,107.986272145441,44.1929281383498,7.66309333333333,1091636
"1999-04-01",145731,304121,72.5570465701901,51.631356158221,73.1666666666667,3.2,317835.888694096,587847.687822022,,6.33333333333333,7.28666666666667,6.56333333333333,5.04,110.577250100485,47.4241468663315,7.7982,1131116
"1999-07-01",150307,325044,73.552242257905,54.462141394574,73.0333333333333,3.3,318528.899771121,596775.360159971,,5.83333333333333,6.51,6.13666666666667,5.93666666666667,109.331230869122,48.4691943501835,7.8432,1145171
"1999-10-01",154551,342295,74.6361056288171,56.7191409862169,73.9333333333333,3.2,340684.001882375,620480.444384465,,5.5,5.88666666666667,6.16333333333333,6.12,109.37451689701,49.6374719068234,7.89219333333333,1191664
"2000-01-01",158014,360713,75.1383952459829,58.4944286182159,74.7333333333333,3.9,346824.472925894,632689.63241142,,5.5,5.87666666666667,5.92333333333333,6.27666666666667,108.981850786878,52.0497587090404,8.22004333333333,1228721
"2000-04-01",159917,369138,74.8908763990206,60.4269752610042,75.3,3.3,362823.226952022,653235.428042537,,5.91666666666667,6.25333333333333,6.48333333333333,6.14333333333333,105.88999165198,55.1108302543115,8.77797333333333,1268794
"2000-07-01",160964,383719,75.3829376524448,62.422703361427,75.5333333333333,3.5,376445.193928303,678795.267241284,,6.66666666666667,6.83333333333333,7.12,6.24666666666667,106.560925084253,53.351895347442,8.95455,1296307
"2000-10-01",161055,395562,75.8433151349819,64.3329261727349,76.2333333333333,3.1,368053.945074893,683504.904187406,,7,7.44333333333333,7.45666666666667,6.20666666666667,106.938131898711,52.8620475041966,9.2548,1307704
"2001-01-01",164931,392063,76.8561580300381,62.8150422060871,77.3666666666667,3.7,374515.916410645,701812.821675723,,7,7.34,7.37333333333333,5.97333333333333,109.708437683579,53.8971302921358,8.88969333333333,1328111
"2001-04-01",167565,399751,77.5074832905322,64.1203126420751,78.2666666666667,3.5,362760.685180128,713345.173564052,,7,7.48666666666667,7.45,6.43,110.870976718301,55.5770949838966,9.17891333333333,1365606
"2001-07-01",166868,390942,76.9185775841686,62.213201163726,77.4666666666667,3.6,370759.968724059,728064.978210678,,7,7.25333333333333,7.27333333333333,6.5,110.969916210617,56.1510614684723,8.99699,1351202
"2001-10-01",168146,383952,76.6011007879708,60.7586767187612,77.7666666666667,3.3,381671.104354655,742925.889906588,,6.83333333333333,7.19,6.81,6.04333333333333,112.018056457348,55.8058677942274,8.90102,1376015
"2002-01-01",171460,381009,77.4098935888409,60.3619072146995,78.1666666666667,4.1,386001.041229125,758776.234522346,,6.5,6.73333333333333,6.53666666666667,6.40333333333333,113.264075688712,57.3112842292495,8.90953333333333,1419420
"2002-04-01",172363,393957,78.0996501630782,61.5894080844597,78.6333333333333,4,398211.336474418,778172.628531674,,6.5,6.82,6.93,6.75333333333333,118.684104752187,59.005863808349,8.18353,1428814
"2002-07-01",174629,392455,77.8262220499389,61.9507910061793,78.5666666666667,3.8,388507.994775494,770197.167767601,,7,7.21,7.22,6.31,122.777726246792,57.1467837075561,7.52372,1418188
"2002-10-01",179513,396724,78.7821573934316,62.1718070429378,79.5,3.7,396265.134244392,800460.721134711,,6.83333333333333,7.15666666666667,6.94333333333333,6.07,125.272856568655,56.0984976975325,7.318332,1440413
"2003-01-01",182802,403364,80.3243192849108,63.008158955009,81.7666666666667,4.4,400201.629956817,798243.296567983,,5.83333333333333,6.18666666666667,5.72333333333333,5.41666666666667,126.345731688464,55.7663411671067,7.05690666666667,1475761
"2003-04-01",181926,397403,79.5366698457885,62.2680762740782,80.4,4.7,404929.285399401,804283.50388636,,4.83333333333333,5.4,4.74,4.92666666666667,119.546733450824,57.0874107277425,7.00835333333333,1537063
"2003-07-01",185737,410206,80.1159442445237,63.69842238219,80.0666666666667,4.7,415460.596221828,806315.578079301,,3.16666666666667,3.69,3.13333333333333,4.94,114.38023683641,57.200177869822,7.33666666666667,1553927
"2003-10-01",190227,413122,81.0017777755849,64.1379605262207,80.4666666666667,4.2,423681.53367226,818813.468646924,,2.41666666666667,2.91,2.79666666666667,4.89666666666667,115.604613053829,57.6614602514508,6.91894,1593367
"2004-01-01",194924,429841,81.0468621914599,64.3320647553153,80.6,4.5,436747.28446112,831238.982056355,,1.91666666666667,2.33333333333333,2.03666666666667,4.31666666666667,111.099774294283,61.7842701462278,6.90666666666667,1633874
"2004-04-01",196282,441307,80.6279644273123,65.9604534880433,81.0666666666667,4.6,446431.723350643,847767.373388368,,1.75,2.16333333333333,1.99666666666667,4.76666666666667,114.445165878243,62.4154505931693,6.86,1683397
"2004-07-01",198313,451867,81.2252037267524,68.0462989329731,81.0333333333333,4.6,452079.215932492,852496.221233716,,1.75,2.12,2,4.33,112.896144451659,62.5645058361978,6.86333333333333,1709802
"2004-10-01",200800,465107,81.8966957891755,69.6002752845937,81.4666666666667,4.1,467463.685633434,878626.009356406,,1.75,2.08,1.99333333333333,4.06,116.49506848468,62.9681590597977,6.33333333333333,1769014
"2005-01-01",202183,473906,80.8617819354773,69.5388419583203,81.4,4.6,486762.233010112,909495.774669492,,1.75,2.03,1.96666666666667,3.89666666666667,115.221222521102,65.5995030938305,6.28333333333333,1831961
"2005-04-01",208468,491202,82.3200076156828,71.8344854084037,82.3,4.8,499701.715457884,927682.220991596,,1.75,2.10666666666667,2.09333333333333,3.70666666666667,117.166001916953,66.7046709096895,6.39333333333333,1918686
"2005-07-01",213005,508253,82.6382675103089,73.9328272141037,82.4666666666667,4.8,531868.196207685,958676.234236919,,2,2.28,2.27333333333333,3.55666666666667,118.718115202671,67.1761671046289,6.46333333333333,1978243
"2005-10-01",210899,523675,82.6705122084214,76.0655456550628,82.9666666666667,4.1,546741.839480436,979653.940939117,,2.16666666666667,2.55666666666667,2.51333333333333,3.82333333333333,118.260520050706,66.7712682940399,6.63,2040535
"2006-01-01",217030,544571,83.0324825139226,78.0890362910943,83.2333333333333,4,572260.82332323,1000272.71207225,,2.33333333333333,2.57666666666667,2.60333333333333,3.73666666666667,115.898339671645,70.7622950853705,6.67666666666667,2109663
"2006-04-01",221958,555007,83.3863169141601,79.5216725915756,84.2666666666667,4,615465.287437223,1040613.00023269,,2.58333333333333,3.04,2.93,4.16666666666667,120.134186686455,73.3358438831091,6.23666666666667,2161700
"2006-07-01",224657,560895,83.5648513875167,79.8384982843573,84.3,3.3,635809.757254051,1069311.64254335,,2.91666666666667,3.20666666666667,3.23,4.21,116.832081130384,75.6792082052628,6.33,2196578
"2006-10-01",228267,564399,84.4987364553426,79.3995705560895,85,2.4,672973.003746191,1112209.08347132,,3.25,3.60666666666667,3.63333333333333,4.19333333333333,114.302940358037,75.9971650440128,6.41,2303136
"2007-01-01",233013,569053,84.3182702419536,79.2112694050113,84.0666666666667,2.7,704231.535222951,1170026.30720724,,3.83333333333333,4.10666666666667,4.20333333333333,4.45333333333333,114.312215935442,81.5988188513778,6.23333333333333,2359607
"2007-04-01",235402,580073,84.3293416095939,80.7461288565262,84.5333333333333,2.7,725231.886000231,1205239.07666354,,4.25,4.44666666666667,4.63,4.92666666666667,115.113007451381,84.2239349504651,6.01,2443953
"2007-07-01",238610,589371,84.4137858913405,81.3689870798546,84.4333333333333,2.5,747192.290953058,1251772.61349754,,4.75,4.99666666666667,5.19333333333333,4.94,117.626688928052,84.2052511456286,5.76,2481237
"2007-10-01",244189,621676,85.6853791748224,85.2299672732861,86.1666666666667,2.1,753491.133574492,1297408.20848744,,5.08333333333333,5.47,5.80333333333333,4.77666666666667,120.25786105185,80.65458087451,5.44333333333333,2535358
"2008-01-01",249325,639543,86.490999627387,88.0913572893188,87.0333333333333,2.5,744126.969985942,1301220.39690733,1361810.02589026,5.25,5.68333333333333,5.96,4.39666666666667,120.236218037906,81.6897467015819,5.31,2538282
"2008-04-01",250373,660397,86.751232661126,90.9347199289883,87.2666666666667,2.9,742728.570785516,1317739.20722086,1369998.31130106,5.58333333333333,6.03333333333333,6.39666666666667,4.69,120.440280740809,82.5026167706663,5.08333333333333,2577566
"2008-07-01",250271,672499,88.1702138902251,92.7101278732002,88.4,2.8,729075.193089941,1335265.73134031,1386756.06814385,5.75,6.15,6.60333333333333,4.70666666666667,118.340908388214,78.7300659372232,5.37,2540942
"2008-10-01",250783,649684,89.1643328234655,89.3847982277905,89.2333333333333,2.7,722930.114903934,1365569.33008936,1406121.8383196,4.16666666666667,5.52333333333333,5.91333333333333,4.04,107.321522431438,72.5037917743926,6.79666666666667,2547041
"2009-01-01",249227,596994,89.1193713276589,83.5102686198945,89.1666666666667,3.1,724204.544553815,1381529.2207823,1420043.00409443,2.5,3.06666666666667,3.45,3.75,110.026899174474,75.5859552593458,6.87,2580386
"2009-04-01",254999,607453,89.518315795336,85.4612508309767,90,3.6,734070.214612725,1396626.81946978,1428200.71498124,1.58333333333333,2.04666666666667,2.45666666666667,4.08333333333333,112.002597161673,78.7748240296981,6.5,2657378
"2009-07-01",258875,616818,89.8899560156229,86.7426925568324,90,3.2,737446.934370687,1395054.0169363,1417684.63747754,1.25,1.50333333333333,1.89333333333333,4.13,113.613455770955,80.2192067022545,6.10666666666667,2697045
"2009-10-01",262784,618447,90.6680669139103,86.941737607169,90.5,3.1,733263.79535417,1409070.97529479,1422882.14774913,1.58333333333333,1.70333333333333,2.05333333333333,4.03,118.891259314226,79.7760268515339,5.67666666666667,2757019
"2010-01-01",271121,642820,91.8779510118824,88.7929242257098,91.8,4,730901.128638544,1411712.69169295,1428627.16783561,1.75,1.96333333333333,2.27333333333333,3.93333333333333,120.461923754754,81.2605174251392,5.85666666666667,2792965
"2010-04-01",266706,644702,90.5367664386968,89.6709991600943,92.3333333333333,4.1,740475.352276163,1435110.12713223,1451886.11899968,1.91666666666667,2.13,2.52,3.55333333333333,119.014933679622,83.8235202530368,6.22666666666667,2819496
"2010-07-01",271578,644725,91.3778988540782,91.1351836424592,91.6666666666667,3.6,753175.819337418,1459802.67592933,1475547.19168986,2,2.31666666666667,2.66,3.25,116.810438116439,83.9968229227865,6.16333333333333,2854182
"2010-10-01",277644,673104,92.8645911755429,93.4667872942132,92.5666666666667,3.4,782428.27435228,1501425.43420643,1515501.78870789,2,2.19666666666667,2.55333333333333,3.37666666666667,116.399220851498,83.0720991420812,5.93,2915616
"2011-01-01",276740,683568,91.9875763369934,94.519048138472,93.0666666666667,3.4,790009.688982641,1525603.6031975,1542073.23555052,2,2.20333333333333,2.60666666666667,3.77666666666667,118.374918838698,86.9237032297655,5.72100144927536,2954670
"2011-04-01",281625,698524,93.0605228853149,96.8451141606185,93.6666666666667,3.6,785767.60743474,1544775.45825093,1560527.95143581,2.16666666666667,2.41333333333333,2.75333333333333,3.54333333333333,119.52509043688,88.7155216331472,5.43409444444445,2996739
"2011-07-01",281457,708540,92.6915539481853,97.2256119413887,93.0333333333333,3.3,818003.949579797,1582617.30278019,1601895.62842545,2.25,2.51666666666667,3.04,2.73333333333333,118.881983736821,89.6419061965046,5.5,2983348
"2011-10-01",285267,719297,92.989732797521,98.6687493000907,93.3333333333333,3.2,824512.805446753,1588854.59979661,1613291.55426527,2.08333333333333,2.15666666666667,3.08666666666667,2.48666666666667,117.490647126117,88.9251954429785,5.76333333333333,3040387
"2012-01-01",289325,752944,93.0701168083657,100.801247890389,93.8333333333333,3.3,835891.956942386,1620791.58914355,1647244.78560757,1.66666666666667,1.69,2.6,2.36666666666667,117.892588813654,91.648380757674,5.79,3116626
"2012-04-01",291535,747197,92.9322162356239,99.879854038741,94.0333333333333,3.4,833668.714926353,1631110.78061842,1656023.74421201,1.5,1.51,2.32666666666667,2.11,117.076338002041,94.4310220913156,5.89333333333333,3186094
"2012-07-01",296173,737441,93.8257679803209,99.5074775484691,93.3666666666667,3.2,847941.526113842,1658758.90289249,1681460.25451473,1.5,1.48666666666667,2.11,1.90666666666667,116.702223046718,95.6408192142588,5.91,3222678
"2012-10-01",299571,745500,94.7486442730505,100.069390515135,94.4666666666667,3.3,821120.545905757,1668612.48638428,1686714.4663853,1.5,1.50666666666667,1.90333333333333,2.02333333333333,119.336487029651,93.8920150815673,5.67666666666667,3278266
"2013-01-01",304348,758867,94.8295015185015,101.440394787229,95,3.8,822840.806080888,1689611.62705866,1709569.57095652,1.5,1.50666666666667,1.86981578933333,2.34666666666667,119.905389110472,96.2068969812369,5.63,3355844
"2013-04-01",306844,762155,95.2826570604313,101.408993351339,95.8666666666667,3.9,837291.4473199,1713464.65440918,1732057.25355248,1.5,1.49333333333333,1.77287092733333,2.19,117.666883096806,97.944822987557,5.82666666666667,3434535
"2013-07-01",310395,782113,95.7799968495762,103.41092979918,96.1666666666667,3.8,842940.763500183,1732551.89621382,1749514.04884839,1.5,1.48666666666667,1.708417404,2.85666666666667,114.309124076307,95.7676199697488,5.98666666666667,3465414
"2013-10-01",312801,787199,96.3400334687666,104.202721429937,96.6333333333333,3.6,877461.195908762,1792661.85468188,1805765.17912351,1.5,1.50666666666667,1.689516908,2.91666666666667,111.161611476981,92.7181739030427,6.05666666666667,3540836
"2014-01-01",317467,785611,97.1436046390737,102.963666003289,97,3.7,865206.870294168,1805098.8001828,1819777.50178021,1.5,1.48333333333333,1.73,2.91333333333333,110.75039421204,94.5324959113607,6.09666666666667,3602020
"2014-04-01",320865,793401,97.3859617261861,103.492623830739,97.6666666666667,3.4,896525.054622446,1846488.69796522,1859741.64234821,1.5,1.49,1.83333333333333,2.74,112.750827072319,97.4707525795069,5.98333333333333,3713169
"2014-07-01",322722,793114,97.800130949336,103.175518629709,98.2333333333333,3.8,887458.459991996,1858484.21629348,1870558.09843454,1.5,1.49333333333333,1.72333333333333,2.39666666666667,111.229632377949,97.0103005892042,6.24666666666667,3738626
"2014-10-01",327347,789649,98.5307283561335,101.920083377774,98.6,3.6,915325.481164006,1910270.91552223,1923363.20750252,1.41666666666667,1.44333333333333,1.59333333333333,2.01,106.384689113564,96.1424586143343,6.88,3815536
"2015-01-01",333853,779428,99.2925877897806,100.091109354342,98.9,4.4,928908.817830186,1936970.87737656,1947514.30090705,1.25,1.25333333333333,1.40666666666667,1.46,102.037535169898,99.3896208557764,7.75333333333333,3884530
"2015-04-01",335198,790216,99.1510416569347,101.131424690788,99.8333333333333,4.5,1702280.71774201,1886433.76622352,1895785.74762694,1.16666666666667,1.21333333333333,1.45666666666667,1.62,102.909439445939,101.665640441386,7.75,3980359
"2015-07-01",339703,791750,100.090891436358,100.567782192012,100.2,4.6,1747982.34780124,1898563.27030105,1907910.28622072,0.916666666666667,0.97,1.19333333333333,1.59666666666667,98.3087530532109,100.894372977738,8.22333333333333,3977109
"2015-10-01",345515,768789,101.465479116927,98.2096837628582,101.066666666667,4.6,1780391.94167749,1926778.41918065,1930955.7842162,0.75,0.763333333333333,1.15333333333333,1.58333333333333,96.7442723309526,98.0503657250998,8.53,4069107
"2016-01-01",348860,758692,102.036781801477,96.4432643645848,102.033333333333,5.1,1784497.9294333,1941097.2812915,1949410.02225303,0.666666666666667,0.716666666666667,1.09333333333333,1.39,97.0905605540612,100.747559791289,8.64666666666667,4103908
"2016-04-01",350326,771747,102.941365198069,98.1339705247858,103.3,4.8,1787743.90343733,1973487.0794518,1982257.87892544,0.5,0.49,1.01,1.29,100.009275577405,103.674689215666,8.25666666666667,4201041
"2016-07-01",353089,776388,103.624958982225,99.0281101279014,104.2,4.8,1850953.86810666,2018415.64766373,2027812.12761736,0.5,0.52,1.11,1.08666666666667,101.301672695792,104.698561720704,8.32,4237323
"2016-10-01",358502,799449,103.749570411829,100.621840525109,104.666666666667,4.2,1861066.97403355,2029509.46005941,2033722.78380221,0.5,0.5,1.15666666666667,1.56,104.195652846056,104.23171571719,8.37666666666667,4312588
"2017-01-01",363275,819208,104.179969405912,101.953454938882,104.666666666667,4.4,1881567.89999582,2080549.96673163,2089322.00391001,0.5,0.49,1.03,1.73333333333333,103.660761215719,108.148754641369,8.44,4376170
"2017-04-01",367923,826551,105.050457891419,101.885724624088,105.466666666667,4.5,1881327.36556196,2102312.2624402,2112382.8076313,0.5,0.49,0.916666666666667,1.57666666666667,100.426676560616,108.561043934759,8.52,4489634
"2017-07-01",369642,831820,105.415441463033,101.837347163767,105.766666666667,4.1,1925234.2150642,2132744.94613918,2142496.18033447,0.5,0.5,0.816666666666667,1.63333333333333,102.57551865937,105.7004288556,7.96333333333333,4535889
"2017-10-01",375807,847638,105.873141221935,104.368508431501,106.066666666667,3.8,1969366.85009012,2157017.7068416,2163632.36084196,0.5,0.49,0.803333333333333,1.60666666666667,99.8639581980645,103.610167809631,8.16333333333333,4622089
"2018-01-01",376079,865858,106.246748784443,106.092003183251,106.766666666667,4,2043869.47524604,2193888.57904321,2201795.37977833,0.5,0.49,1.02666666666667,1.90333333333333,100.698760164487,104.897689560694,7.83666666666667,4657118
"2018-04-01",382919,889406,107.097380331496,108.650533825279,108,3.9,2077415.67354939,2238594.05839575,2246346.80688689,0.5,0.496666666666667,1.05,1.88,101.743808552082,107.773749918518,8.01666666666667,4775380
"2018-07-01",385745,918789,108.341732435669,111.537295973252,109.233333333333,4,2094763.40443735,2249638.72267822,2256663.09339941,0.583333333333333,0.526666666666667,1.07333333333333,1.81,103.076399839223,105.366777620788,8.23666666666667,4810697
"2018-10-01",390543,916867,108.876558855159,111.266493218589,109.633333333333,3.5,2126873.5322786,2276221.1887818,2281875.48861023,0.75,0.8,1.23666666666667,1.92333333333333,101.941687536716,102.519697920243,8.44,4789970
"2019-01-01",393368,902405,109.515917920096,109.998934347046,109.966666666667,3.9,2124845.89090329,2291860.17057988,2297713.52500956,0.833333333333333,0.78,1.32,1.688,100.602912531305,104.936967070417,8.57666666666667,4911776
"2019-04-01",394082,898179,109.563377307749,108.550238248418,110.633333333333,3.4,2142640.73843267,2318060.29662512,2322402.03473204,1.08333333333333,1.06,1.50333333333333,1.614,100.698760164487,107.287306679709,8.64666666666667,5033831
"2019-07-01",399678,893255,110.113161552777,107.345240236021,111.033333333333,3.8,2167561.64833271,2348191.68332997,2354257.8274458,1.33333333333333,1.28333333333333,1.71333333333333,1.26766666666667,99.6475280586216,106.090297583188,8.86333333333333,5076592
"2019-10-01",401527,913375,111.040676147962,108.860742570018,111.4,3.8,2194259.3694068,2375128.00291241,2379090.40779345,1.5,1.51,1.87666666666667,1.392,96.6978944439291,103.496985471889,9.11333333333333,5174494
"2020-01-01",390889,899221,111.703654252917,108.206042655235,111.233333333333,3.6,2301625.83033391,2492858.15031476,2495680.48679821,1.08333333333333,1.32,1.55,1.22566666666667,93.3617784373744,105.719693934365,9.48666666666667,5165454
"2020-04-01",348106,811834,111.72346603577,103.034536843433,111.9,4.6,2358139.83891148,2530854.00033958,2533102.40723354,0.0833333333333333,0.0966666666666667,0.386666666666667,0.619666666666667,89.9050799245586,108.932477974908,10.02,5403833
"2020-07-01",382463,854512,112.125131147271,104.670836407475,112.766666666667,5.4,2439424.23086016,2612930.68839032,2614995.5989763,0,-0.00333333333333333,0.263333333333333,0.648333333333333,94.3759082336209,109.602769853307,9.13,5510500
"2020-10-01",385145,883883,111.562345176444,107.428893387559,112.833333333333,4.8,2501769.51315886,2664221.70281958,2668737.10946258,0,0,0.44,0.781333333333333,93.3803295921838,109.892493386971,9.02666666666667,5637370
"2021-01-01",377633,942405,113.49554705472,112.529467516295,114.533333333333,5,2556825.90054266,2728900.26372605,2728990.80889713,0,0,0.446666666666667,1.237,98.0150264353956,114.110964362511,8.51666666666667,5804404
"2021-04-01",388765,993691,114.265409959624,120.269947755765,115.066666666667,5.1,2639580.75553359,2816827.14141537,2818390.47218309,0,0,0.246666666666667,1.47033333333333,99.2548619484896,119.056941178815,8.36333333333333,6030992
"2021-07-01",423015,1100482,115.493846374139,127.222750592875,116.7,4.2,2700893.07598562,2877285.00239141,2882631.75142915,0.0833333333333333,0.02,0.446666666666667,1.276,97.1152954271403,116.962196019685,8.76,6110481
"2021-10-01",435485,1250473,116.60680487876,145.228115908993,118.066666666667,3.4,2764993.24463557,2944990.23070575,2951302.95753104,0.333333333333333,0.286666666666667,0.853333333333333,1.601,99.3816281730204,113.40621124408,8.72,6268229
"2022-01-01",430719,1345433,117.525812826542,156.538083214641,118.9,3.3,2805169.23514461,3000184.55464968,3001402.72329028,0.583333333333333,0.516666666666667,1.22333333333333,2.08333333333333,98.3922332498531,117.825636920527,8.85,6292760
"2022-04-01",456406,1413843,120.194950509315,162.460833038219,121.766666666667,3.3,2867859.86630093,3062723.97827952,3064472.42228402,0.916666666666667,0.79,1.42,2.87233333333333,96.2650341650434,119.650587937819,9.41666666666667,6333827
"2022-07-01",468491,1627215,123.265298233748,182.470957690103,124.566666666667,3.2,2922610.58572155,3146012.30087985,3148228.74287194,1.75,1.53,2.65333333333333,3.07733333333333,95.6621216337384,114.873927912899,9.99333333333333,6302369
"2022-10-01",502686,1350487,125.508788147592,153.736050697539,125.9,3.1,2854676.46717903,3110449.87881709,3116597.23684378,2.5,2.44666666666667,3.46,3.28866666666667,93.463809788826,109.130111110511,10.1966666666667,6390438
"2023-01-01",476747,1317466,126.832386289843,149.731895028463,126.766666666667,3.7,2852095.42319064,3152855.73990643,3157216.62335067,2.83333333333333,2.77333333333333,3.49666666666667,3.07533333333333,89.1630337321832,110.434988040289,10.2366666666667,6524149
"2023-04-01",489915,1266677,129.642101627222,145.262498660515,129.666666666667,3.5,2713785.34007384,3002993.88924909,3006143.5313044,3.33333333333333,3.20333333333333,4.13666666666667,3.291,86.0402560059364,112.206544895315,10.7,6712006
"2023-07-01",492618,1240615,130.59836062953,143.404478317433,130.2,3.6,2732828.33551231,3097668.49022668,3102507.74143728,4,3.89333333333333,4.85666666666667,3.82066666666667,88.563213060013,108.521268190241,10.48,6720391
"2023-10-01",501429,1279130,132.602781900571,143.842349954023,131.6,3.6,2715699.59547195,3122097.98480586,3131917.26592797,4.33333333333333,4.29,4.86333333333333,3.68866666666667,86.807037071391,103.643549540939,10.8366666666667,6848437
"2024-01-01",500451,1281629,132.98220024276,143.727546212738,132.3,4,2687128.68172111,3111541.98838924,3117119.25051316,4.5,4.5,4.86666666666667,3.62333333333333,88.3931608075936,107.101049905273,10.5166666666667,7033042
"2024-04-01",513505,1321797,133.943064477473,145.629669402447,133.666666666667,4.3,2733764.30636202,3173865.55817281,3178383.06325551,4.5,4.5,4.87,3.685,87.6634820517577,,10.74,7216105
"2024-07-01",512430,1290872,133.767549575153,144.537530638422,133.833333333333,3.9,2731118.19958963,3176313.74365805,3178833.5336363,4.5,4.5,4.89,3.406,87.0976718300714,,10.8,7328672
"2024-10-01",517689,1306629,135.190823260888,147.22308166838,134.733333333333,3.8,2795459.77505707,3228121.01278941,3240134.06406893,,4.5,4.84,3.65233333333333,,,,7393750
"2025-01-01",,,,,136.05,,2844321.62371111,3291701.01235142,3298107.09760864,,4.5,4.645,3.901,,,,
