"date","pce_nom","gdp_nom","pce_defl","gdp_defl","cpi","ur","m1","bm","policy","cr_1d","bb_3m","gov_10y","reer","rrppi","xr_usd","hfwh","hhwh"
"1957-01-01",,,,,,,,,,,,,,,0.714287986064378,,
"1957-04-01",,,,,,,,,,,,,,,0.714287986064378,,
"1957-07-01",,,,,,,,,,,,,,,0.714287986064378,,
"1957-10-01",,,,,,,,,,,,,,,0.714287986064378,,
"1958-01-01",,,,,,,,,,,,,,,0.714287986064378,,
"1958-04-01",,,,,,,,,,,,,,,0.714287986064378,,
"1958-07-01",,,,,,,,,,,,,,,0.714287986064378,,
"1958-10-01",,,,,,,,,,,,,,,0.714287986064378,,
"1959-01-01",,,,,,,,,,,,,,,0.714287986064378,,
"1959-04-01",,,,,,,,,,,,,,,0.714287986064378,,
"1959-07-01",,,,,,,,,,,,,,,0.714287986064378,,
"1959-10-01",,,,,,,,,,,,,,,0.714287986064378,,
"1960-01-01",,,,,,,,,,,,,,,0.714287986064378,,
"1960-04-01",,,,,,,,,,,,,,,0.714287986064378,,
"1960-07-01",,,,,,,,,,,,,,,0.714287986064378,,
"1960-10-01",,,,,,,,,,,,,,,0.714287986064378,,
"1961-01-01",,,,,,,,,,,,,,,0.714287986064378,,
"1961-04-01",,,,,,,,,,,,,,,0.714287986064378,,
"1961-07-01",,,,,,,,,,,,,,,0.714287986064378,,
"1961-10-01",,,,,,,,,,,,,,,0.719192666146129,,
"1962-01-01",,,,,,,,,,,,,,,0.719193999719194,,
"1962-04-01",,,,,,,,,,,,,,,0.719193999719194,,
"1962-07-01",,,,,,,,,,,,,,,0.719193999719194,,
"1962-10-01",,,,,,,,,,,,,,,0.719193999719194,,
"1963-01-01",,,,,,,,,,,,,,,0.719193999719194,,
"1963-04-01",,,,,,,,,,,,,,,0.719193999719194,,
"1963-07-01",,,,,,,,,,,,,,,0.719193999719194,,
"1963-10-01",,,,,,,,,,,,,,,0.719193999719194,,
"1964-01-01",,,,,,,,,,,,,,,0.719193999719194,,
"1964-04-01",,,,,,,,,,,,,,,0.719193999719194,,
"1964-07-01",,,,,,,,,,,,,,,0.719193999719194,,
"1964-10-01",,,,,,,,,,,,,,,0.719193999719194,,
"1965-01-01",,,,,,,,,,,,,,,0.719193999719194,,
"1965-04-01",,,,,,,,,,,,,,,0.719193999719194,,
"1965-07-01",,,,,,,,,,,,,,,0.719193999719194,,
"1965-10-01",,,,,,,,,,,,,,,0.719193999719194,,
"1966-01-01",,,,,,,,,,,,,,,0.719193999719194,,
"1966-04-01",,,,,,,,,,,,,,,0.719193999719194,,
"1966-07-01",,,,,,,,,,,,,,,0.719193999719194,,
"1966-10-01",,,,,,,,,,,,,,,0.719193999719194,,
"1967-01-01",,,,,,,,,,,,,,,0.719193999719194,,
"1967-04-01",,,,,,,,,,,,,,,0.719193999719194,,
"1967-07-01",,,,,,,,,,,,,,,0.719193999719194,,
"1967-10-01",,,,,,,,,,,,,,,0.777080332870684,,
"1968-01-01",,,,,,,,,,,,,,,0.892856999892857,,
"1968-04-01",,,,,,,,,,,,,,,0.892856999892857,,
"1968-07-01",,,,,,,,,,,,,,,0.892856999892857,,
"1968-10-01",,,,,,,,,,,,,,,0.892856999892857,,
"1969-01-01",,,,,,,,,,,,,,,0.892856999892857,,
"1969-04-01",,,,,,,,,,,,,,,0.892856999892857,,
"1969-07-01",,,,,,,,,,,,,,,0.892856999892857,,
"1969-10-01",,,,,,,,,,,,,,,0.892856999892857,,
"1970-01-01",,,,,,,,,,,,,,28.2209274508323,0.892856999892857,,
"1970-04-01",,,,,,,,,,,,,,28.4188417566921,0.892856999892857,,
"1970-07-01",,,,,,,,,,,,,,28.5211433859636,0.892856999892857,,
"1970-10-01",,,,,,,,,,,,,,28.1627729092695,0.892856999892857,,
"1971-01-01",,,,,,,,,,,,,,28.3440828737629,0.892856999892857,,
"1971-04-01",,,,,,,,,,,,,,28.5781175241117,0.892856999892857,,
"1971-07-01",,,,,,,,,,,,,,28.5870098965022,0.884590851482804,,
"1971-10-01",,,,,,,,,,,,,,28.6322586940646,0.852123927144116,,
"1972-01-01",,,,,,,,,,,,,,29.1712308932034,0.836680053547523,,
"1972-04-01",,,,,,,,,,,,,,30.0202557225958,0.836680053547523,,
"1972-07-01",,,,,,,,,,,,,,30.6299734330538,0.836680053547523,,
"1972-10-01",,,,,,,,,,,,,,31.5525767419607,0.836680053547523,,
"1973-01-01",,,,,,,,,,,,,,32.6891478431669,0.781203980453889,,
"1973-04-01",,,,,,,,,,,,,,34.1509594318954,0.753465943907072,,
"1973-07-01",,,,,,,,,,,,,,35.9043306640477,0.725910726525682,,
"1973-10-01",,,,,,,,,,,,,,38.3355682304651,0.686667851165911,,
"1974-01-01",,,,,,,,,,,,,,41.6250377729093,0.709109084083161,,
"1974-04-01",,,,,,,,,,,,,,44.6315252700763,0.685893643191622,,
"1974-07-01",,,,,,,,,,,,,,45.7136404270857,0.700868812155018,,
"1974-10-01",,,,,,,,,,,,,,45.482832212737,0.765738815231669,,
"1975-01-01",,,,,,,,,,,,,,44.3158067034323,0.748348219061941,,
"1975-04-01",,,,,,,,,,,,,,42.6209047870867,0.756204621330152,,
"1975-07-01",,,,,,,,,,,,,,41.6840579436428,0.871460260188183,,
"1975-10-01",,,,,,,,,,,,,,40.9219108055702,0.953215777112953,,
"1976-01-01",,,,,,,,,,,,,,40.0519534889577,0.960920969213825,,
"1976-04-01",,,,,,,,,,,,,,39.0884295283423,1.00358541812275,,
"1976-07-01",,,,,,,,,,,,,,38.2737150915364,1.00349038444408,,
"1976-10-01",,,,,,,,,,,,,,37.8632494774748,1.05155838682138,,
"1977-01-01",,,,,,,,,,,,,,37.7387562640075,1.04738508537325,,
"1977-04-01",,,,,,,,,,,,,,36.8097787766614,1.03842330175111,,
"1977-07-01",,,,,,,,,,,,,,35.7484387197502,1.02993821692715,,
"1977-10-01",,,,,,,,,,,,,,34.4629794011735,1.00549999933333,,
"1978-01-01",,,,,,,,,,,,,,33.843818463398,0.977133332333333,,
"1978-04-01",,,,,,,,,,,,,,33.1724050011332,0.983666665666667,,
"1978-07-01",,,,,,,,,,,,,,32.6724648082395,0.953679999,,
"1978-10-01",,,,,,,,,,,,,,32.2073858628592,0.943219999,,
"1979-01-01",,,,,,,,,,,,,,32.0883225050993,0.946853332333333,,
"1979-04-01",,,,,,,,,,,,,,31.1052825413613,0.958406665666667,,
"1979-07-01",,,,,,,,,,,,,,29.9463624688373,0.987143332333333,,
"1979-10-01",,,,,,,,,,,,,,29.2080594797411,1.02160666566667,,
"1980-01-01",,,,,,,,,,,,,,28.7359768074337,1.026226666,,
"1980-04-01",,,,,,,,,,,,,,28.4723533781572,1.02944333233333,,
"1980-07-01",,,,,,,,,,,,,,28.3953910755206,1.01768333266667,,
"1980-10-01",,,,,,,,,,,,,,28.2635793608824,1.03336666566667,,
"1981-01-01",,,,,,,,11073.0563650592,,,,,,28.5461679383546,1.064626666,,
"1981-04-01",,,,,,,,11860.5785187518,,,,,,29.8175411095163,1.134593333,,
"1981-07-01",,,,,,,,12196.7151801871,,,,,,30.8686510035003,1.20513666566667,,
"1981-10-01",,,,,,,,12526.0463437522,,,,,,32.1395520132961,1.20682333233333,,
"1982-01-01",,,,,,,,12859.4797119368,,,,,,33.8003009241772,1.25781666566667,,
"1982-04-01",,,,,,,,13713.6451339259,,,,,,34.8884754853819,1.31205666566667,,
"1982-07-01",,,,,,,,13378.8858844265,,,,,,34.442991236685,1.364939999,,
"1982-10-01",,,,,,,,14144.5972587024,,,,,,34.2823776787288,1.395619999,,
"1983-01-01",,,,,,,,14503.4279153924,,,,,,34.4769868550276,1.419749999,,
"1983-04-01",,,,,,,,14843.5508923469,,,,,,34.7796422905492,1.51848333233333,,
"1983-07-01",,,,,,,,15472.4570148564,,,,,,35.3530035758354,1.52957666566667,,
"1983-10-01",,,,,,,,16207.4976087518,,,,,,36.1681114804462,1.51928333233333,,
"1984-01-01",,,,,,,,16483.4913075063,,,,,,37.1831010299413,1.51920666566667,,
"1984-04-01",,,,,,,,17490.9175447908,,,,,,37.5963996121981,1.53658999933333,,
"1984-07-01",,,,,,,,18745.3380858646,,,,,,37.5194373095616,1.94987333266667,,
"1984-10-01",,,,,,,,19665.9120318365,,,,,,37.3733033668253,2.050299999,,
"1985-01-01",,,,,,,,20670.5948034104,30.5,34.17,21.35,17.43,,37.058686510035,2.17777666666667,,
"1985-04-01",,,,,,,,22483.5974355674,21.3,20.1266666666667,23.35,17.8933333333333,,36.6224094079726,2.19739,,
"1985-07-01",,,,,,,,23747.1878999417,38.1666666666667,23.4533333333333,25.7833333333333,17.8,,37.0255565208632,1.922056666,,
"1985-10-01",,,,,,,,24760.1138891593,20.8333333333333,21.2233333333333,22.7366666666667,17.6433333333333,,37.3411177003853,1.796266666,,
"1986-01-01",,,,,,,,26528.8480292476,20.7666666666667,18.5733333333333,22.7233333333333,18.11,,37.2430655234066,1.904446666,,
"1986-04-01",,,,,,,,27191.4878993369,17.9333333333333,17.9166666666667,18.2066666666667,16.12,,36.76460867266,1.80187999966667,,
"1986-07-01",,,,,,,,28222.9469129237,15.5,15.19,16.3233333333333,15.8833333333333,,36.3746820780136,1.98329333333333,,
"1986-10-01",,,,,,,,29939.9238693718,21.2,19.1033333333333,19.0466666666667,15.6766666666667,,34.0825747274055,1.96302333333333,,
"1987-01-01",,,,,,,,31408.7898327007,28.3333333333333,25.3066666666667,24.9333333333333,16.4,,35.2019906323185,1.82651666666667,,
"1987-04-01",9086,15792,56.3070991736892,53.3834784991075,,,,31775.2531342342,22.7166666666667,24.2266666666667,22.6933333333333,15.73,,35.7844016771172,1.72326333333333,,
"1987-07-01",9280,16096,57.001415977343,53.6404856250602,,,,32679.6804174374,18,17.6166666666667,18.55,15.6333333333333,,36.9380492810556,1.65349666666667,,
"1987-10-01",9513,16421,57.6723466490803,54.611608800955,,,,34149.1636298695,17.89,18.16,18.2633333333333,15.0766666666667,,37.8505011205963,1.57496666666667,,
"1988-01-01",9617,16832,58.5963597525513,55.9847258700984,52.7472527472528,,8027.08604472037,35621.8650299698,17.51,15.8466666666667,16.5733333333333,13.6133333333333,,38.2639570899751,1.51036,,
"1988-04-01",9733,16929,59.2798928799016,56.4417315560096,53.156146179402,,7954.73458768064,35576.8750823877,16.83,16.96,15.99,12.8466666666667,,39.060886782,1.4638,,
"1988-07-01",10168,17910,60.2135308814108,58.2506074080953,53.5650396115512,,8313.15334767714,34984.3886243721,15.6166666666667,14.59,14.6366666666667,12.73,,38.9689727027776,1.55259333333333,,
"1988-10-01",10306,17682,60.9068987790878,57.9198978235536,54.2806031178124,,8099.50986563651,35382.6889532503,13.97,13.6866666666667,14.37,13.2733333333333,,38.7463486187706,1.57885,,
"1989-01-01",10496,18096,61.5264462873893,58.3693385631856,54.791719907999,,8729.83866095572,36663.69016509,13.0933333333333,13.3,13.5066666666667,13.2366666666667,,39.3016103850319,1.61481,,
"1989-04-01",10970,18423,62.5463836799881,59.261611818264,55.5072834142602,,9004.55431110614,37460.3712735999,13.72,13.72,13.45,13.2066666666667,,39.1956888519554,1.67243,,
"1989-07-01",10665,18340,63.5483989054367,60.4941370465542,57.4495272169691,,9641.20696229749,38738.5839262382,14.3666666666667,13.33,13.2666666666667,12.47,,38.5846333509607,1.70628666666667,,
"1989-10-01",10816,18853,64.6963421991917,61.5819561891448,58.1650907232303,,9651.70960505577,37840.2843409631,13.57,13.2333333333333,13.9333333333333,12.4033333333333,,38.7859314799426,1.69506666666667,,
"1990-01-01",11091,18991,65.3554803538127,61.6565625063685,58.6762075134168,,9828.18686443267,38647.9884790685,13.12,13.4533333333333,13.8066666666667,12.19,,39.2540007806401,1.68537,,
"1990-04-01",11250,18886,66.1084881510552,61.563800359244,59.6984410937899,,10277.6350079789,39033.1539585045,13.7,13.2466666666667,13.63,12.2933333333333,,38.9743238649241,1.72868,,
"1990-07-01",11380,19267,66.6245461580976,62.0770213954541,60.3117812420138,,9929.81548025362,40736.9564832343,13.7933333333333,13.9566666666667,14.2866666666667,12.5533333333333,,38.6641138475485,1.64337333333333,,
"1990-10-01",11778,19452,67.8171208789185,61.6424109708657,60.9251213902377,,9756.60663597014,42546.0375515108,12.0833333333333,13.0066666666667,13.8466666666667,12.7433333333333,,38.027561632797,1.64739,,
"1991-01-01",11412,18548,67.5245512751268,61.1148382896765,61.3340148223869,,9591.99113628458,41252.525556607,11.7166666666667,11.7566666666667,12.09,11.63,,37.1250251819395,1.67397,,
"1991-04-01",11282,18626,67.76209528398,61.9747834704918,61.4362381804242,,9176.48599269591,42733.9626858571,10.2166666666667,10.5066666666667,10.4266666666667,10.1933333333333,,36.7054311148045,1.71072,,
"1991-07-01",11441,19102,68.4084602988754,62.6080078557195,61.6406848964989,,9465.05331708757,42372.2929900022,8.91666666666667,9.48,9.33,9.71,,36.8878427891516,1.74273666666667,,
"1991-10-01",11407,18985,68.4687440794285,62.2473509321025,61.5384615384615,,9903.19153683524,43320.7445354821,7.91666666666667,7.99666666666667,8.01666666666667,8.90666666666667,,36.7232945531465,1.80663,,
"1992-01-01",11522,19281,68.729619581137,62.947792295425,61.8451316125735,,9824.56554217297,45764.9606168778,7.1,7.21,7.41666666666667,9.12,,36.3824727405505,1.84879666666667,,
"1992-04-01",11519,19509,69.0165404084145,63.129713179365,61.9473549706108,,9734.0753151216,44742.3784076518,6.66666666666667,6.75,6.89,8.78333333333333,,36.8167825035884,1.85156666666667,,
"1992-07-01",11515,18948,69.26868705833,62.5088373596609,62.2540250447227,,9600.81695256772,45533.0228076627,6.28333333333333,6.17333333333333,6.19333333333333,7.92333333333333,,36.9238844400796,1.84467666666667,,
"1992-10-01",11723,19535,69.4043910398874,63.6074950736526,62.35624840276,,9732.74890503934,45515.9000859631,6.86666666666667,6.4,6.42,7.78,,36.8680907053461,1.90212666666667,,
"1993-01-01",11685,20285,69.4219819018852,64.690257627124,62.4584717607973,,9336.07354457476,45602.7590937306,7.35,8.23333333333333,7.54666666666667,7.7,,37.2245725365768,1.92491,,
"1993-04-01",11854,20506,69.473789316212,64.8836006416281,62.7651418349093,,9687.4033858368,47224.8406804082,6.13333333333333,6.36,6.71666666666667,7.30666666666667,,37.3454458462391,1.84933333333333,,
"1993-07-01",12005,20917,69.6015165173238,64.4217934331382,63.1740352670585,,9757.46589207657,48490.7141931635,5.13333333333333,5.14666666666667,5.54,6.58666666666667,,37.8652955100602,1.81582,,
"1993-10-01",12158,21153,69.7895419700803,63.9632824161882,63.2762586250958,,10464.4294919968,49209.5499087411,5.26666666666667,5.27666666666667,5.51666666666667,6.14333333333333,,38.655300168719,1.81199,,
"1994-01-01",12424,21878,69.8914881447257,64.1467105488706,63.2762586250958,9.3,10425.7244173981,50910.4242997905,7.16666666666667,4.85333333333333,4.91,5.93,83.4520652972559,40.836528291909,1.75534666666667,,
"1994-04-01",12682,22058,69.9660213187979,64.1006267354528,63.4807053411705,8.5,10998.6835996707,51099.8228135711,5.76666666666667,5.65,6.15,7.22666666666667,83.1326070983612,42.0347164513611,1.72002,,
"1994-07-01",12929,22283,70.4075588859614,64.8261132591646,64.1962688474316,8,11112.6068231526,51843.2400477648,6.11666666666667,6.23333333333333,7.21,8.44666666666667,84.3369645081941,42.788600765531,1.66227333333333,,
"1994-10-01",13179,22878,70.7315512276781,65.6471712456155,65.0140557117301,7.6,11109.5831511603,53552.9485115088,7.83333333333333,7.65333333333333,8.67,8.92,86.6338689582468,43.0818916672962,1.60844666666667,,
"1995-01-01",13409,23093,71.0453640226957,65.5426282686054,65.7296192179913,6.8,10936.5451211267,55353.4948197522,8.76666666666667,8.78666666666667,9.36,8.51666666666667,88.7550713989074,43.4145293495505,1.56102,,
"1995-04-01",13484,23631,71.5240672710899,65.8920049315796,66.4451827242525,6.4,11526.2652128918,56451.5424844988,8.98333333333333,8.99,9.12333333333333,7.59666666666667,89.8444238571383,43.7544068394148,1.49603666666667,,
"1995-07-01",13714,23781,71.7315255185255,66.4698745759438,66.5474060822898,6.2,11147.7253477701,57879.5972850766,9.33333333333333,9.15666666666667,9.03,7.77666666666667,90.5727885506181,44.8940469894991,1.50975666666667,,
"1995-10-01",13954,24241,72.2127258137182,66.8672271243792,66.8540761564017,6.4,12089.0203382871,59919.0126454077,8.61666666666667,8.68,8.52,7.22666666666667,90.582372296585,45.583402583667,1.52869333333333,,
"1996-01-01",14382,24571,72.6918925138501,67.4238961727249,67.262969588551,6.4,12105.0759765951,61477.4710203078,8.9,8.8,8.66,7.36666666666667,93.9207104750343,47.488652388507,1.48808333333333,,
"1996-04-01",14605,25000,73.0974768872022,67.6788768814108,67.7740863787375,6.2,12029.3287012555,64619.0253372964,9.61666666666667,9.49666666666667,9.69333333333333,8.53333333333333,94.5021243970226,47.8649649971041,1.46752333333333,,
"1996-07-01",14814,25404,73.0914989142383,67.9435362520046,68.0807564528495,6.5,12080.2728986245,65302.9854301395,9.98333333333333,9.91666666666667,9.96333333333333,8.33666666666667,96.3134523847555,47.6576861574879,1.44637333333333,,
"1996-10-01",14884,25472,73.363077144797,67.7948553566978,68.591873243036,6.2,12371.4152417416,66445.5560019942,8.91666666666667,9.28,8.88666666666667,7.34,98.8243938280676,48.0427337513535,1.41741,,
"1997-01-01",15012,25221,73.5389154190114,67.5389493389645,68.3874265269614,6.7,12776.3812131849,67202.4184549473,7.43333333333333,7.46,7.53,7.48666666666667,99.9584704341437,49.8373404094583,1.43457,,
"1997-04-01",15209,26055,73.5833885354173,68.054087372786,68.4896498849987,6.8,12971.3900678581,68342.0182509713,6.63333333333333,6.79666666666667,7.15666666666667,7.61666666666667,99.2524678145865,50.2709419304475,1.44824333333333,,
"1997-07-01",15303,26452,74.172950313764,67.7860780809367,68.7963199591106,7,13210.1860937899,71667.4856899163,7.8,7.91333333333333,8.06333333333333,6.91333333333333,95.4349423377951,50.1941370149329,1.54629666666667,,
"1997-10-01",15471,26122,74.5067251865871,68.0640570432617,69.2052133912599,7,13258.2185773309,71409.7232835776,7.58333333333333,7.36333333333333,7.88666666666667,6.75,94.7481072101716,49.9626205585354,1.62057333333333,,
"1998-01-01",15741,26198,74.486726282713,68.3936296882907,69.3074367492972,7.4,13085.6866701332,72509.3110660115,9.2,8.67666666666667,8.94666666666667,6.83333333333333,92.3298086445389,49.3100935509053,1.73028,,
"1998-04-01",15843,26202,74.9884307143554,68.4860579649664,69.6141068234091,7.9,13839.0275495735,72888.9133809008,8.7,8.89,9.09666666666667,6.69333333333333,86.6306743762579,48.2226272317494,1.87495666666667,,
"1998-07-01",15990,26350,75.6189229327356,68.5442812377445,70.0230002555584,7.7,14224.0407179599,71508.2777099813,5.8,6.17,6.77666666666667,6.14666666666667,84.4775261157078,48.0406877187681,1.96755666666667,,
"1998-10-01",16250,27071,75.3158859912723,68.6833525568511,69.4096601073345,7.9,15070.5463033005,72091.377358352,3.53333333333333,3.70666666666667,4.57666666666667,5.47666666666667,81.9633900904067,48.6454477348845,1.90020333333333,304578,176404
"1999-01-01",16364,27130,75.5100244288077,68.336629309736,69.2052133912599,7.5,15759.7208888608,74279.2005263795,3.85,3.57333333333333,4.45333333333333,5.66333333333333,83.5479027569243,49.5813502555967,1.85697333333333,312655,178000
"1999-04-01",16569,27650,75.5432923489137,68.9049173019592,69.4096601073345,7.3,16448.7637913272,73451.6475039971,4.5,4.51333333333333,4.68333333333333,6.11,84.7171197648788,49.8551251542394,1.84296536706667,319493,180395
"1999-07-01",16709,28143,75.6302798475344,69.1600594592403,69.6141068234091,7,17505.4057843902,75653.108226027,4.5,4.50333333333333,4.81,6.77666666666667,81.4298948982526,49.583947143109,1.90322356303333,326341,181193
"1999-10-01",16734,28282,75.817085994024,68.8281943370374,69.8185535394838,6.4,17372.0804691533,76279.9406918359,4.83333333333333,4.73666666666667,5.37333333333333,7.1,78.3726799348305,49.5070635340334,1.95529333333333,333924,181193
"2000-01-01",16756,29118,76.2876483774318,69.2953667255312,70.227446971633,6.5,17523.8061730509,75385.5573660958,5.41666666666667,5.29666666666667,5.95666666666667,7.28333333333333,77.4558349040028,49.2513094608547,2.00639333333333,339057,181920
"2000-04-01",17109,29153,76.6220766141573,69.7835686656715,70.7385637618196,6.3,17327.0809811005,75580.069745256,6.33333333333333,6.18666666666667,6.71333333333333,6.93,76.6284381688656,48.7704918032787,2.08754666666667,341076,181920
"2000-07-01",17373,29632,77.5064189852484,70.6332697682558,71.7607973421927,6,17743.5431472067,77629.9445402916,6.5,6.5,6.74333333333333,6.71666666666667,71.9611538830144,47.7368518798318,2.26592333333333,342670,184303
"2000-10-01",17466,30407,78.3979616364117,72.1402124160079,72.5785842064912,5.8,18583.8176835687,77952.2912736472,6.5,6.50333333333333,6.66666666666667,6.48,69.5109094974923,47.0638645463474,2.44473333333333,345734,184303
"2001-01-01",17412,30567,78.1217124755649,73.1643445903944,72.3741374904166,5.5,20289.1245933158,79936.038919273,6.41666666666667,6.45,6.42,6.01666666666667,73.2166246046705,47.8027970839314,2.31105333333333,347270,186596
"2001-04-01",17851,31625,78.6710278047941,73.2191900679364,73.0897009966777,5.4,20109.6229153655,81264.3051544192,5.83333333333333,5.92333333333333,5.86,6.50333333333333,72.2326933520749,47.5741135957291,2.41325333333333,350906,188178
"2001-07-01",18138,31576,79.0240193130814,73.1114231733007,73.498594428827,5.4,20823.8593829413,83730.9860049599,5.58333333333333,5.68666666666667,5.73,6.61333333333333,73.0824521611347,47.7171784895873,2.38364,354094,190550
"2001-10-01",18335,32492,79.4329727183648,74.430519419666,73.9074878609762,5.6,22261.2445023192,83022.4283985997,4.91666666666667,4.98666666666667,4.96,6.44,72.9738363735105,48.2553637531163,2.40705666666667,358140,194503
"2002-01-01",18368,32976,80.033571413157,74.670703596616,74.3163812931255,5.3,22624.4541127409,86875.8985071702,4.83333333333333,4.78,5.03333333333333,6.69,75.6540906622368,49.8891994661429,2.35284333333333,360208,200881
"2002-04-01",18946,32897,80.5558551547906,73.7854671058539,75.0319447993867,5.3,23588.7335864295,88486.7061002729,5.41666666666667,5.33333333333333,5.82333333333333,6.77333333333333,80.2702616362649,50.5735186724082,2.15744333333333,364452,204820
"2002-07-01",19249,33866,80.5180003971749,74.3858306699274,75.4408382315359,5.5,23350.4897253312,89410.1466646536,5.75,5.74333333333333,5.91,6.34666666666667,79.845382231735,51.9221689204503,2.11962666666667,368103,212698
"2002-10-01",19552,33950,80.663058498146,73.3132377775168,75.8497316636851,5.1,23879.6131453536,93131.9140297343,5.75,5.75,5.9,6.3,83.92486343162,53.533970436403,2.01885,371582,222151
"2003-01-01",19903,34462,80.826580148098,74.0255498403549,76.1564017377971,5,23645.2821105784,93510.6802301953,5.75,5.75,5.83,5.97,89.4227390345973,56.2708537936592,1.81997705218283,377318,233914
"2003-04-01",20096,34938,80.7030291593405,74.7123692956507,76.1564017377971,4.8,24854.1435247599,95052.1380530106,5.41666666666667,5.49666666666667,5.44666666666667,5.60333333333333,89.5984410439894,58.2210376218176,1.7578401319564,392771,244903
"2003-07-01",20348,35703,80.740823459764,75.2326947145151,76.463071811909,4.5,26152.9925391776,97977.7883612015,5,5.06333333333333,5.12333333333333,5.8,91.5024119094016,61.8530602351993,1.71234215572692,408524,266096
"2003-10-01",20898,36381,81.062842890335,75.7473682566142,77.0764119601329,4.7,26246.7328011354,102595.94750657,5,5,5.29333333333333,6.09333333333333,93.8855700731559,65.5575596182418,1.59823724572498,425259,290430
"2004-01-01",21421,37466,81.2550645665895,75.9822834615493,77.3830820342448,4.3,26900.7675836518,105173.933006992,5.25,5.17666666666667,5.49333333333333,5.86,97.9075487972399,68.2291273198862,1.48147376458679,440459,302675
"2004-04-01",21479,38019,81.8917311926532,77.072319045262,77.9964221824687,4.2,27297.8367627757,106181.915103509,5.58333333333333,5.48666666666667,5.85333333333333,6.19666666666667,93.760981375587,68.8881071995165,1.590373750538,447325,309714
"2004-07-01",22095,38645,81.9243297798209,78.1942013706835,78.405315614618,3.9,27003.0082127212,105177.991999932,6.08333333333333,5.98333333333333,6.44333333333333,6.18,97.7158738779031,69.865638613986,1.53101569184863,455394,323010
"2004-10-01",22420,38871,82.4373105179936,78.5750284363743,79.1208791208791,3.7,27352.2658619775,107192.821379624,6.5,6.42666666666667,6.72666666666667,6.02666666666667,101.09254704022,71.7556218679963,1.43186187611949,465162,335360
"2005-01-01",22625,39022,82.8543727336586,78.7147627160602,79.5297725530284,3.9,28282.9894112584,110415.099408928,6.58333333333333,6.55666666666667,6.86,6.03333333333333,101.91036002939,74.7473936692604,1.39672471071118,472696,352458
"2005-04-01",23193,40272,83.1120265020444,79.230680895798,80.1431127012522,3.8,28873.2133316295,113411.829906873,6.75,6.75,7.04333333333333,5.83666666666667,103.504456441875,76.1799312533051,1.397949408368,489502,364558
"2005-07-01",23389,40823,83.6631893389971,80.1207876153658,81.063122923588,3.8,29302.8814404008,118224.34670767,6.75,6.75,7.05,5.74333333333333,101.801744241766,77.7066650298406,1.44677614868784,505758,377485
"2005-10-01",23829,40680,84.1709331152756,79.8541530471397,81.6764630718119,3.7,29119.8947378812,118276.229265136,7.08333333333333,6.99333333333333,7.49333333333333,5.88666666666667,104.018784142095,80.1611958903075,1.43964355869029,522432,394135
"2006-01-01",24197,41175,84.8373413101874,80.1012971098936,82.0853565039612,4.1,29307.2250132796,120481.316772703,7.25,7.25,7.55333333333333,5.71333333333333,98.8467559019902,81.2128566392184,1.50335603284043,541302,404861
"2006-04-01",24497,41780,85.9862241953717,81.62456685645,83.4142601584462,3.7,30763.2736196853,124497.032750116,7.25,7.25,7.47666666666667,5.79666666666667,91.6174168610037,80.7055979451537,1.60371809029226,558878,409285
"2006-07-01",24827,42292,86.412240701613,81.1408885410592,83.9253769486328,3.9,30953.6735648592,127780.179773609,7.25,7.25,7.51,5.84,93.1380378877424,82.0100224119262,1.5762388848854,575263,419629
"2006-10-01",25244,43651,86.4748750630154,83.1133462169963,83.8231535905955,3.8,31171.2468711724,130954.471800438,7.25,7.43666666666667,7.64333333333333,5.77333333333333,97.6519822381241,85.0732479665584,1.48491001876916,593984,435756
"2007-01-01",25644,44176,86.75134080777,83.4871569373371,84.2320470227447,3.9,31271.283029756,135759.439311508,7.33333333333333,7.47,7.77666666666667,5.91333333333333,99.7827684247516,88.1737742690942,1.43720410571735,615160,456682
"2007-04-01",25937,45244,87.0661807552168,84.3555094273931,85.0498338870432,3.6,31391.6868232048,139778.990495221,7.83333333333333,7.89666666666667,8.13,6.31666666666667,103.970865412261,89.75685263529,1.34973793164266,619152,471045
"2007-07-01",26181,46562,87.3347265640917,85.9259399763506,85.4587273191924,3.6,31846.0823296913,143499.101557322,8.25,8.16666666666667,8.65666666666667,6.44333333333333,102.447049803533,89.6678502178238,1.34659256302527,627841,475583
"2007-10-01",26557,47190,88.1912339691108,86.6111421748219,86.4809608995655,3.4,31936.7606968381,146854.623336813,8.25,8.19333333333333,8.77,6.38666666666667,102.162732006517,88.7587822014052,1.30916631371176,632100,477798
"2008-01-01",27135,47589,88.9380581286975,87.8211751543007,87.0943010477894,3.8,32325.2422852665,151012.663275274,8.25,8.15333333333333,8.82666666666667,6.34666666666667,102.485384787401,87.6354316184432,1.2654959915712,636315,478026
"2008-04-01",27006,47554,90.1513051910109,88.9834112608486,88.4232047022745,3.8,33267.3265619357,153957.050785139,8.25,8.10666666666667,8.75333333333333,6.44333333333333,98.8084209181228,82.444883029891,1.28918946929894,632317,459235
"2008-07-01",27451,47006,91.4468134246619,87.8807445751953,89.7521083567595,4.1,32967.8349170407,157148.284688647,7.83333333333333,7.81333333333333,8.20333333333333,6.04333333333333,93.7162572277417,79.6503172924379,1.40465062197515,628499,451441
"2008-10-01",27595,47624,91.9199453597182,89.0454448875976,89.3432149246103,4.4,33685.3893027735,159641.404927258,6,6.13666666666667,6.30333333333333,5.49,83.8673609558189,78.1961389791242,1.73157115526069,624267,441194
"2009-01-01",27245,47595,92.7837372887306,89.6927081083332,89.6498849987222,5,34196.6981756229,158665.721970465,3.33333333333333,3.7,3.67333333333333,4.59666666666667,78.6186627479794,77.4480779884667,1.88016748115141,637955,437374
"2009-04-01",27829,47609,92.9552449179734,88.6337267736385,90.1610017889088,5.8,33581.4033566206,158131.911153102,2.5,2.61,2.90666666666667,5.6,85.5892406478612,78.4138840623505,1.66386600772775,631185,444923
"2009-07-01",28090,48374,93.2654464132354,89.5062829893445,91.2854587273192,6.2,33902.2092261102,159694.432852417,2.5,2.51333333333333,2.77333333333333,5.73333333333333,92.8505255087372,79.165564956813,1.48628721479662,640134,457553
"2009-10-01",28345,48780,93.1069970122546,89.2016228966413,91.1832353692819,6.6,34408.0790807115,161581.418063247,2.5,2.44333333333333,2.79,5.89666666666667,96.2016420151423,80.8294616101332,1.37318847720208,646728,466364
"2010-01-01",28782,49941,93.5368842084837,90.2449593396678,91.4899054433938,5.9,34310.7443267672,161075.050337725,2.5,2.36333333333333,2.72666666666667,5.90666666666667,94.3903140274095,80.6009355090529,1.41057909684839,652057,468016
"2010-04-01",28881,50258,93.3734514928725,90.304940939239,91.5921288014311,6.6,34157.1847938504,161837.079880386,2.58333333333333,2.36333333333333,2.88333333333333,5.73333333333333,94.7321343002268,79.5720958928257,1.42579844530127,653892,463923
"2010-07-01",29113,50569,94.1104573992249,92.1733451404824,92.6143623818042,6.1,35535.5134016454,165207.959168451,3,2.82333333333333,3.22,5.30666666666667,95.9524646200045,78.2381613406865,1.39325146454432,658985,462013
"2010-10-01",29568,51268,95.6908222986456,94.5733485265379,94.7610529005878,6.2,36203.9615613777,169566.801474571,3,2.91,3.17333333333333,5.46666666666667,98.5848001788966,76.4490632318501,1.32170630403034,664398,462737
"2011-01-01",30043,51701,96.4011744477325,93.7873676378049,95.5788397648863,6,37387.6072046577,173417.739358692,2.83333333333333,2.77666666666667,3.00333333333333,5.58333333333333,96.9843146024343,76.0337186170079,1.32312596236972,674508,462326
"2011-04-01",30568,52560,97.1425514107274,94.5552484036927,96.4988499872221,6.1,37664.5677043536,177275.992592702,2.5,2.47,2.65333333333333,5.32333333333333,99.6677634731495,75.6774728664602,1.25239391267857,675646,463036
"2011-07-01",30985,53357,97.1002270301711,94.9535596882931,96.9077434193713,6,38770.6919913764,176950.991630631,2.5,2.41,2.83,4.67666666666667,103.587515573587,76.3686384125305,1.20185497203495,677367,465638
"2011-10-01",31109,53664,97.1035104894492,94.7175403330443,96.6010733452594,6.1,39003.6611229977,182415.891323656,2.5,2.33666666666667,2.71333333333333,4.19666666666667,98.2557582340351,76.7737528644456,1.28586793985463,682999,467371
"2012-01-01",31568,53663,97.4073810120975,94.5161380138586,97.0099667774086,6.4,38998.2661328201,185720.712532503,2.5,2.41333333333333,2.74333333333333,4.00333333333333,102.718589272594,77.184926720556,1.22221116629161,684087,469483
"2012-04-01",31671,54513,97.7964393191441,95.380060984409,97.4188602095579,6.4,40432.7079197289,189759.413499642,2.5,2.44,2.64666666666667,3.68,100.690029709612,77.8284039686737,1.26362120376142,692816,477611
"2012-07-01",31666,54016,97.7842399233152,93.947909921918,97.6233069256325,6.7,40781.928464928,192665.09386321,2.5,2.50333333333333,2.65,3.54333333333333,102.616362648947,79.1658797310569,1.23704003986764,710282,487803
"2012-10-01",32071,54164,97.7394126405338,93.154326327309,97.5210835675952,6.3,41688.3232401587,198857.932802657,2.5,2.49333333333333,2.64666666666667,3.51333333333333,102.766508002428,80.9497053713077,1.21426221013248,725588,498575
"2013-01-01",32494,55246,97.917412043128,94.5315346612969,97.9299769997444,5.8,42779.8693274764,202985.775221582,2.5,2.47,2.65333333333333,3.69333333333333,104.846180877232,82.4526736924278,1.19802799159355,730083,508359
"2013-04-01",32932,55757,98.0765740948098,95.8516525773447,98.0322003577817,6,43593.0480323686,206149.147809164,2.5,2.45666666666667,2.64333333333333,3.51,104.779094655464,84.0695115962831,1.21818179402782,732373,521643
"2013-07-01",33251,57572,98.5447776295141,98.0611676201791,98.9522105801176,5.8,44622.8947307868,211932.325345943,2.5,2.47333333333333,2.64333333333333,4.46666666666667,104.00281123215,85.8938644204377,1.25378356695692,749804,534609
"2013-10-01",33680,59601,98.8604388383322,100.953638477689,99.0544339381549,5.7,45648.923108084,214288.220722537,2.5,2.49666666666667,2.68666666666667,4.70333333333333,106.500974347507,86.7957713228073,1.20763854321485,750565,542076
"2014-01-01",34031,59870,98.9865665439665,100.28835491348,99.3611040122668,5.6,46028.0034652775,217042.557667489,2.58333333333333,2.56,2.95333333333333,4.59666666666667,108.708430501869,87.4042299362897,1.19603333333333,773590,547685
"2014-04-01",34271,60008,99.1954772740321,100.054645498868,99.6677740863787,5.3,47195.8148715557,221313.463379998,3.08333333333333,2.97333333333333,3.38,4.42,110.788103376673,88.0468415552366,1.1605,783801,558736
"2014-07-01",34729,60352,99.2085001853041,99.3608437755946,99.9744441604907,5.3,47249.1679826706,225925.566892281,3.5,3.39666666666667,3.69,4.25333333333333,109.209979874133,89.1277763088313,1.18666666666667,797013,565841
"2014-10-01",34951,60851,99.5314779102615,98.8859637520897,99.769997444416,5.5,48570.3500639767,228802.571784311,3.5,3.41333333333333,3.67333333333333,3.94666666666667,105.331757339552,92.3088848178087,1.27853333333333,825845,580883
"2015-01-01",35418,61705,99.5832996221856,99.4800286589751,99.6677740863787,5.5,49328.2331184325,235805.788830912,3.5,3.41333333333333,3.64333333333333,3.32666666666667,105.676772194358,95.378956712246,1.33016666666667,846842,595920
"2015-04-01",35862,62964,99.7899702043414,100.696358195055,100.076667518528,5.5,50419.733359191,241747.520607255,3.41666666666667,3.36666666666667,3.49666666666667,3.55666666666667,103.200971152925,98.2537111883357,1.36723333333333,844246,623377
"2015-07-01",36456,63567,100.355118403469,100.277834478695,100.38333759264,5.7,52873.7097529246,246295.785626699,2.91666666666667,2.91,2.97666666666667,3.35,94.2210011819953,102.492067689053,1.53636666666667,838286,654359
"2015-10-01",36912,63742,100.271611770004,99.5457786672741,99.8722208024534,5,52979.2527001456,251321.400105725,2.66666666666667,2.62666666666667,2.84666666666667,3.46,96.9012554707217,103.875264410365,1.50213333333333,855961,654445
"2016-01-01",37213,65326,100.360839998417,101.033054450169,100.076667518528,5.3,54676.8518379049,257959.605541588,2.41666666666667,2.32333333333333,2.59333333333333,3.13,96.8405584129317,107.48422981038,1.50883333333333,870121,679595
"2016-04-01",38324,66294,100.671014569641,101.336462146382,100.485560950677,5.1,56073.9165932979,262619.621771779,2.25,2.16333333333333,2.36333333333333,2.68,98.7061942944766,112.695396111909,1.44753333333333,906693,726879
"2016-07-01",38896,67184,100.518888477247,101.833397535016,100.792231024789,5,56918.8599513798,263914.535865243,2.08333333333333,2.03,2.28,2.28666666666667,103.322365268505,116.427280854171,1.38513333333333,936411,755596
"2016-10-01",39512,68106,101.112616539584,103.01262095998,101.201124456938,5.3,58275.735148838,270470.481739055,1.83333333333333,1.76666666666667,2.08333333333333,2.95,104.264766955244,117.135758983657,1.4046,956976,764087
"2017-01-01",40558,70087,102.073980074681,104.514969973493,102.223358037312,4.9,58620.3655546878,274449.091820175,1.75,1.67666666666667,1.99333333333333,3.26666666666667,105.373286905408,117.93654466017,1.405,962132,771991
"2017-04-01",40899,70499,102.069412912999,104.025922844869,102.223358037312,4.9,60251.3858636575,279089.502938078,1.75,1.66666666666667,1.96666666666667,2.91666666666667,102.811232150273,118.163890357835,1.41976666666667,992900,781426
"2017-07-01",41405,72141,102.155866038556,105.282949170085,102.734474827498,4.7,62109.4698121282,282289.780000292,1.75,1.64,1.95333333333333,2.92,103.552375171709,118.424523431795,1.36953333333333,1020205,788169
"2017-10-01",42145,73862,102.655351513385,106.389739418964,102.836698185535,4.5,63548.353448962,289868.926818445,1.75,1.64,1.91666666666667,2.86,98.4474331533719,119.97455050238,1.43533333333333,1049128,795739
"2018-01-01",42562,74472,102.861828796083,106.100964726502,103.347814975722,4.4,65913.9309124542,294360.119546616,1.75,1.66666666666667,1.90666666666667,2.91333333333333,99.5367856116027,120.833175946211,1.37466666666667,1062216,801257
"2018-04-01",43364,75342,103.215469720696,106.391116472631,103.756708407871,4.6,67171.1531964836,299018.72104244,1.75,1.71,2.01333333333333,2.83333333333333,98.1726991023225,120.624795396741,1.4189,1065912,806188
"2018-07-01",44134,75892,104.006914525336,107.10518929237,104.676718630207,4,68226.5255985708,303759.401414931,1.75,1.68666666666667,1.91666666666667,2.68333333333333,96.8756988148101,120.703725038402,1.49616666666667,1095174,815665
"2018-10-01",44758,76851,104.152654146476,106.753387555935,104.778941988244,4.3,69880.2899573343,308174.606427419,1.75,1.70666666666667,1.95,2.58666666666667,98.1758936843114,121.656389287603,1.4913,1097491,826988
"2019-01-01",44842,78368,104.254407119038,107.539107648397,104.881165346282,4.2,70028.2956142842,311182.957323693,1.75,1.71,1.89666666666667,2.17666666666667,98.7157780404434,122.149640527813,1.46753333333333,1116972,833494
"2019-04-01",45538,79401,104.93016433093,109.015181844633,105.494505494506,4,73971.5753324377,317444.290500438,1.58333333333333,1.55333333333333,1.71,1.79333333333333,96.760693863208,121.013226813729,1.50846666666667,1109654,835593
"2019-07-01",46155,80408,105.460091152487,109.503213594066,106.210069000767,4.1,76135.5279580622,321145.377037771,1.16666666666667,1.16333333333333,1.31666666666667,1.28,96.0003833498387,122.642970461585,1.54223333333333,1121562,853578
"2019-10-01",46614,81713,106.079719418322,110.549653365624,106.721185790953,4.1,78252.3943786775,322409.191522246,1,0.97,1.15333333333333,1.34666666666667,95.0739545730441,125.146999571907,1.55326666666667,1138813,876636
"2020-01-01",46400,81874,106.961372746957,111.67146718813,107.538972655252,4.2,90193.4451204074,337079.210367515,0.75,0.803333333333333,1.05333333333333,1.28,94.7768584480721,128.132318501171,1.5768,1137865,905896
"2020-04-01",41121,73636,106.466764740383,111.569443181109,107.027855865065,4.1,97637.9523506818,348056.476858842,0.25,0.246666666666667,0.31,0.83,93.7322301376865,127.398894512855,1.621,1162422,905049
"2020-07-01",47170,83900,106.859653474275,111.538894753855,107.743419371326,5.2,105002.620869179,356623.420329222,0.25,0.206666666666667,0.296666666666667,0.716666666666667,96.699996805418,132.972287275566,1.5111,1190475,952239
"2020-10-01",48245,84328,107.284227266145,111.560503749218,108.254536161513,4.9,112182.633296704,361530.886394977,0.25,0.22,0.266666666666667,0.736666666666667,98.1343641184551,143.195446475788,1.45933333333333,1235178,1031784
"2021-01-01",50899,86695,107.988617622654,112.367595614748,109.174546383849,4.6,118452.226148608,364993.296713236,0.25,0.236666666666667,0.296666666666667,1.42,100.868926300994,154.914098108836,1.3901,1278639,1115898
"2021-04-01",51580,88470,109.21216100099,113.671303942119,110.605673396371,4,123228.664259935,368256.330069726,0.25,0.23,0.34,1.75,101.520621026739,158.432251139483,1.39806666666667,1319185,1174268
"2021-07-01",48716,86604,110.76857993555,116.170033175792,113.059033989267,3.3,131057.932358588,375297.219075768,0.25,0.213333333333333,0.503333333333333,1.70333333333333,102.63872472287,163.051405781773,1.42783333333333,1393493,1227636
"2021-10-01",51908,91078,112.102131115446,117.567907078757,114.694607717864,3.2,138250.115696714,386927.444445585,0.666666666666667,0.543333333333333,0.813333333333333,2.38666666666667,103.025269143533,170.197095892826,1.4392,1449014,1302103
"2022-01-01",55296,92870,114.043443039563,119.632398911693,116.73907487861,3.2,139260.59838092,389765.163245058,0.916666666666667,0.78,1.24333333333333,2.79,100.920039612817,164.56775200826,1.48006666666667,1476711,1273487
"2022-04-01",55056,95164,115.751496658752,121.14406577662,118.681318681319,3.3,137168.495912215,391022.009591363,1.83333333333333,1.57666666666667,2.23666666666667,3.69666666666667,100.626138069834,155.195270202211,1.53676666666667,1454530,1242592
"2022-07-01",56523,97751,118.002511110635,121.508471838833,121.236902632251,3.3,133383.964600732,392527.800015038,2.83333333333333,2.62666666666667,3.32666666666667,3.77,99.5910935054148,146.51049142555,1.62973333333333,1475642,1205647
"2022-10-01",57857,99615,120.002509551954,123.949569904452,122.974699718886,3.4,126548.382627699,393995.677030802,4,3.67333333333333,4.25666666666667,4.3,100.003194581989,141.613469819445,1.66216666666667,1503640,1189614
"2023-01-01",59017,100979,121.599291224406,125.870989127397,124.508050089445,3.4,122384.916593649,395305.341340814,4.58333333333333,4.38666666666667,4.99,4.26666666666667,100.958374596684,136.286387902596,1.58663333333333,1527440,1164064
"2023-04-01",59937,103202,122.7512515645,127.52019379824,125.83695374393,3.6,121118.06204933,401154.909480749,5.41666666666667,5.25,5.61333333333333,4.27333333333333,100.741143021436,133.349544206895,1.61626666666667,1524299,1156702
"2023-07-01",60014,104631,124.537370373066,129.276986070906,128.085867620751,3.9,119470.524348583,405457.548267424,5.5,5.42333333333333,5.66333333333333,4.86666666666667,101.338529853369,133.043583641812,1.6538,1538675,1177118
"2023-10-01",60588,103804,124.979884111233,128.228605821492,128.699207768975,4,118178.043153514,408053.256423061,5.5,5.39333333333333,5.64666666666667,5.09,101.958278759224,134.482338017174,1.65703333333333,1541248,1199602
"2024-01-01",61160,106271,125.642519572087,130.644345866839,129.516994633274,4.4,117472.467320359,411074.995714865,5.5,5.44333333333333,5.66333333333333,4.70333333333333,103.057214963422,133.656606481831,1.6314,1556687,1206453
"2024-04-01",61381,105916,126.213379341933,131.316509122856,130.02811142346,4.6,117927.288384826,414992.828216316,5.5,5.49666666666667,5.62333333333333,4.74,102.69942178066,,1.65183333333333,1543006,1198297
"2024-07-01",61707,106370,127.237443608479,133.009981247284,130.845898287759,4.8,,417659.237957162,5.5,5.38333333333333,5.3,4.30666666666667,102.459828131489,,1.65960019441031,1540194,1181646
"2024-10-01",62186,108284,128.125901737908,134.285913949208,131.56146179402,5.1,,425035.035244478,,4.63,4.44666666666667,4.5,,,,,
"2025-01-01",,,,,,,,430148.882437334,,3.975,3.84333333333333,4.63333333333333,,,,,
