"date","m1","bm","policy","cr_1d","bb_3m","gov_10y","reer","xr_usd"
"1957-01-01",,,,,,,,0.714287986064378
"1957-02-01",,,,,,,,0.714287986064378
"1957-03-01",,,,,,,,0.714287986064378
"1957-04-01",,,,,,,,0.714287986064378
"1957-05-01",,,,,,,,0.714287986064378
"1957-06-01",,,,,,,,0.714287986064378
"1957-07-01",,,,,,,,0.714287986064378
"1957-08-01",,,,,,,,0.714287986064378
"1957-09-01",,,,,,,,0.714287986064378
"1957-10-01",,,,,,,,0.714287986064378
"1957-11-01",,,,,,,,0.714287986064378
"1957-12-01",,,,,,,,0.714287986064378
"1958-01-01",,,,,,,,0.714287986064378
"1958-02-01",,,,,,,,0.714287986064378
"1958-03-01",,,,,,,,0.714287986064378
"1958-04-01",,,,,,,,0.714287986064378
"1958-05-01",,,,,,,,0.714287986064378
"1958-06-01",,,,,,,,0.714287986064378
"1958-07-01",,,,,,,,0.714287986064378
"1958-08-01",,,,,,,,0.714287986064378
"1958-09-01",,,,,,,,0.714287986064378
"1958-10-01",,,,,,,,0.714287986064378
"1958-11-01",,,,,,,,0.714287986064378
"1958-12-01",,,,,,,,0.714287986064378
"1959-01-01",,,,,,,,0.714287986064378
"1959-02-01",,,,,,,,0.714287986064378
"1959-03-01",,,,,,,,0.714287986064378
"1959-04-01",,,,,,,,0.714287986064378
"1959-05-01",,,,,,,,0.714287986064378
"1959-06-01",,,,,,,,0.714287986064378
"1959-07-01",,,,,,,,0.714287986064378
"1959-08-01",,,,,,,,0.714287986064378
"1959-09-01",,,,,,,,0.714287986064378
"1959-10-01",,,,,,,,0.714287986064378
"1959-11-01",,,,,,,,0.714287986064378
"1959-12-01",,,,,,,,0.714287986064378
"1960-01-01",,,,,,,,0.714287986064378
"1960-02-01",,,,,,,,0.714287986064378
"1960-03-01",,,,,,,,0.714287986064378
"1960-04-01",,,,,,,,0.714287986064378
"1960-05-01",,,,,,,,0.714287986064378
"1960-06-01",,,,,,,,0.714287986064378
"1960-07-01",,,,,,,,0.714287986064378
"1960-08-01",,,,,,,,0.714287986064378
"1960-09-01",,,,,,,,0.714287986064378
"1960-10-01",,,,,,,,0.714287986064378
"1960-11-01",,,,,,,,0.714287986064378
"1960-12-01",,,,,,,,0.714287986064378
"1961-01-01",,,,,,,,0.714287986064378
"1961-02-01",,,,,,,,0.714287986064378
"1961-03-01",,,,,,,,0.714287986064378
"1961-04-01",,,,,,,,0.714287986064378
"1961-05-01",,,,,,,,0.714287986064378
"1961-06-01",,,,,,,,0.714287986064378
"1961-07-01",,,,,,,,0.714287986064378
"1961-08-01",,,,,,,,0.714287986064378
"1961-09-01",,,,,,,,0.714287986064378
"1961-10-01",,,,,,,,0.719189999
"1961-11-01",,,,,,,,0.719193999719194
"1961-12-01",,,,,,,,0.719193999719194
"1962-01-01",,,,,,,,0.719193999719194
"1962-02-01",,,,,,,,0.719193999719194
"1962-03-01",,,,,,,,0.719193999719194
"1962-04-01",,,,,,,,0.719193999719194
"1962-05-01",,,,,,,,0.719193999719194
"1962-06-01",,,,,,,,0.719193999719194
"1962-07-01",,,,,,,,0.719193999719194
"1962-08-01",,,,,,,,0.719193999719194
"1962-09-01",,,,,,,,0.719193999719194
"1962-10-01",,,,,,,,0.719193999719194
"1962-11-01",,,,,,,,0.719193999719194
"1962-12-01",,,,,,,,0.719193999719194
"1963-01-01",,,,,,,,0.719193999719194
"1963-02-01",,,,,,,,0.719193999719194
"1963-03-01",,,,,,,,0.719193999719194
"1963-04-01",,,,,,,,0.719193999719194
"1963-05-01",,,,,,,,0.719193999719194
"1963-06-01",,,,,,,,0.719193999719194
"1963-07-01",,,,,,,,0.719193999719194
"1963-08-01",,,,,,,,0.719193999719194
"1963-09-01",,,,,,,,0.719193999719194
"1963-10-01",,,,,,,,0.719193999719194
"1963-11-01",,,,,,,,0.719193999719194
"1963-12-01",,,,,,,,0.719193999719194
"1964-01-01",,,,,,,,0.719193999719194
"1964-02-01",,,,,,,,0.719193999719194
"1964-03-01",,,,,,,,0.719193999719194
"1964-04-01",,,,,,,,0.719193999719194
"1964-05-01",,,,,,,,0.719193999719194
"1964-06-01",,,,,,,,0.719193999719194
"1964-07-01",,,,,,,,0.719193999719194
"1964-08-01",,,,,,,,0.719193999719194
"1964-09-01",,,,,,,,0.719193999719194
"1964-10-01",,,,,,,,0.719193999719194
"1964-11-01",,,,,,,,0.719193999719194
"1964-12-01",,,,,,,,0.719193999719194
"1965-01-01",,,,,,,,0.719193999719194
"1965-02-01",,,,,,,,0.719193999719194
"1965-03-01",,,,,,,,0.719193999719194
"1965-04-01",,,,,,,,0.719193999719194
"1965-05-01",,,,,,,,0.719193999719194
"1965-06-01",,,,,,,,0.719193999719194
"1965-07-01",,,,,,,,0.719193999719194
"1965-08-01",,,,,,,,0.719193999719194
"1965-09-01",,,,,,,,0.719193999719194
"1965-10-01",,,,,,,,0.719193999719194
"1965-11-01",,,,,,,,0.719193999719194
"1965-12-01",,,,,,,,0.719193999719194
"1966-01-01",,,,,,,,0.719193999719194
"1966-02-01",,,,,,,,0.719193999719194
"1966-03-01",,,,,,,,0.719193999719194
"1966-04-01",,,,,,,,0.719193999719194
"1966-05-01",,,,,,,,0.719193999719194
"1966-06-01",,,,,,,,0.719193999719194
"1966-07-01",,,,,,,,0.719193999719194
"1966-08-01",,,,,,,,0.719193999719194
"1966-09-01",,,,,,,,0.719193999719194
"1966-10-01",,,,,,,,0.719193999719194
"1966-11-01",,,,,,,,0.719193999719194
"1966-12-01",,,,,,,,0.719193999719194
"1967-01-01",,,,,,,,0.719193999719194
"1967-02-01",,,,,,,,0.719193999719194
"1967-03-01",,,,,,,,0.719193999719194
"1967-04-01",,,,,,,,0.719193999719194
"1967-05-01",,,,,,,,0.719193999719194
"1967-06-01",,,,,,,,0.719193999719194
"1967-07-01",,,,,,,,0.719193999719194
"1967-08-01",,,,,,,,0.719193999719194
"1967-09-01",,,,,,,,0.719193999719194
"1967-10-01",,,,,,,,0.719193999719194
"1967-11-01",,,,,,,,0.719189999
"1967-12-01",,,,,,,,0.892856999892857
"1968-01-01",,,,,,,,0.892856999892857
"1968-02-01",,,,,,,,0.892856999892857
"1968-03-01",,,,,,,,0.892856999892857
"1968-04-01",,,,,,,,0.892856999892857
"1968-05-01",,,,,,,,0.892856999892857
"1968-06-01",,,,,,,,0.892856999892857
"1968-07-01",,,,,,,,0.892856999892857
"1968-08-01",,,,,,,,0.892856999892857
"1968-09-01",,,,,,,,0.892856999892857
"1968-10-01",,,,,,,,0.892856999892857
"1968-11-01",,,,,,,,0.892856999892857
"1968-12-01",,,,,,,,0.892856999892857
"1969-01-01",,,,,,,,0.892856999892857
"1969-02-01",,,,,,,,0.892856999892857
"1969-03-01",,,,,,,,0.892856999892857
"1969-04-01",,,,,,,,0.892856999892857
"1969-05-01",,,,,,,,0.892856999892857
"1969-06-01",,,,,,,,0.892856999892857
"1969-07-01",,,,,,,,0.892856999892857
"1969-08-01",,,,,,,,0.892856999892857
"1969-09-01",,,,,,,,0.892856999892857
"1969-10-01",,,,,,,,0.892856999892857
"1969-11-01",,,,,,,,0.892856999892857
"1969-12-01",,,,,,,,0.892856999892857
"1970-01-01",,,,,,,,0.892856999892857
"1970-02-01",,,,,,,,0.892856999892857
"1970-03-01",,,,,,,,0.892856999892857
"1970-04-01",,,,,,,,0.892856999892857
"1970-05-01",,,,,,,,0.892856999892857
"1970-06-01",,,,,,,,0.892856999892857
"1970-07-01",,,,,,,,0.892856999892857
"1970-08-01",,,,,,,,0.892856999892857
"1970-09-01",,,,,,,,0.892856999892857
"1970-10-01",,,,,,,,0.892856999892857
"1970-11-01",,,,,,,,0.892856999892857
"1970-12-01",,,,,,,,0.892856999892857
"1971-01-01",,,,,,,,0.892856999892857
"1971-02-01",,,,,,,,0.892856999892857
"1971-03-01",,,,,,,,0.892856999892857
"1971-04-01",,,,,,,,0.892856999892857
"1971-05-01",,,,,,,,0.892856999892857
"1971-06-01",,,,,,,,0.892856999892857
"1971-07-01",,,,,,,,0.892856999892857
"1971-08-01",,,,,,,,0.892859999
"1971-09-01",,,,,,,,0.868055555555556
"1971-10-01",,,,,,,,0.860585198675202
"1971-11-01",,,,,,,,0.859106529209622
"1971-12-01",,,,,,,,0.836680053547523
"1972-01-01",,,,,,,,0.836680053547523
"1972-02-01",,,,,,,,0.836680053547523
"1972-03-01",,,,,,,,0.836680053547523
"1972-04-01",,,,,,,,0.836680053547523
"1972-05-01",,,,,,,,0.836680053547523
"1972-06-01",,,,,,,,0.836680053547523
"1972-07-01",,,,,,,,0.836680053547523
"1972-08-01",,,,,,,,0.836680053547523
"1972-09-01",,,,,,,,0.836680053547523
"1972-10-01",,,,,,,,0.836680053547523
"1972-11-01",,,,,,,,0.836680053547523
"1972-12-01",,,,,,,,0.836680053547523
"1973-01-01",,,,,,,,0.836680053547523
"1973-02-01",,,,,,,,0.753465943907072
"1973-03-01",,,,,,,,0.753465943907072
"1973-04-01",,,,,,,,0.753465943907072
"1973-05-01",,,,,,,,0.753465943907072
"1973-06-01",,,,,,,,0.753465943907072
"1973-07-01",,,,,,,,0.739644970961276
"1973-08-01",,,,,,,,0.744269127716582
"1973-09-01",,,,,,,,0.693818080899188
"1973-10-01",,,,,,,,0.675675676132213
"1973-11-01",,,,,,,,0.686247598133407
"1973-12-01",,,,,,,,0.698080279232112
"1974-01-01",,,,,,,,0.720928555980102
"1974-02-01",,,,,,,,0.709874352743575
"1974-03-01",,,,,,,,0.696524343525806
"1974-04-01",,,,,,,,0.687237990516116
"1974-05-01",,,,,,,,0.682826903379993
"1974-06-01",,,,,,,,0.687616035678757
"1974-07-01",,,,,,,,0.689655172889417
"1974-08-01",,,,,,,,0.698665549289922
"1974-09-01",,,,,,,,0.714285714285714
"1974-10-01",,,,,,,,0.767106474967096
"1974-11-01",,,,,,,,0.76645972254158
"1974-12-01",,,,,,,,0.763650248186331
"1975-01-01",,,,,,,,0.756372437788367
"1975-02-01",,,,,,,,0.747272456095705
"1975-03-01",,,,,,,,0.74139976330175
"1975-04-01",,,,,,,,0.751089079728924
"1975-05-01",,,,,,,,0.756258035813551
"1975-06-01",,,,,,,,0.76126674844798
"1975-07-01",,,,,,,,0.780274656679151
"1975-08-01",,,,,,,,0.890709896580306
"1975-09-01",,,,,,,,0.943396227305091
"1975-10-01",,,,,,,,0.950209045990118
"1975-11-01",,,,,,,,0.950389660663742
"1975-12-01",,,,,,,,0.959048624684999
"1976-01-01",,,,,,,,0.956571647216376
"1976-02-01",,,,,,,,0.954562811144103
"1976-03-01",,,,,,,,0.971628449280995
"1976-04-01",,,,,,,,0.993443275375962
"1976-05-01",,,,,,,,1.00290843445993
"1976-06-01",,,,,,,,1.01440454453236
"1976-07-01",,,,,,,,1.00532824068094
"1976-08-01",,,,,,,,0.998701687805852
"1976-09-01",,,,,,,,1.00644122484545
"1976-10-01",,,,,,,,1.03241792384103
"1976-11-01",,,,,,,,1.04047445743468
"1976-12-01",,,,,,,,1.08178277918843
"1977-01-01",,,,,,,,1.05053051901516
"1977-02-01",,,,,,,,1.04832791807142
"1977-03-01",,,,,,,,1.04329681903317
"1977-04-01",,,,,,,,1.03863730893087
"1977-05-01",,,,,,,,1.03993344534103
"1977-06-01",,,,,,,,1.03669915098144
"1977-07-01",,,,,,,,1.02827763601879
"1977-08-01",,,,,,,,1.03050288647002
"1977-09-01",,,,,,,,1.03103412829264
"1977-10-01",,,,,,,,1.0178
"1977-11-01",,,,,,,,1.005099999
"1977-12-01",,,,,,,,0.993599999
"1978-01-01",,,,,,,,0.979499999
"1978-02-01",,,,,,,,0.975199999
"1978-03-01",,,,,,,,0.976699999
"1978-04-01",,,,,,,,0.979499999
"1978-05-01",,,,,,,,0.991299999
"1978-06-01",,,,,,,,0.980199999
"1978-07-01",,,,,,,,0.963019999
"1978-08-01",,,,,,,,0.952019999
"1978-09-01",,,,,,,,0.945999999
"1978-10-01",,,,,,,,0.932049999
"1978-11-01",,,,,,,,0.949509999
"1978-12-01",,,,,,,,0.948099999
"1979-01-01",,,,,,,,0.944099999
"1979-02-01",,,,,,,,0.948319999
"1979-03-01",,,,,,,,0.948139999
"1979-04-01",,,,,,,,0.952009999
"1979-05-01",,,,,,,,0.957399999
"1979-06-01",,,,,,,,0.965809999
"1979-07-01",,,,,,,,0.979999999
"1979-08-01",,,,,,,,0.985709999
"1979-09-01",,,,,,,,0.995719999
"1979-10-01",,,,,,,,1.013779999
"1979-11-01",,,,,,,,1.031669999
"1979-12-01",,,,,,,,1.019369999
"1980-01-01",,,,,,,,1.012659999
"1980-02-01",,,,,,,,1.01999
"1980-03-01",,,,,,,,1.046029999
"1980-04-01",,,,,,,,1.052849999
"1980-05-01",,,,,,,,1.023229999
"1980-06-01",,,,,,,,1.012249999
"1980-07-01",,,,,,,,1.013169999
"1980-08-01",,,,,,,,1.023
"1980-09-01",,,,,,,,1.016879999
"1980-10-01",,,,,,,,1.019199999
"1980-11-01",,,,,,,,1.032899999
"1980-12-01",,,,,,,,1.047999999
"1981-01-01",,,,,,,,1.039389999
"1981-02-01",,,,,,,,1.068599999
"1981-03-01",,,,,,,,1.08589
"1981-04-01",,,,,,,,1.10583
"1981-05-01",,,,,,,,1.133399999
"1981-06-01",,,,,,,,1.16455
"1981-07-01",,,,,,,,1.192459999
"1981-08-01",,,,,,,,1.214189999
"1981-09-01",,,,,,,,1.208759999
"1981-10-01",,,,,,,,1.212419999
"1981-11-01",,,,,,,,1.203079999
"1981-12-01",,,,,,,,1.204969999
"1982-01-01",,,,,,,,1.228699999
"1982-02-01",,,,,,,,1.259399999
"1982-03-01",,,,,,,,1.285349999
"1982-04-01",,,,,,,,1.305349999
"1982-05-01",,,,,,,,1.298259999
"1982-06-01",,,,,,,,1.332559999
"1982-07-01",,,,,,,,1.349949999
"1982-08-01",,,,,,,,1.365749999
"1982-09-01",,,,,,,,1.379119999
"1982-10-01",,,,,,,,1.398389999
"1982-11-01",,,,,,,,1.406269999
"1982-12-01",,,,,,,,1.382199999
"1983-01-01",,,,,,,,1.372709999
"1983-02-01",,,,,,,,1.390649999
"1983-03-01",,,,,,,,1.495889999
"1983-04-01",,,,,,,,1.524859999
"1983-05-01",,,,,,,,1.508519999
"1983-06-01",,,,,,,,1.522069999
"1983-07-01",,,,,,,,1.527879999
"1983-08-01",,,,,,,,1.533979999
"1983-09-01",,,,,,,,1.526869999
"1983-10-01",,,,,,,,1.507369999
"1983-11-01",,,,,,,,1.517909999
"1983-12-01",,,,,,,,1.532569999
"1984-01-01",,,,,,,,1.541069999
"1984-02-01",,,,,,,,1.519989999
"1984-03-01",,,,,,,,1.496559999
"1984-04-01",,,,,,,,1.515149999
"1984-05-01",,,,,,,,1.539409999
"1984-06-01",,,,,,,,1.55521
"1984-07-01",,,,,,,,1.807669999
"1984-08-01",,,,,,,,2.003209999
"1984-09-01",,,,,,,,2.03874
"1984-10-01",,,,,,,,2.056339999
"1984-11-01",,,,,,,,2.027159999
"1984-12-01",,,,,,,,2.067399999
"1985-01-01",,,15.7,14.89,17.31,,,2.12269
"1985-02-01",,,54.3,20.3,20.27,,,2.20216
"1985-03-01",,,21.5,67.32,26.47,17.43,,2.20848
"1985-04-01",,,19,17.43,22.07,17.73,,2.19684
"1985-05-01",,,23.7,21.2,24.25,18.71,,2.21288
"1985-06-01",,,21.2,21.75,23.73,17.24,,2.18245
"1985-07-01",,,22.5,22.41,24.02,17.3,,2.01979
"1985-08-01",,,42,23.31,26.13,17.83,,1.871259999
"1985-09-01",,,50,24.64,27.2,18.27,,1.875119999
"1985-10-01",,,21,23.58,26.57,18.62,,1.749129999
"1985-11-01",,,22.5,20.6,22.03,17.38,,1.7452
"1985-12-01",,,19,19.49,19.61,16.93,,1.894469999
"1986-01-01",,,20,17.21,22.26,17.98,,1.94117
"1986-02-01",,,21.3,19.06,23.52,18.48,,1.875119999
"1986-03-01",,,21,19.45,22.39,17.87,,1.897049999
"1986-04-01",,,20.75,21.23,21.54,17.64,,1.7975
"1986-05-01",,,16.3,17.86,17.77,15.65,,1.76595
"1986-06-01",,,16.75,14.66,15.31,15.07,,1.842189999
"1986-07-01",,,15.4,15.35,16.45,15.94,,1.8728
"1986-08-01",,,15.5,15.72,16.49,16.07,,1.99148
"1986-09-01",,,15.6,14.5,16.03,15.64,,2.0856
"1986-10-01",,,17.7,16.3,16.28,15.25,,1.98962
"1986-11-01",,,18.9,18.27,18.19,15.58,,1.94492
"1986-12-01",,,27,22.74,22.67,16.2,,1.95453
"1987-01-01",,,26.25,23.3,23.51,16,,1.87423
"1987-02-01",,,24.75,25.42,25.23,16.44,,1.83041
"1987-03-01",,,34,27.2,26.06,16.76,,1.77491
"1987-04-01",,,27.8,31.13,26.35,16,,1.73363
"1987-05-01",,,20.85,22.57,22.51,15.7,,1.7331
"1987-06-01",,,19.5,18.98,19.22,15.49,,1.70306
"1987-07-01",,,19,17.91,18.46,15.58,,1.67616
"1987-08-01",,,17.5,16.63,18.1,15.65,,1.70183
"1987-09-01",,,17.5,18.31,19.09,15.67,,1.5825
"1987-10-01",,,21.15,20.13,19.77,15.65,,1.5586
"1987-11-01",,,16.77,18.02,18.21,15.17,,1.6197
"1987-12-01",,,15.75,16.33,16.81,14.41,,1.5466
"1988-01-01",,,16.5,15.34,16.97,14.13,,1.51768
"1988-02-01",,,16.78,16.7,16.76,13.66,,1.50693
"1988-03-01",8027.08604472037,35589.4342114594,19.25,15.5,15.99,13.05,,1.50647
"1988-04-01",7818.85565122658,35006.1940572562,22.47,17.76,15.9,12.95,,1.51286
"1988-05-01",7857.96324141974,34575.1935722063,12.71,17.18,16.21,12.78,,1.4518
"1988-06-01",7954.73458768064,35545.2869209038,15.31,15.94,15.86,12.81,,1.42674
"1988-07-01",7748.25872771164,35546.2664169169,17.17,15.08,14.99,12.69,,1.49454
"1988-08-01",7907.83317083153,35526.9740155521,15.26,14.42,14.5,12.74,,1.53775
"1988-09-01",8313.15334767714,34666.8946354387,14.42,14.27,14.42,12.76,,1.62549
"1988-10-01",8345.10858074113,35932.4760847745,14,14.68,14.26,12.82,,1.61031
"1988-11-01",8102.7414584361,35174.4854463366,14.47,13.28,14.34,13.2,,1.55933
"1988-12-01",8099.50986563651,35696.8243475244,13.44,13.1,14.51,13.8,,1.56691
"1989-01-01",8623.99002992791,35557.4984752293,12.5,13.36,13.8,13.38,,1.59847
"1989-02-01",8632.09030471944,37117.002217116,13.53,13.74,13.4,13.1,,1.62285
"1989-03-01",8729.83866095572,36652.7525464022,13.25,12.8,13.32,13.23,,1.62311
"1989-04-01",9002.00371873828,36515.569590659,14.5,14.02,13.34,13.3,,1.63292
"1989-05-01",8857.17471737391,36642.981484368,12.96,13.74,13.49,13.22,,1.64554
"1989-06-01",9004.55431110614,37434.7060088567,13.7,13.4,13.52,13.1,,1.73883
"1989-07-01",8984.63881880094,37797.1632478657,13.62,13.13,13.4,12.95,,1.73792
"1989-08-01",8998.40775846383,38053.5204643649,14.23,13.13,12.98,12.23,,1.69147
"1989-09-01",9641.20696229749,38459.4734956399,15.25,13.73,13.42,12.23,,1.68947
"1989-10-01",9701.28388959265,38468.3780323136,12,13.23,13.85,12.46,,1.703
"1989-11-01",9860.62124274033,38588.1739147329,15.21,13.29,13.88,12.31,,1.70068
"1989-12-01",9651.70960505577,38052.8251797235,13.5,13.18,14.07,12.44,,1.68152
"1990-01-01",9956.22945695838,38597.1419326322,13.88,13.51,13.9,12.26,,1.6581
"1990-02-01",9867.616309427,38595.2480800632,12.5,13.73,13.83,12.1,,1.68919
"1990-03-01",9828.18686443267,38666.3385637583,12.98,13.12,13.69,12.21,,1.70882
"1990-04-01",9980.82018095536,39524.0314629964,13,13.23,13.59,12.38,,1.72592
"1990-05-01",10036.1024470821,39484.4779969332,14.75,12.82,13.48,12.34,,1.74338
"1990-06-01",10277.6350079789,39018.3422165562,13.35,13.69,13.82,12.16,,1.71674
"1990-07-01",10227.7905508062,38760.560969291,14,13.45,13.74,12.08,,1.69005
"1990-08-01",10814.9407633038,39893.5834372431,13.5,14.55,14.49,12.71,,1.63106
"1990-09-01",9929.81548025362,40525.7013348301,13.88,13.87,14.63,12.87,,1.60901
"1990-10-01",9607.61406216728,40422.6727075046,12.5,13.98,14.53,12.92,,1.63212
"1990-11-01",9795.2511360233,41128.3910171124,12.5,13.41,13.98,12.96,,1.63613
"1990-12-01",9756.60663597014,42681.581150815,11.25,11.63,13.03,12.35,,1.67392
"1991-01-01",9459.1121106142,41801.105181295,11.15,11.75,12.37,12.14,,1.67983
"1991-02-01",9851.77900964387,41552.404018255,12,11.75,11.95,11.46,,1.66113
"1991-03-01",9591.99113628458,41276.8842108211,12,11.77,11.95,11.29,,1.68095
"1991-04-01",9138.28932597237,41429.0319761174,10.4,11.11,11.35,10.79,,1.69578
"1991-05-01",9480.16281764199,41843.7881512831,10.2,10.29,10.08,9.99,,1.70358
"1991-06-01",9176.48599269591,42723.7414065868,10.05,10.12,9.85,9.8,,1.7328
"1991-07-01",9358.7677613801,42167.3996368446,9.75,9.98,9.65,9.76,,1.76211
"1991-08-01",9365.76327464187,42066.8189347131,9.4,9.54,9.44,9.93,,1.74201
"1991-09-01",9465.05331708757,42214.7863185774,7.6,8.92,8.9,9.44,,1.72409
"1991-10-01",9499.71153281264,42938.7764751386,8.3,7.96,8.04,8.89,,1.79356
"1991-11-01",9587.02349894521,42740.3319948775,8.25,8.28,8.18,8.86,,1.77825
"1991-12-01",9903.19153683524,43382.0207342672,7.2,7.75,7.83,8.97,,1.84808
"1992-01-01",9563.93825699685,44293.0439830525,7.2,7.31,7.43,8.98,,1.8474
"1992-02-01",9628.1374865034,44939.0026060552,7.3,7.28,7.48,9.32,,1.87457
"1992-03-01",9824.56554217297,45807.2014968272,6.8,7.04,7.34,9.06,,1.82442
"1992-04-01",9608.16054667861,45491.9180800379,6.7,6.81,7.07,8.96,,1.844
"1992-05-01",9637.78650023061,45333.9343830828,6.8,6.75,6.83,8.78,,1.8667
"1992-06-01",9734.0753151216,44738.0824746576,6.5,6.69,6.77,8.61,,1.844
"1992-07-01",9852.76534176879,45139.1094323419,6.2,6.18,6.18,7.97,,1.8305
"1992-08-01",9699.62301611459,45187.1331757953,6.2,6.08,6.14,7.87,,1.85529
"1992-09-01",9600.81695256772,45429.9847637135,6.45,6.26,6.26,7.93,,1.84824
"1992-10-01",9525.85188032062,45514.2319738791,6.1,6.15,6.23,7.83,,1.85165
"1992-11-01",9579.40087114533,46173.2135443869,6.05,6.04,6.16,7.69,,1.91905
"1992-12-01",9732.74890503934,45545.8399832802,8.45,7.01,6.87,7.82,,1.93568
"1993-01-01",9734.45076392241,45724.6721352651,7.75,10.07,7.87,7.86,,1.94856
"1993-02-01",9819.33959092538,45930.206041254,7.5,7.57,7.53,7.79,,1.93874
"1993-03-01",9336.07354457476,45630.7735042588,6.8,7.06,7.24,7.45,,1.88743
"1993-04-01",9700.02860278837,46387.2729903012,6.6,6.91,7.15,7.32,,1.85316
"1993-05-01",9754.89434984574,46854.1630708002,6.05,6.26,6.58,7.27,,1.84196
"1993-06-01",9687.4033858368,47225.1399093255,5.75,5.91,6.42,7.33,,1.85288
"1993-07-01",9873.90646051039,49029.1632189747,5.05,5.26,5.7,6.94,,1.82548
"1993-08-01",9987.19613625737,48613.1899125502,5.15,5.28,5.62,6.55,,1.80874
"1993-09-01",9757.46589207657,48435.7378033161,5.2,4.9,5.3,6.27,,1.81324
"1993-10-01",10340.0723784374,48680.5548122978,4.9,5.12,5.45,6.12,,1.80963
"1993-11-01",10818.9214283912,49079.3799068856,6.1,5.91,5.85,6.23,,1.82648
"1993-12-01",10464.4294919968,49218.6869615558,4.8,4.8,5.25,6.08,,1.79986
"1994-01-01",10609.1481758496,48128.5522242231,6,4.54,4.66,5.69,83.7523560042168,1.77715
"1994-02-01",10464.6718980709,49340.1089078476,6,4.32,4.64,5.81,83.8290259719516,1.74064
"1994-03-01",10425.7244173981,50928.8115630918,9.5,5.7,5.43,6.29,82.7748139155991,1.74825
"1994-04-01",10758.5047590954,50412.1825143999,6.1,6.5,6.39,7.01,81.9601955084177,1.75623
"1994-05-01",10800.0697205171,50875.953049721,4.9,5.29,5.99,7.19,83.4169248953774,1.71321
"1994-06-01",10998.6835996707,51099.3376226567,6.3,5.16,6.07,7.48,84.0207008912884,1.69062
"1994-07-01",10965.7602346068,51364.0748752317,6.1,6.39,7.08,8.09,84.4232182218957,1.66611
"1994-08-01",11131.492406823,51557.7535819207,5.75,5.9,7.06,8.2,84.4423857138294,1.66234
"1994-09-01",11112.6068231526,51830.9852833063,6.5,6.41,7.49,9.05,84.1452895888573,1.65837
"1994-10-01",11231.0352256701,52025.7563868826,7.5,7.13,8.01,8.99,84.7107306009009,1.64285
"1994-11-01",11244.2928116162,52464.0021633626,7.7,7.44,8.47,9.09,86.2441299555953,1.61238
"1994-12-01",11109.5831511603,53549.2744515988,8.3,8.39,9.53,8.68,88.9467463182443,1.57011
"1995-01-01",11225.0660159581,54246.7056990443,8.3,8.41,9.29,8.59,89.1767562214484,1.56006
"1995-02-01",11189.0330393313,55204.4742806085,9,8.8,9.37,8.58,88.5346452416701,1.5755
"1995-03-01",10936.5451211267,55365.2017173522,9,9.15,9.42,8.38,88.5538127336038,1.5475
"1995-04-01",11333.849000541,55909.778576897,8.9,8.99,9.23,7.87,89.3492636488515,1.4981
"1995-05-01",11374.9415623741,56051.2524410062,9.05,8.98,9.1,7.44,89.981790882663,1.4968
"1995-06-01",11526.2652128918,56452.1971678881,9,9,9.04,7.48,90.2022170399003,1.49321
"1995-07-01",11390.4644825171,56359.8150708707,8.9,8.87,8.84,7.61,90.9880842091812,1.48359
"1995-08-01",11278.2534235061,57048.3367264366,9.65,9.08,9.03,7.94,90.1447145640993,1.51988
"1995-09-01",11147.7253477701,57872.8206598844,9.45,9.52,9.22,7.78,90.5855668785739,1.5258
"1995-10-01",11465.3408476514,58669.2068127079,8.35,8.87,8.69,7.32,90.5759831326071,1.51745
"1995-11-01",11609.4444425913,59621.4281571449,8.5,8.48,8.31,7.17,90.5472318947066,1.53233
"1995-12-01",12089.0203382871,59916.8618197294,9,8.69,8.56,7.19,90.6239018624413,1.5363
"1996-01-01",11938.8211156287,60006.7615123651,8.45,8.78,8.61,7.06,92.8760821646487,1.5138
"1996-02-01",11955.4183788779,60541.0209862941,9.1,8.55,8.51,7.22,94.2561415838737,1.4808
"1996-03-01",12105.0759765951,61483.06011407,9.15,9.07,8.86,7.82,94.6299076765805,1.46965
"1996-04-01",12162.569966675,62177.2087241309,9.55,9.28,9.22,8.25,94.543653962879,1.46546
"1996-05-01",12040.4517223229,64339.6939213632,9.5,9.68,9.82,8.52,94.8311663418842,1.45804
"1996-06-01",12029.3287012555,64619.3245607779,9.8,9.53,10.04,8.83,94.1315528863048,1.47907
"1996-07-01",11834.323050127,64490.6821313681,10,9.86,10.12,8.55,96.0770533175734,1.45033
"1996-08-01",11999.1173723318,64705.9574314846,9.9,9.91,9.87,8.17,95.8182921764687,1.45201
"1996-09-01",12080.2728986245,65299.3479700055,10.05,9.98,9.9,8.29,97.0450116602243,1.43678
"1996-10-01",12203.21557339,67907.9384716315,9.45,10,9.61,7.64,98.3292336197808,1.42735
"1996-11-01",12270.6239459014,66641.4129098016,9.4,9.44,8.97,7.16,99.2013545027633,1.40845
"1996-12-01",12371.4152417416,66445.0761319385,7.9,8.4,8.08,7.22,98.9425933616586,1.41643
"1997-01-01",12432.8880744294,67093.9645673988,7.4,7.63,7.55,7.34,99.7380442769064,1.4247
"1997-02-01",12566.3777480532,67008.882611021,7.4,7.31,7.46,7.34,99.7476280228732,1.44676
"1997-03-01",12776.3812131849,67204.43915909,7.5,7.44,7.58,7.78,100.389739002652,1.43225
"1997-04-01",12701.2896682296,68368.2449150525,6.35,7.15,7.49,8.1,99.9297191962432,1.4453
"1997-05-01",12963.6166588051,68147.329817425,7,6.57,7.02,7.62,99.0767658051944,1.4451
"1997-06-01",12971.3900678581,68342.0329066703,6.55,6.67,6.96,7.13,98.7509184423218,1.45433
"1997-07-01",13185.4341909365,69078.2848904969,8.1,7.77,7.79,6.81,96.4412356643133,1.50989
"1997-08-01",13213.5279423885,70549.7804112413,7.8,8.1,8.34,7.05,95.0132575152541,1.55618
"1997-09-01",13210.1860937899,71665.7152259111,7.5,7.87,8.06,6.88,94.8503338338178,1.57282
"1997-10-01",13203.9849309457,70808.9760597719,7.5,7.34,7.76,6.64,95.1665974507236,1.57011
"1997-11-01",13237.8688021844,71259.4604599542,6.9,7.11,7.6,6.65,95.1570137047567,1.60385
"1997-12-01",13258.2185773309,71410.0044171341,8.35,7.64,8.3,6.96,93.9207104750343,1.68776
"1998-01-01",13327.7010933912,72899.9386778032,8.6,8.66,8.89,6.74,93.8440405072996,1.72838
"1998-02-01",13370.2356844891,72158.8842946394,8.9,8.77,8.95,6.83,92.3873111203399,1.71779
"1998-03-01",13085.6866701332,72509.390154088,10.1,8.6,9,6.93,90.7580743059771,1.74467
"1998-04-01",13295.0802930483,72398.5426112539,9,9.16,9.26,6.82,88.0937929271955,1.80807
"1998-05-01",13329.2525911195,72782.1763883159,8.65,8.6,8.88,6.66,86.8574896974731,1.85635
"1998-06-01",13839.0275495735,72888.910503052,8.45,8.91,9.15,6.6,84.940740504105,1.96045
"1998-07-01",13439.7841847188,72811.1870458964,6.9,7.1,7.75,6.25,85.9853688144906,1.92752
"1998-08-01",13907.8810877643,72117.385915294,6,5.98,6.79,6.17,84.6244768871993,1.99252
"1998-09-01",14224.0407179599,71507.4503104314,4.5,5.43,5.79,6.02,82.8227326454333,1.98263
"1998-10-01",14480.821814724,72195.6321391746,3.85,4.07,4.85,5.46,81.9026930326167,1.91412
"1998-11-01",14889.5354407411,73418.0980775003,2.9,3.56,4.5,5.59,82.9281538510686,1.87283
"1998-12-01",15070.5463033005,72091.4490447808,3.85,3.49,4.38,5.38,81.0593233875347,1.91366
"1999-01-01",15171.1624326111,73585.8999746659,2.75,3.35,4.47,5.53,82.6885602018976,1.85475
"1999-02-01",15563.2946392585,75197.7810638741,4.3,3.3,4.3,5.62,84.279462032393,1.83692
"1999-03-01",15759.7208888608,74279.2306356183,4.5,4.07,4.59,5.84,83.6756860364821,1.87925
"1999-04-01",15415.0297406369,73414.4803594932,4.5,4.5,4.64,5.7,84.8544867904035,1.8426895897
"1999-05-01",16198.464067964,72170.4748203416,4.5,4.5,4.67,6.12,85.9374500846564,1.8090192531
"1999-06-01",16448.7637913272,73451.6553755749,4.5,4.54,4.74,6.51,83.3594224195764,1.8771872584
"1999-07-01",16932.6849973308,74875.1766358919,4.5,4.51,4.72,6.54,82.4010478228924,1.8984665568
"1999-08-01",17236.9202843862,75411.6599228301,4.5,4.5,4.77,6.88,81.6343481455452,1.8971241323
"1999-09-01",17505.4057843902,75652.5881623016,4.5,4.5,4.94,6.91,80.2542887263202,1.91408
"1999-10-01",17840.1208451863,75517.1404208495,4.5,4.5,5.1,7.11,78.3758745168195,1.94234
"1999-11-01",17184.0531792737,75400.9533641018,5,4.71,5.35,7.02,78.6825543877584,1.95148
"1999-12-01",17372.0804691533,76280.0242174682,5,5,5.67,7.17,78.0596108999137,1.97206
"2000-01-01",17514.5289734109,75619.4777299745,5.25,5.12,5.68,7.48,78.5771331821231,1.94508
"2000-02-01",17342.5257413428,76100.0095842832,5.25,5.26,5.93,7.31,76.6220490048877,2.03497
"2000-03-01",17523.8061730509,75385.5953585325,5.75,5.51,6.26,7.06,77.1683225249976,2.03913
"2000-04-01",17897.8187730558,76007.5637864601,6,5.82,6.49,6.84,78.6729706417915,2.01254
"2000-05-01",16927.0847865213,76261.6097539088,6.5,6.24,6.77,7.1,76.0853592307447,2.12206
"2000-06-01",17327.0809811005,75580.0848567856,6.5,6.5,6.88,6.85,75.1269846340606,2.12804
"2000-07-01",18069.0688939134,76459.6877495587,6.5,6.5,6.83,6.73,74.1877775293103,2.1697
"2000-08-01",17232.5195853745,76974.8659793799,6.5,6.5,6.74,6.68,72.462703255279,2.24017
"2000-09-01",17743.5431472067,77629.7747940513,6.5,6.5,6.66,6.74,69.2329808644539,2.3879
"2000-10-01",17957.8314361677,77439.5737998448,6.5,6.5,6.65,6.7,67.9583426508641,2.49248
"2000-11-01",18103.4626237012,77450.4131177694,6.5,6.5,6.64,6.59,68.2937737597035,2.50764
"2000-12-01",18583.8176835687,77952.3278472453,6.5,6.51,6.71,6.15,72.2806120819091,2.33408
"2001-01-01",18759.0228166687,78319.963511678,6.5,6.5,6.53,6.06,74.2165287672108,2.25
"2001-02-01",19056.6168847473,78577.1179436013,6.5,6.5,6.48,6.04,73.2389866785931,2.29834
"2001-03-01",20289.1245933158,79936.0471938083,6.25,6.35,6.25,5.95,72.1943583682075,2.38482
"2001-04-01",20064.5741808834,80256.2822780533,6,6.15,5.97,6.26,70.9101364086509,2.45932
"2001-05-01",20062.4853094929,80901.416932569,5.75,5.87,5.79,6.62,73.2006516947257,2.36923
"2001-06-01",20109.6229153655,81264.304949231,5.75,5.75,5.82,6.63,72.587291952848,2.41121
"2001-07-01",20305.1585476893,81894.2241632484,5.75,5.75,5.79,6.74,72.1368558924065,2.44643
"2001-08-01",20362.0718234793,82048.3309485125,5.75,5.76,5.83,6.58,74.5136248921829,2.32247
"2001-09-01",20823.8593829413,83730.9861240563,5.25,5.55,5.57,6.52,72.5968756988148,2.38202
"2001-10-01",21071.392582864,83830.2422869747,5.25,5.25,5.15,6.4,72.5202057310801,2.41472
"2001-11-01",21585.7961314849,82892.124117519,4.75,4.96,4.87,6.3,72.9993930294221,2.40105
"2001-12-01",22261.2445023192,83022.4394940458,4.75,4.75,4.86,6.62,73.4019103600294,2.4054
"2002-01-01",22096.4567336201,83625.977685392,4.75,4.75,4.86,6.58,75.404913267099,2.3537
"2002-02-01",22328.6632375181,83891.3706061923,4.75,4.75,4.93,6.61,74.8873909848896,2.38746
"2002-03-01",22624.4541127409,86875.8985727457,5,4.84,5.31,6.88,76.6699677347219,2.31737
"2002-04-01",22633.1888979849,86099.2330349159,5.25,5.11,5.68,6.87,77.982940932179,2.25876
"2002-05-01",23054.0574136488,86390.8452848968,5.5,5.39,5.83,6.81,79.7942689199118,2.17166
"2002-06-01",23588.7335864295,88486.705606903,5.5,5.5,5.96,6.64,83.0335750567038,2.04191
"2002-07-01",22885.0828741734,88397.0143485832,5.75,5.73,6,6.54,80.8293134843306,2.07637
"2002-08-01",23457.4214185594,89581.7778302742,5.75,5.75,5.87,6.33,78.8071430853273,2.1544
"2002-09-01",23350.4897253312,89410.1467243685,5.75,5.75,5.86,6.17,79.8996901255471,2.12811
"2002-10-01",23441.1618533327,90044.4397176719,5.75,5.75,5.88,6.33,82.2093729035556,2.08069
"2002-11-01",23743.4505408996,91962.4280090478,5.75,5.75,5.9,6.29,83.8386097179184,2.01277
"2002-12-01",23879.6131453536,93131.9140297345,5.75,5.75,5.92,6.28,85.7266076733859,1.96309
"2003-01-01",23702.3891554193,93064.6103669749,5.75,5.75,5.86,6.12,88.6496501932722,1.84944585978426
"2003-02-01",24084.5198006521,93918.094689035,5.75,5.75,5.82,5.88,90.0201258665304,1.80591199241864
"2003-03-01",23645.2821105784,93510.6802301954,5.75,5.75,5.81,5.91,89.5984410439894,1.80457330434558
"2003-04-01",24407.982984591,93661.7053064087,5.5,5.7,5.73,5.98,88.7359039069738,1.81672
"2003-05-01",24107.7726158085,93616.2385430755,5.5,5.51,5.38,5.6,89.9147046608951,1.73563
"2003-06-01",24854.1435247599,95052.1380530108,5.25,5.28,5.23,5.23,90.1447145640993,1.72117039586919
"2003-07-01",25205.7797731026,95561.178663356,5,5.19,5.11,5.54,91.7547838865284,1.70648464163823
"2003-08-01",25873.7741206632,95860.8360015395,5,5,5.11,5.91,91.8218701082963,1.71821305841924
"2003-09-01",26152.9925391776,97977.7883611999,5,5,5.15,5.95,90.9305817333802,1.71232876712329
"2003-10-01",26621.2724871608,99953.8752467581,5,5,5.19,6.02,91.2660128422196,1.66389351081531
"2003-11-01",26523.4944837701,101583.303265203,5,5,5.37,6.21,94.8024151039836,1.59235668789809
"2003-12-01",26246.7328011354,102595.94750657,5,5,5.32,6.05,95.5882822732645,1.53846153846154
"2004-01-01",27168.2388103168,103820.137240513,5.25,5.03,5.35,5.93,97.2846053093953,1.48632580261593
"2004-02-01",27215.9140292835,104560.670268765,5.25,5.25,5.59,5.91,99.7092930390059,1.44592249855408
"2004-03-01",26900.7675836518,105173.933006992,5.25,5.25,5.54,5.74,96.7287480433185,1.51217299259035
"2004-04-01",26981.8593928111,105342.951543017,5.5,5.28,5.59,6.04,94.1890553621059,1.55787505842031
"2004-05-01",27493.9980020142,107968.274369615,5.5,5.5,5.9,6.26,92.6556560074114,1.62443144899285
"2004-06-01",27297.8367627757,106181.915103509,5.75,5.68,6.07,6.29,94.4382327572437,1.58881474420083
"2004-07-01",27275.7453635807,106392.464841929,6,5.77,6.25,6.18,96.2878957288439,1.54655119084442
"2004-08-01",26964.3067311566,105945.551029771,6,6,6.44,6.2,98.0321374948088,1.52858453072455
"2004-09-01",27003.0082127212,105177.991999931,6.25,6.18,6.64,6.16,98.8275884100565,1.51791135397693
"2004-10-01",27239.1696233349,106309.361313013,6.5,6.28,6.75,6.08,100.782672587292,1.46541617819461
"2004-11-01",27251.2247925271,106671.560103764,6.5,6.5,6.72,6.05,100.600581413922,1.43000143000143
"2004-12-01",27352.2658619775,107192.821379624,6.5,6.5,6.71,5.95,101.894387119445,1.40016802016242
"2005-01-01",27651.6260262583,107988.506389643,6.5,6.5,6.76,5.99,100.763505095358,1.42146410803127
"2005-02-01",27632.0415419574,109467.782828964,6.5,6.5,6.83,5.95,101.702712200109,1.39997200055999
"2005-03-01",28282.9894112584,110415.099408928,6.75,6.67,6.99,6.16,103.264862792704,1.36873802354229
"2005-04-01",27949.5375086751,111381.371144082,6.75,6.75,7.05,5.99,103.044436635466,1.39178844815588
"2005-05-01",28144.8997447105,111998.766162861,6.75,6.75,7.05,5.81,103.629045139444,1.39062717285496
"2005-06-01",28873.2133316295,113411.829906873,6.75,6.75,7.03,5.71,103.839887550714,1.41143260409315
"2005-07-01",28761.6195640051,114066.806180711,6.75,6.75,7.03,5.75,100.782672587292,1.47188695908154
"2005-08-01",29887.5553271468,115561.092378826,6.75,6.75,7.03,5.77,102.095645784749,1.43884892086331
"2005-09-01",29302.8814404008,118224.34670767,6.75,6.75,7.09,5.71,102.526914353257,1.42959256611866
"2005-10-01",29157.483588788,117642.205596166,7,6.79,7.28,5.88,103.629045139444,1.43287003868749
"2005-11-01",29191.9098582438,117505.176335095,7,7,7.54,5.95,104.117816183752,1.4494854326714
"2005-12-01",29119.8947378812,118276.229265136,7.25,7.19,7.66,5.83,104.309491103089,1.43657520471197
"2006-01-01",29013.4253299865,119236.443854379,7.25,7.25,7.64,5.72,101.587707248507,1.453065969195
"2006-02-01",29294.5774693546,119596.291562705,7.25,7.25,7.53,5.7,100.130977861547,1.48566334868519
"2006-03-01",29307.2250132796,120481.316772703,7.25,7.25,7.49,5.72,94.8215825959173,1.57133878064111
"2006-04-01",29400.6071062312,122020.899369517,7.25,7.25,7.47,5.74,92.1093824873015,1.61186331399097
"2006-05-01",29892.4404004168,123113.85590761,7.25,7.25,7.49,5.81,91.4576877615564,1.58378207158695
"2006-06-01",30763.2736196853,124497.032750117,7.25,7.25,7.47,5.84,91.2851803341533,1.61550888529887
"2006-07-01",30723.5516178321,126005.183229716,7.25,7.25,7.48,5.88,90.940165479347,1.62127107652399
"2006-08-01",30729.0636119452,127643.975651571,7.25,7.25,7.49,5.84,92.5885697856435,1.58002844051193
"2006-09-01",30953.6735648592,127780.179773609,7.25,7.25,7.56,5.8,95.8853783982366,1.52741713762028
"2006-10-01",31075.8207118021,128485.266699756,7.25,7.35,7.66,5.84,97.2462703255279,1.51423379769836
"2006-11-01",31282.4067541026,131536.528202095,7.25,7.45,7.61,5.71,96.8916717247548,1.49499177754522
"2006-12-01",31171.2468711724,130954.471800438,7.25,7.51,7.66,5.77,98.8180046640897,1.44550448106389
"2007-01-01",31667.1719994913,133150.931544424,7.25,7.41,7.7,5.93,100.178896591381,1.43822810297713
"2007-02-01",31554.6092126771,134572.3472187,7.25,7.41,7.75,5.94,99.6134555793374,1.44112984579911
"2007-03-01",31271.283029756,135759.439311508,7.5,7.59,7.88,5.87,99.5559531035364,1.43225436837582
"2007-04-01",32161.444085986,138429.702756061,7.75,7.7,7.98,6.06,103.178609079002,1.36109976861304
"2007-05-01",31730.9187663174,139065.91076816,7.75,7.89,8.09,6.17,102.843177970163,1.36518771331058
"2007-06-01",31391.6868232048,139778.990495221,8,8.1,8.32,6.72,105.890809187618,1.32292631300437
"2007-07-01",30769.1392596971,140567.760491981,8.25,8.2,8.44,6.77,108.190908219659,1.27258844489692
"2007-08-01",30990.0362294528,140984.689067549,8.25,8.28,8.72,6.4,100.619748905856,1.37268359643102
"2007-09-01",31846.0823296913,143499.101557322,8.25,8.02,8.81,6.16,98.5304922850845,1.39450564774787
"2007-10-01",31739.8669952012,144717.96584458,8.25,8.07,8.68,6.37,102.15314826055,1.31475151196424
"2007-11-01",31783.0251506378,145301.291170413,8.25,8.33,8.73,6.39,101.328946107402,1.31164742917104
"2007-12-01",31936.7606968381,146854.623336813,8.25,8.18,8.9,6.4,103.006101651599,1.3011
"2008-01-01",32209.63680235,149184.842187201,8.25,8.16,8.75,6.28,101.97105708718,1.29567245400363
"2008-02-01",32279.6673285293,148002.038280872,8.25,8.2,8.82,6.4,103.399035236239,1.25502008032129
"2008-03-01",32325.2422852665,151012.663275275,8.25,8.1,8.91,6.36,102.086062038782,1.24579544038869
"2008-04-01",32834.3319005342,150482.477390914,8.25,8.05,8.87,6.48,100.140561607514,1.26582278481013
"2008-05-01",33121.107417731,152147.404736406,8.25,8.06,8.71,6.43,99.0000958374597,1.28716694555284
"2008-06-01",33267.3265619357,153957.050785141,8.25,8.21,8.68,6.42,97.2846053093953,1.31457867753385
"2008-07-01",33665.3340632963,154594.137334949,8,8.03,8.46,6.18,95.9141296361371,1.32397722759169
"2008-08-01",33651.3337686165,156313.456864435,8,7.89,8.2,6.13,93.7386193016644,1.40805406927626
"2008-09-01",32967.8349170407,157148.284688626,7.5,7.52,7.95,5.82,91.4960227454238,1.4819205690575
"2008-10-01",32760.5088156273,158968.181776058,6.5,7.1,7.43,5.86,87.2025045522793,1.62946064852534
"2008-11-01",33592.5670356309,160559.826617223,6.5,6.26,6.25,5.73,83.2923361978085,1.76959830118563
"2008-12-01",33685.3893027735,159641.404927261,5,5.05,5.23,4.88,81.1072421173689,1.79565451607111
"2009-01-01",33586.6029631709,158047.575167703,3.5,4.66,4.38,4.49,79.9859438392486,1.80962721679334
"2009-02-01",34514.8032339843,159742.298236723,3.5,3.36,3.4,4.53,76.7178864645561,1.941370607649
"2009-03-01",34196.6981756229,158665.721970544,3,3.08,3.24,4.77,79.1521579401335,1.88950461901189
"2009-04-01",33962.1223040816,158361.382531306,2.5,3.01,3.12,5.24,82.9281538510686,1.75162024873008
"2009-05-01",33673.4263829106,158275.302693353,2.5,2.37,2.82,5.59,84.9790754879724,1.67075794543828
"2009-06-01",33581.4033566206,158131.911153181,2.5,2.45,2.78,5.97,88.8604926045427,1.56921982901488
"2009-07-01",33821.3153734266,158746.263746147,2.5,2.43,2.79,5.75,89.8859534229946,1.55401750140998
"2009-08-01",34353.1420499084,159152.058164017,2.5,2.53,2.76,5.82,93.2594320033224,1.48064545489568
"2009-09-01",33902.2092261102,159694.432852448,2.5,2.58,2.77,5.63,95.4061910998946,1.42419868808421
"2009-10-01",33972.2909173351,159434.607735786,2.5,2.49,2.79,5.66,97.9938025109414,1.35489201693055
"2009-11-01",33991.4676424449,160476.562907859,2.5,2.41,2.8,6.01,95.799124684535,1.36852329134416
"2009-12-01",34408.0790807115,161581.418063604,2.5,2.43,2.78,6.02,94.8119988499505,1.39615012333153
"2010-01-01",33998.5902215775,160377.291515552,2.5,2.42,2.78,6,96.1441395393413,1.37465945179416
"2010-02-01",34093.3649163548,160826.807423211,2.5,2.32,2.73,5.86,93.4990256524934,1.43401511727387
"2010-03-01",34310.7443267672,161075.050338158,2.5,2.35,2.67,5.86,93.5277768903939,1.42306272147713
"2010-04-01",34206.1682976259,162358.724173795,2.5,2.28,2.69,5.96,94.3136440596748,1.40385818386983
"2010-05-01",34335.2445716068,162745.59749193,2.5,2.32,2.89,5.73,94.8599175797847,1.42938147944434
"2010-06-01",34157.1847938504,161837.079880822,2.75,2.49,3.07,5.51,95.022841261221,1.44415567258965
"2010-07-01",34424.0841048717,162653.457601749,3,2.68,3.23,5.4,96.1441395393413,1.4045352163386
"2010-08-01",34401.8838237417,164166.826956684,3,2.88,3.25,5.24,95.4253585918283,1.3981046918873
"2010-09-01",35535.5134016454,165207.959193388,3,2.91,3.18,5.28,96.2878957288439,1.37711448540707
"2010-10-01",35323.1254592329,167207.415657445,3,2.94,3.18,5.09,97.1025141360253,1.33383661859708
"2010-11-01",35094.1769832282,167909.117293809,3,2.91,3.17,5.49,100.30348528895,1.29443409813574
"2010-12-01",36203.9615613777,169566.801488799,3,2.88,3.17,5.82,98.3484011117145,1.33684819535819
"2011-01-01",36869.3011568328,171465.473206341,3,2.92,3.19,5.61,99.3259432003322,1.30629756147119
"2011-02-01",36966.6077072157,172285.154949953,3,2.91,3.13,5.56,97.5050314666326,1.31286438364645
"2011-03-01",37387.6072046577,173417.739630964,2.5,2.5,2.69,5.58,94.121969140338,1.35021594199152
"2011-04-01",38000.9618218312,175143.776713366,2.5,2.5,2.65,5.7,98.3100661278472,1.27205164157756
"2011-05-01",37867.5379047872,175702.466402254,2.5,2.45,2.66,5.23,99.0959332971281,1.25812828045326
"2011-06-01",37664.5677043536,177275.992547712,2.5,2.46,2.65,5.04,101.597290994473,1.2270018160049
"2011-07-01",38190.7598402618,177218.3887159,2.5,2.4,2.71,5.07,104.874932115133,1.18100161326157
"2011-08-01",38519.3968649857,176441.468416367,2.5,2.44,2.9,4.55,103.744050091046,1.19328388707815
"2011-09-01",38770.6919913764,176950.992365213,2.5,2.39,2.88,4.41,102.143564514583,1.23127941576514
"2011-10-01",39137.5472183794,179997.148979464,2.5,2.33,2.76,4.54,99.4313644059675,1.26829779659543
"2011-11-01",39201.8036287956,181714.33788985,2.5,2.34,2.69,4.14,97.3996102609973,1.28942944980103
"2011-12-01",39003.6611229977,182415.891354975,2.5,2.34,2.69,3.91,97.9363000351404,1.29987657316742
"2012-01-01",39342.6430901356,182991.495249025,2.5,2.4,2.74,3.86,101.146854934032,1.24913931296993
"2012-02-01",39599.8928235883,184245.954604082,2.5,2.41,2.75,3.98,104.069897453918,1.19902425116641
"2012-03-01",38998.2661328201,185720.712383339,2.5,2.43,2.74,4.17,102.939015429831,1.2184699347385
"2012-04-01",39478.7839951819,187555.401277653,2.5,2.45,2.74,3.98,102.804842986295,1.22100154728438
"2012-05-01",40125.9590731236,188453.421000061,2.5,2.44,2.59,3.66,98.7125834584545,1.28792993589641
"2012-06-01",40432.7079197289,189759.413325182,2.5,2.43,2.61,3.4,100.552662684088,1.28193212810348
"2012-07-01",41136.7650026811,192496.284525464,2.5,2.5,2.67,3.4,102.555665591157,1.25285094775327
"2012-08-01",39855.251823056,192001.493560078,2.5,2.52,2.64,3.66,102.88151295403,1.23483302909911
"2012-09-01",40781.928464928,192665.095320792,2.5,2.49,2.64,3.57,102.411909401655,1.22343614275053
"2012-10-01",40904.2785268063,193615.299194237,2.5,2.48,2.65,3.51,102.354406925854,1.21985705493238
"2012-11-01",41101.8115973465,195681.37979802,2.5,2.49,2.64,3.47,102.440660639555,1.22070989829267
"2012-12-01",41688.3232401587,198857.932704076,2.5,2.51,2.65,3.56,103.504456441875,1.20221967717238
"2013-01-01",42053.4102309073,199849.714047216,2.5,2.45,2.66,3.55,104.539501006293,1.19408416587535
"2013-02-01",41931.1308111296,201730.431322705,2.5,2.49,2.66,3.81,105.287033191707,1.19202597361858
"2013-03-01",42779.8693274764,202985.775779155,2.5,2.47,2.64,3.72,104.712008433696,1.20797383528673
"2013-04-01",43182.4799104513,203528.24284613,2.5,2.42,2.65,3.33,107.069609941539,1.180261309854
"2013-05-01",43219.0582698544,206458.609171145,2.5,2.48,2.64,3.37,105.24869820784,1.20970817105274
"2013-06-01",43593.0480323686,206149.149806862,2.5,2.47,2.64,3.83,102.018975817014,1.26457590117672
"2013-07-01",44156.8590869535,208399.978532185,2.5,2.43,2.64,4.23,103.159441587068,1.26834271723126
"2013-08-01",44245.8228101645,210497.294206646,2.5,2.49,2.64,4.47,103.45653771204,1.2622531793002
"2013-09-01",44622.8947307868,211932.295886939,2.5,2.5,2.65,4.7,105.392454397342,1.23075480433929
"2013-10-01",44851.1850685953,212597.349872621,2.5,2.5,2.67,4.65,106.465833945628,1.19771562964455
"2013-11-01",45745.726362174,213489.080539467,2.5,2.49,2.66,4.7,106.408331469827,1.2099
"2013-12-01",45648.923108084,214288.222887037,2.5,2.5,2.73,4.76,106.628757627065,1.2153
"2014-01-01",45895.221487374,216667.00914885,2.5,2.52,2.88,4.64,107.951314570488,1.2074
"2014-02-01",46715.1570245727,218930.890185122,2.5,2.51,2.93,4.57,107.67338593745,1.2066
"2014-03-01",46028.0034652775,217042.561268792,2.75,2.65,3.05,4.58,110.500590997668,1.1741
"2014-04-01",46839.7809743154,218913.882337943,3,2.79,3.24,4.55,110.740184646839,1.1601
"2014-05-01",46585.0397712158,220491.109857265,3,3,3.38,4.29,110.625179695237,1.1615
"2014-06-01",47195.8148715557,221313.471084364,3.25,3.13,3.52,4.42,110.998945787944,1.1599
"2014-07-01",46490.9982977209,221600.815588147,3.5,3.28,3.67,4.37,111.813564195125,1.1499
"2014-08-01",45688.5580941986,223676.284628762,3.5,3.45,3.69,4.2,109.110947832476,1.1856
"2014-09-01",47249.1679826706,225925.467013792,3.5,3.46,3.71,4.19,106.705427594799,1.2245
"2014-10-01",47247.4523688349,226415.072191413,3.5,3.42,3.68,4.04,104.319074849056,1.2708
"2014-11-01",49128.0622138593,227835.224561014,3.5,3.42,3.67,4.03,105.373286905408,1.2768
"2014-12-01",48570.3500639767,228802.578752234,3.5,3.4,3.67,3.77,106.302910264192,1.288
"2015-01-01",47928.3044753699,230911.430669509,3.5,3.42,3.67,3.42,106.504168929496,1.3089
"2015-02-01",48275.0212778451,233237.760569267,3.5,3.4,3.63,3.26,104.529917260326,1.3434
"2015-03-01",49328.2331184325,235805.797816417,3.5,3.42,3.63,3.3,105.996230393253,1.3382
"2015-04-01",48876.0539578218,236830.593082368,3.5,3.44,3.63,3.25,107.194198639108,1.3187
"2015-05-01",50105.3649973275,238356.580301874,3.5,3.41,3.53,3.65,103.561958917676,1.3524
"2015-06-01",50419.733359191,241747.536729786,3.25,3.25,3.33,3.77,98.8467559019902,1.4306
"2015-07-01",50683.203184409,243132.571568033,3,3.07,3.13,3.47,95.3966073539277,1.5033
"2015-08-01",51843.5801583543,244614.316448342,3,2.9,2.95,3.29,94.9845062773536,1.527
"2015-09-01",52873.7097529246,246295.601763497,2.75,2.76,2.85,3.29,92.2818899147047,1.5788
"2015-10-01",51504.3034877991,246540.975772868,2.75,2.68,2.86,3.34,96.460403156247,1.4993
"2015-11-01",52890.3567439897,250270.399831257,2.75,2.65,2.89,3.49,95.7799571926013,1.5228
"2015-12-01",52979.2527001456,251321.438200915,2.5,2.55,2.79,3.55,98.4634060633166,1.4843
"2016-01-01",53183.8710775322,253022.976766182,2.5,2.39,2.73,3.31,96.8725042328211,1.5337
"2016-02-01",53392.430722855,255635.608031113,2.5,2.37,2.62,3.06,96.8150017570201,1.5076
"2016-03-01",54676.8518379049,257959.768508642,2.25,2.21,2.43,3.02,96.8341692489538,1.4852
"2016-04-01",55052.5530569494,260353.664512137,2.25,2.17,2.34,2.86,97.6679551480689,1.451
"2016-05-01",55074.096367711,261906.770472621,2.25,2.16,2.38,2.67,97.5912851803342,1.4699
"2016-06-01",56073.9165932979,262619.574792267,2.25,2.16,2.37,2.51,100.859342555027,1.4217
"2016-07-01",56679.7819350938,264258.813510924,2.25,2.11,2.37,2.27,102.632335558892,1.4039
"2016-08-01",56707.8326546763,264607.059329265,2,2.06,2.24,2.19,103.101939111267,1.3833
"2016-09-01",56918.8599513798,263914.251450489,2,1.92,2.23,2.4,104.232821135354,1.3682
"2016-10-01",58619.1011025976,268040.277882149,2,1.88,2.15,2.53,102.862345462096,1.397
"2016-11-01",57625.5561997118,268519.387341135,1.75,1.74,2.07,2.99,104.712008433696,1.398
"2016-12-01",58275.735148838,270471.011209249,1.75,1.68,2.03,3.33,105.219946969939,1.4188
"2017-01-01",59067.1652545521,271855.126986362,1.75,1.66,1.98,3.23,106.111235344855,1.4033
"2017-02-01",59396.8445137502,272500.64192059,1.75,1.71,2.02,3.29,106.590422643197,1.385
"2017-03-01",58620.3655546878,274447.995333754,1.75,1.66,1.98,3.28,103.418202728173,1.4267
"2017-04-01",59977.690315776,276268.90117096,1.75,1.62,1.97,3.05,102.277736958119,1.4337
"2017-05-01",60420.1289037782,277967.56881288,1.75,1.67,1.98,2.93,101.539788518672,1.4415
"2017-06-01",60251.3858636575,279088.248369473,1.75,1.71,1.95,2.77,104.616170974028,1.3841
"2017-07-01",61818.3588555065,281201.773845952,1.75,1.63,1.96,2.97,105.632048046513,1.3607
"2017-08-01",61166.329095315,281898.296377593,1.75,1.65,1.95,2.88,103.418202728173,1.3678
"2017-09-01",62109.4698121282,282287.983127143,1.75,1.64,1.95,2.91,101.60687474044,1.3801
"2017-10-01",63962.5251674259,286632.630508391,1.75,1.61,1.94,2.97,99.6326230712711,1.416
"2017-11-01",63418.5487577788,288107.105886251,1.75,1.64,1.93,2.85,97.5817014343673,1.4518
"2017-12-01",63548.353448962,289869.518663928,1.75,1.67,1.88,2.76,98.1279749544772,1.4382
"2018-01-01",64990.1063328325,291853.651878917,1.75,1.66,1.88,2.88,99.9488866881769,1.3784
"2018-02-01",65561.6064855118,293137.005620934,1.75,1.67,1.91,2.97,99.5272018656359,1.3676
"2018-03-01",65913.9309124542,294355.326988689,1.75,1.67,1.93,2.89,99.1342682809954,1.378
"2018-04-01",65966.8618302748,295656.862244968,1.75,1.71,2.01,2.82,99.2301057406638,1.3778
"2018-05-01",66203.1675957053,296997.50619251,1.75,1.73,2.02,2.78,97.121681627959,1.4382
"2018-06-01",67171.1531964836,299014.233696647,1.75,1.69,2.01,2.9,98.1663099383446,1.4407
"2018-07-01",67186.1983115827,300602.390802392,1.75,1.67,1.94,2.81,97.7542088617704,1.4732
"2018-08-01",68777.2383181567,303194.809268031,1.75,1.71,1.91,2.64,96.9683416924895,1.499
"2018-09-01",68226.5255985708,303752.942161494,1.75,1.68,1.9,2.6,95.9045458901703,1.5163
"2018-10-01",68829.2039698153,305343.457569969,1.75,1.68,1.89,2.62,95.5499472893972,1.5314
"2018-11-01",68651.3014010633,306585.646707652,1.75,1.72,1.98,2.69,99.220521994697,1.4782
"2018-12-01",69880.2899573343,308180.749170814,1.75,1.72,1.98,2.45,99.75721176884,1.4643
"2019-01-01",69682.2458307368,309249.246257825,1.75,1.67,1.91,2.33,98.4059035875156,1.4758
"2019-02-01",70020.2118769815,310436.524780605,1.75,1.73,1.9,2.18,98.7700859342555,1.4631
"2019-03-01",70028.2956142842,311163.940607375,1.75,1.73,1.88,2.02,98.9713445995591,1.4637
"2019-04-01",71193.3886517177,312002.162396492,1.75,1.7,1.81,1.96,97.36127527713,1.4859
"2019-05-01",72034.5946424075,314818.431709479,1.5,1.51,1.72,1.79,96.2303932530428,1.5237
"2019-06-01",73971.5753324377,317429.781020038,1.5,1.45,1.6,1.63,96.6904130594512,1.5158
"2019-07-01",74329.2017764773,318195.400757909,1.5,1.43,1.55,1.55,97.9458837811072,1.4961
"2019-08-01",73672.8028743375,318404.038366697,1,1.1,1.25,1.13,95.6553684950324,1.5538
"2019-09-01",76135.5279580622,321124.972329179,1,0.96,1.15,1.16,94.3998977733764,1.5768
"2019-10-01",76492.7251822653,321443.261464496,1,0.97,1.05,1.16,93.7194518097307,1.5785
"2019-11-01",77986.6858221779,322902.852100518,1,0.99,1.18,1.35,94.3903140274095,1.5627
"2019-12-01",78252.3943786775,322426.971803193,1,0.95,1.23,1.53,97.1120978819921,1.5186
"2020-01-01",79953.3680020083,324819.649966856,1,0.92,1.27,1.48,97.1600166118263,1.5135
"2020-02-01",81388.6276030804,327918.45531421,1,0.93,1.18,1.28,95.2145161805578,1.5635
"2020-03-01",90193.4451204074,337031.446404456,0.25,0.56,0.71,1.08,91.9560425518321,1.6534
"2020-04-01",94580.4717198436,343011.248183948,0.25,0.26,0.39,0.95,92.138133725202,1.6683
"2020-05-01",95865.4079694121,345776.835984099,0.25,0.25,0.26,0.64,92.9144171485161,1.6434
"2020-06-01",97637.9523506818,348031.700024492,0.25,0.23,0.28,0.9,96.1441395393413,1.5513
"2020-07-01",98636.0859199455,349797.141557867,0.25,0.21,0.3,0.91,97.2846053093953,1.5184
"2020-08-01",104686.564915204,356060.755051112,0.25,0.15,0.29,0.68,96.0866370635402,1.5161
"2020-09-01",105002.620869179,356585.796177373,0.25,0.26,0.3,0.56,96.7287480433185,1.4988
"2020-10-01",106647.146548022,359342.416836747,0.25,0.21,0.27,0.54,96.1345557933744,1.5078
"2020-11-01",108662.852263575,358628.904128349,0.25,0.22,0.27,0.75,98.3867360955819,1.4588
"2020-12-01",112182.633296704,361585.95776727,0.25,0.23,0.26,0.92,99.881800466409,1.4114
"2021-01-01",113137.745214923,361463.684541672,0.25,0.24,0.28,1.04,100.475992716353,1.39
"2021-02-01",116097.540878848,362746.758012321,0.25,0.24,0.28,1.46,101.156438679999,1.3805
"2021-03-01",118452.226148608,364886.720271427,0.25,0.23,0.33,1.76,100.974347506629,1.3998
"2021-04-01",120313.977698745,366823.279216822,0.25,0.24,0.34,1.68,101.137271188065,1.4035
"2021-05-01",121713.58548915,366654.384583709,0.25,0.22,0.35,1.81,102.009392071048,1.3848
"2021-06-01",123228.664259935,368235.923609459,0.25,0.23,0.33,1.76,101.415199821103,1.4059
"2021-07-01",127319.536271265,372674.684260422,0.25,0.23,0.4,1.59,101.664377216241,1.432
"2021-08-01",126681.2473606,371015.909142552,0.25,0.21,0.54,1.65,102.48857936939,1.4347
"2021-09-01",131057.932358588,375266.870438654,0.25,0.2,0.57,1.87,103.763217582979,1.4168
"2021-10-01",134292.491744591,378011.653716643,0.5,0.38,0.7,2.21,103.79196882088,1.4205
"2021-11-01",135681.707532348,380982.500797822,0.75,0.54,0.83,2.57,103.859055042648,1.4233
"2021-12-01",138250.115696714,387027.887095665,0.75,0.71,0.91,2.38,101.42478356707,1.4738
"2022-01-01",139080.528658095,386955.226658192,0.75,0.67,1.03,2.56,100.706002619557,1.4828
"2022-02-01",138572.789840605,388616.082794792,1,0.73,1.21,2.74,99.4217806600006,1.4995
"2022-03-01",139260.59838092,389584.486959693,1,0.94,1.49,3.07,102.632335558892,1.4579
"2022-04-01",139338.486886842,390129.573716157,1.5,1.24,1.81,3.47,102.459828131489,1.4745
"2022-05-01",139544.748607402,392110.209128821,2,1.53,2.22,3.64,99.7859630067406,1.5615
"2022-06-01",137168.495912215,391011.097325825,2,1.96,2.68,3.98,99.6326230712711,1.5743
"2022-07-01",135169.538345571,390526.387674717,2.5,2.2,3.03,3.67,99.402613168067,1.6129
"2022-08-01",135492.513729991,392671.518688944,3,2.78,3.31,3.57,100.916845030828,1.5962
"2022-09-01",133383.964600732,392526.161758678,3,2.9,3.64,4.07,98.4538223173498,1.6801
"2022-10-01",131731.557393686,393330.485698271,3.5,3.29,4,4.41,96.2878957288439,1.7587
"2022-11-01",130129.443124241,395039.050776567,4.25,3.55,4.24,4.29,100.715586365524,1.6532
"2022-12-01",126548.382627699,394128.835212867,4.25,4.18,4.53,4.2,103.006101651599,1.5746
"2023-01-01",126000.996158808,395356.865445113,4.25,4.21,4.81,4.14,101.57812350254,1.561
"2023-02-01",125159.979186421,396460.415445697,4.75,4.2,5.01,4.31,100.811423825192,1.587
"2023-03-01",122384.916593649,395053.957514552,4.75,4.75,5.15,4.35,100.48557646232,1.6119
"2023-04-01",121940.659657233,396879.520065023,5.25,5.01,5.49,4.11,99.8722167204421,1.6095
"2023-05-01",120989.458634258,398272.083367162,5.5,5.34,5.67,4.23,101.2426923937,1.6085
"2023-06-01",121118.06204933,401149.767163648,5.5,5.4,5.68,4.48,101.108519950165,1.6308
"2023-07-01",120898.369668983,403115.190734448,5.5,5.47,5.67,4.65,102.680254288726,1.6072
"2023-08-01",119890.524945962,404196.889907103,5.5,5.41,5.64,4.9,100.610165159889,1.6664
"2023-09-01",119470.524348583,405481.345808659,5.5,5.39,5.68,5.05,100.725170111491,1.6878
"2023-10-01",118618.738892827,405740.522794547,5.5,5.4,5.68,5.46,100.936012522761,1.692
"2023-11-01",118802.944979983,408179.473572573,5.5,5.43,5.63,5.1,101.348113599336,1.6703
"2023-12-01",118178.043153514,408223.385262537,5.5,5.35,5.63,4.71,103.590710155576,1.6088
"2024-01-01",118451.39413999,410245.937315184,5.5,5.52,5.64,4.65,103.533207679775,1.62
"2024-02-01",117337.658128992,409452.572894079,5.5,5.43,5.71,4.81,103.207360316903,1.6319
"2024-03-01",117472.467320359,410863.195785137,5.5,5.38,5.64,4.65,102.431076893588,1.6423
"2024-04-01",116410.02204318,410818.758200571,5.5,5.47,5.63,4.83,101.386448583203,1.677
"2024-05-01",116109.269094449,412806.789046118,5.5,5.5,5.62,4.75,102.594000575025,1.6504
"2024-06-01",117927.288384826,414967.52507147,5.5,5.52,5.62,4.64,104.117816183752,1.6281
"2024-07-01",,,5.5,5.49,5.55,4.51,102.459828131489,1.65960019441031
"2024-08-01",,,,5.45,5.3,4.22,,
"2024-09-01",,,,5.21,5.05,4.19,,
"2024-10-01",,,,4.77,4.65,4.39,,
"2024-11-01",,,,4.79,4.42,4.62,,
"2024-12-01",,,,4.33,4.27,4.49,,
"2025-01-01",,,,,4.05,4.65,,
"2025-02-01",,,,4.13,3.81,4.62,,
"2025-03-01",,,,3.82,3.67,4.63,,
