"date","pop","gdp_nom","gdp_defl","cpi","ur","narrow","broad","stir","ltir","xr_usd"
"1870-01-01",4.24129794416103,2.34412051886665,,0.0202331148094864,,0.343809412346945,0.314489043235837,,12.59435,0.00400501677695059
"1871-01-01",4.26678297918488,2.33913302840097,0.0472712934395806,0.0196862738686895,,0.37246019670919,0.340696463505491,,10.5363,0.00411042847961803
"1872-01-01",4.29226801420872,2.47878276143984,0.0486725163250707,0.0196862738686895,,0.395380824198987,0.361662399721213,,8.0068,0.00410381329077372
"1873-01-01",4.31775304923257,2.63339496587572,0.0496314837444459,0.0259749446878542,,0.429761765433681,0.393111304044797,,7.8846,0.00402551883371937
"1874-01-01",4.34323808425642,2.8079571321743,0.0538060990356612,0.0213267966910803,,0.446952236051028,0.408835756206589,,6.364984,0.0041471156775393
"1875-01-01",4.36970331293503,2.96755682707586,0.056932794690416,0.0216002171614787,,0.49852364790307,0.456009112691964,,5.255684,0.00402124116374949
"1876-01-01",4.39518834795888,2.98750678893856,0.0586982238689707,0.0218736376318772,,0.446952236051028,0.408835756206589,,4.9657,0.00418980247538326
"1877-01-01",4.42165357663749,3.05733165545799,0.0573773817521811,0.0248812628062603,,0.458412549795926,0.41931872431445,,5.3822,0.0044854168525915
"1878-01-01",4.4481188053161,3.05234416499231,0.0572460967566884,0.0246078423358619,,0.481333177285723,0.440284660530172,,5.610716,0.00465899222735651
"1879-01-01",4.48046519592329,2.97254431754153,0.0556374823695243,0.023514160454268,,0.475603020413274,0.435043176476242,,5.436766,0.00463009700844517
"1880-01-01",4.51869274845906,3.03239420312962,0.0569846300274977,0.0218736376318772,,0.492793491030621,0.450767628638034,5.77,5.73,0.0046379650370448
"1881-01-01",4.55888068830436,3.16206895523714,0.0574873008543226,0.0224204785726741,,0.527174432265315,0.482216532961617,5.04,5.67,0.00471043856508154
"1882-01-01",4.59808843449489,3.24186880268792,0.0571289484299987,0.0226938990430726,,0.521444275392866,0.476975048907687,5.63,5.68,0.00467156199402269
"1883-01-01",4.63827637434019,3.23688131222224,0.0556581470760469,0.0216002171614787,,0.550095059755112,0.50318246917734,5.8,5.64,0.00468589729169401
"1884-01-01",4.67846431418548,3.38151853572678,0.0562006250791814,0.0199596943390879,,0.578745844117357,0.529389889446993,5.9,5.97,0.00468197799540873
"1885-01-01",4.71963244768554,3.4912433259716,0.0565264220876268,0.0191394329278926,,0.601666471607153,0.550355825662715,6,6.64,0.0046848773778086
"1886-01-01",4.7608005811856,3.67578047320153,0.0563845548161487,0.0196862738686895,,0.664698197204093,0.608012150255952,4.5,5.85,0.00462020874488909
"1887-01-01",4.80196871468567,3.76056781111798,0.0564740849036737,0.0191394329278926,,0.727729922801033,0.665668474849189,4.775,5.23,0.00463818530840567
"1888-01-01",4.84411704184049,3.98001739160762,0.0590539983701999,0.0191394329278926,,0.802221962142871,0.733807767550287,4.5,4.71,0.00461654186170978
"1889-01-01",4.88626536899531,4.05482974859273,0.0612646708913358,0.0207799557502834,,0.865253687739811,0.791464092143524,4.5,4.48,0.00462066792719593
"1890-01-01",4.92841369615014,4.03986727719571,0.0583732028161189,0.023514160454268,,0.87098384461226,0.796705576197455,7,4.86,0.00462335935702322
"1891-01-01",4.96762144234067,4.04485476766138,0.0594962695744342,0.0226938990430726,,0.406841137943885,0.372145367829074,7,7.07,0.00495776378926786
"1892-01-01",5.00290841391215,4.1944794816316,0.0619692494119478,0.0232407399838695,,0.492793491030621,0.450767628638034,6,12.33,0.00586996338823435
"1893-01-01",5.0391755791384,4.2892418004794,0.0621091968117291,0.0237875809246665,,0.464142706668376,0.42456020836838,6,13.98,0.00574295946768288
"1894-01-01",5.07544274436464,4.38899160979287,0.06439356594458,0.0243344218654634,,0.481333177285723,0.440284660530172,5,12.71,0.00592048163924941
"1895-01-01",5.11170990959088,4.64335362354223,0.0653036666045722,0.0229673195134711,,0.504253804775519,0.461250596745895,6,11.5,0.0058150397541924
"1896-01-01",5.14797707481713,4.75307841378705,0.0659272057781493,0.0232407399838695,,0.521444275392866,0.476975048907687,6,11.38,0.00599365977993037
"1897-01-01",5.18522443369814,4.71816598052733,0.0618304053297881,0.0251546832766588,,0.544364902882663,0.497940985123409,6,13.47,0.00674284973214553
"1898-01-01",5.22149159892438,4.82290328030648,0.0610618272389426,0.0262483651582527,,0.601666471607154,0.550355825662716,6,14.32,0.00731427459821829
"1899-01-01",5.25971915146015,4.92764058008563,0.060215581429198,0.0257015242174557,,0.618856942224501,0.566080277824507,5,12.07,0.00657979070440239
"1900-01-01",5.29696651034116,5.08225278452151,0.0591220603605089,0.0248812628062603,,0.618856942224501,0.566080277824507,5,12.28,0.00648133997067068
"1901-01-01",5.33911483749598,4.95756552287967,0.0587099024408716,0.0246078423358619,,0.641777569714297,0.58704621404023,5,11.54,0.00653218942348939
"1902-01-01",5.38518393926986,4.97751548474237,0.0586082000667297,0.0237875809246665,,0.647507726586746,0.592287698094161,5,9.83,0.00585951157709919
"1903-01-01",5.43125304104374,5.15207765104095,0.0598007001518803,0.0246078423358619,,0.647507726586746,0.592287698094161,5,8.3,0.00572347442663182
"1904-01-01",5.47830233647238,5.25182746035442,0.0601544218242158,0.0262483651582527,,0.647507726586746,0.592287698094161,5,4.82,0.00554578565656767
"1905-01-01",5.52535163190102,5.28175240314846,0.0622408221004677,0.0259749446878542,,0.647507726586746,0.592287698094161,5,4.33,0.00491535798725073
"1906-01-01",5.57338112098442,5.32663981733953,0.0623491310199266,0.0259749446878542,,0.658968040331644,0.602770666202022,5,4.23,0.00471039893855808
"1907-01-01",5.62141061006783,5.46628955037839,0.0624753210743578,0.0259749446878542,,0.664698197204094,0.608012150255952,5.5,4.49,0.00476513402699494
"1908-01-01",5.66944009915123,5.58598932155456,0.0648802936592315,0.0262483651582526,,0.681888667821441,0.623736602417744,4,4.82,0.00532912929839088
"1909-01-01",5.7184497818894,5.67077665947101,0.0659077547265448,0.0265217856286511,,0.647507726586746,0.592287698094161,5,4.75,0.00530702008160334
"1910-01-01",5.76745946462757,5.73561403552477,0.0650190947112044,0.0254281037470572,,0.721999765928584,0.660426990795259,5.5,4.48,0.00501996189184066
"1911-01-01",5.8174493410205,5.65082669760832,0.0628006246528191,0.027068626569448,,0.75065055029083,0.686634411064912,5.5,4.5,0.0050162473439012
"1912-01-01",5.84587495700863,5.9401011446174,0.0649102080907914,0.0267952060990496,,0.767841020908177,0.702358863226704,5.5,4.61,0.00509849762073403
"1913-01-01",5.85371650624674,6.02987597299952,0.0661302966310776,0.027615467510245,,0.836602903377566,0.8386374486289,5.5,4.72,0.00536341915982482
"1914-01-01",5.86155805548485,5.63087673574563,0.0613184695757202,0.0273420470398465,,0.945475883954099,0.938225645653582,5.5,4.76190476190476,0.00572847637194362
"1915-01-01",5.86939960472295,6.02488848253385,0.0671105702364315,0.0306230926846281,,1.04861870765818,1.04305532673219,5.5,5.13918629550321,0.00707300006983171
"1916-01-01",5.87724115396106,6.89769931402675,0.0763643409159996,0.0374586044445897,,1.22052341383165,1.21078281645797,5.5,5.5045871559633,0.00735883321195918
"1917-01-01",5.88606289685393,7.13709885637909,0.0802762916249412,0.0442941162045513,,1.5528725124337,1.54623779590953,5.5,5.17241379310345,0.0080889426482178
"1918-01-01",5.89390444609204,8.66327093887524,0.102636379517187,0.0801121978267505,,2.05139616033677,2.07562768535653,5.5,5.26315789473684,0.00827216358575832
"1919-01-01",5.90174599533015,11.1071412670554,0.128774340364594,0.0915958575834857,,3.36360208412761,3.44365502343242,5.5,6.97674418604651,0.00923512534791153
"1920-01-01",5.90958754456825,15.5559827624363,0.171897057470064,0.15858387283111,,4.81333177285723,4.87982165420941,7,13.953488372093,0.024949791502479
"1921-01-01",5.95075567806831,19.3015881021573,0.201783220153727,0.248539207592205,,6.20575989286236,6.50992319498184,7,13.0434782608696,0.0499950120210293
"1922-01-01",6.02427020217556,30.5783040450456,0.284514986709245,0.300489096967913,,8.91039393665833,9.36653200437403,7,10.7142857142857,0.0747822747179298
"1923-01-01",6.09974511359234,46.3786738402999,0.41344452723816,0.471923731907749,,11.3800915486839,11.9034102864764,9,9.09090909090909,0.11728983150607
"1924-01-01",6.17522002500912,60.5132218200192,0.560640442408887,0.655935708485917,,13.9701224550309,14.4035981802014,9,10.1694915254237,0.147355373549745
"1925-01-01",6.25167513008066,67.0817467633115,0.594654546682604,0.630507604738861,,13.9701224550309,14.3983566961474,9,9.83606557377049,0.098973972725731
"1926-01-01",6.32911042880697,70.8373270839638,0.632204119041478,0.603712398639812,,14.3196620242503,15.0430592347809,8,9.52380952380952,0.0973189613032591
"1927-01-01",6.4085061148428,76.5280537052975,0.579968407459259,0.648279935314762,,14.6978523778319,15.7663840342233,8,10.1351351351351,0.0991844654382937
"1928-01-01",6.48790180087863,91.0167135080797,0.764622629097219,0.620391047334116,,16.090280497837,17.8210457833641,8,9.61538461538462,0.111650422481819
"1929-01-01",6.56827768056923,101.266006415039,0.76655619009622,0.645545730610776,,18.004152893235,21.605397270302,8,7.89473684210526,0.111553156891891
"1930-01-01",6.64963375391458,99.1363479861965,0.760035530044018,0.613282115103759,,20.2217236028728,23.4399166891777,7.5,8.10810810810811,0.110992009257689
"1931-01-01",6.73295021456947,95.7149295267444,0.697591275834911,0.544106736092943,,20.0727395241891,22.7952141505443,7,6.66,0.117544218433575
"1932-01-01",6.81626667522435,97.2959640043629,0.695522189492566,0.532896496806606,,21.5339295266637,23.874959865654,6.5,6.03,0.156069372811524
"1933-01-01",6.900563329534,99.2111603431816,0.663885456366375,0.53262307633621,,21.2989930948932,23.9273747061933,5.5,4.78,0.127358067058389
"1934-01-01",6.98584017749841,103.081452944544,0.661335656920003,0.538091485744177,,24.651134865276,27.3919956658414,5,4,0.108225177322652
"1935-01-01",7.07307741277235,104.188675827924,0.706408091265499,0.539185167625773,,27.2583562422403,29.5357626438991,5,4.05,0.111900819026147
"1936-01-01",7.16031464804629,106.343271709095,0.781380585249262,0.552856191145695,,28.6164034210107,30.5735764865773,4.5,3.65,0.110524635628136
"1937-01-01",7.24951227062976,111.161187498936,0.697910453037663,0.574729828777575,,28.4559590285822,30.4949542257684,4,3.61,0.111358625712034
"1938-01-01",7.33969008686799,115.455416789881,0.720102285796893,0.556957498201674,,29.3842444419189,31.2654523816962,4,3.74,0.11267944254347
"1939-01-01",7.43084809676098,116.777101763285,0.71872431886548,0.524420462224256,,32.8911004478577,35.9041657694248,4,3.97,0.123541265550024
"1940-01-01",7.52298630030873,121.964091847585,0.803738490150856,0.549301725030514,,36.8735594742099,39.5417557028526,4,3.83,0.134410570525035
"1941-01-01",7.60336217999933,144.831735632699,0.872376402118191,0.617383422159733,,55.4278074272,56.5923033302889,3.5,3.61,0.124627647369839
"1942-01-01",7.670995542178,170.128287274596,1.03890951515393,0.754093657358965,,84.3937504174301,84.0367138366697,3.5,2.92,0.123849323131254
"1943-01-01",7.73960909801144,180.956129075574,1.03527017396952,0.852525026702415,,103.326188724002,101.564236513014,2.5,2.82,0.123849323131254
"1944-01-01",7.80920284749963,175.699314124754,0.9504068178924,0.877132869038276,,130.166243514553,125.245261468672,2,2.76,0.123849323131254
"1945-01-01",7.87879659698783,181.300265917705,1.02052323653234,0.956151384983431,,143.099207575671,136.4830032803,2,2.83,0.123999261779112
"1946-01-01",7.9493705401308,210.940921755204,1.10031165796606,1.08821347218589,,158.931631014248,150.823703651854,2,2.83,0.126195867958221
"1947-01-01",8.02092467692852,234.062927554068,1.1259674595696,1.1218441900449,,150.170221156273,142.652230011776,2,3.04,0.124450075318482
"1948-01-01",8.09247881372625,237.868382779377,1.14771127568572,0.924434610417208,,141.844303220605,134.800486898988,2,3.24,0.128689857443561
"1949-01-01",8.16403295052397,242.387049141277,1.15342083632592,1.07180824396198,,132.309322184849,125.533543091638,2,3.76,0.142656198561467
"1950-01-01",8.2755299787533,252.686216952893,1.16902408604522,1.04419277645174,,137.220066624538,130.287569128554,2,3.92,0.145150188046807
"1951-01-01",8.32208917735456,286.082453111045,1.26652066360852,1.05868406138286,,157.585044149222,149.361329600807,2,3.79,0.145150188046807
"1952-01-01",8.35718011019509,292.655965544803,1.29395150226949,1.06032458420524,,163.355312119779,155.556763752553,2,3.48,0.144651390149739
"1953-01-01",8.40903235453207,294.22702504149,1.21558830187241,1.06989430066919,3.4875,170.626881190916,163.665339583984,2,3.38,0.144651390149739
"1954-01-01",8.46112964728274,312.037353494411,1.22983354016885,1.07837033525155,4.3875,188.304415142422,181.423487558701,2,3.27,0.143404395407069
"1955-01-01",8.52043136339592,326.416288506948,1.23526785327217,1.11473525781454,3.9375,196.922571078585,191.550034750895,2,3.18,0.143653794355603
"1956-01-01",8.58257564110792,348.840045640617,1.26459592569427,1.16367752201587,3.2625,208.806916432045,204.423119587348,2,3.03,0.144152592247683
"1957-01-01",8.64300457992408,370.321167076274,1.28522960818537,1.16395094248627,3.2625,221.585166257606,217.940906962435,2,3.05,0.143404395402081
"1958-01-01",8.7125003100468,394.964357467168,1.3529277628682,1.18062959118057,3.15,239.537747738989,238.062964245475,2,3.03,0.143404395402081
"1959-01-01",8.78405444684453,419.158673716151,1.36156808039955,1.19621455799328,3.375,258.252440084408,259.401045829027,2,3.45,0.144052832668269
"1960-01-01",8.85771599999999,443.856726502167,1.35092904390674,1.22273634362193,2.7,276.216481879536,284.26140469682,2,3.46,0.143803433719735
"1961-01-01",8.92931599999999,462.081016663739,1.33267081296442,1.21972871844755,3.375,274.904275955745,287.621195975389,2,3.82,0.143653794350615
"1962-01-01",8.99398499999999,518.634171054013,1.41697280388713,1.21918187750675,3.6,297.607157484388,320.01356742868,2,3.95833,0.143903193299149
"1963-01-01",9.03035499999999,535.846000651053,1.38231012269241,1.25089865207298,3.7125,338.302731592521,367.810660516474,2,4.18167,0.144102712457976
"1964-01-01",9.03536499999999,581.671063049663,1.41110072819765,1.31214483744223,3.825,385.112383083558,425.377879880794,2,3.94333,0.144401991196217
"1965-01-01",8.99859499999999,676.707693873076,1.52749824783137,1.35479843082439,2.925,425.068766955145,490.110207946837,2.5,3.87,0.143803433719735
"1966-01-01",8.93098999999999,722.248469315143,1.56654760144228,1.3892494100946,2.025,474.68046515681,545.392140263643,2.5,3.96333,0.144551630565338
"1967-01-01",8.87451999999999,809.055740870194,1.63180313847297,1.44721454981907,2.8125,507.594486232157,605.852658825733,2.5,5.00417,0.143953073088856
"1968-01-01",8.83664999999999,874.965427374072,1.62071385288057,1.47592369921091,3.4875,542.491141585372,686.529581383833,2.5,5.1075,0.143504154981495
"1969-01-01",8.75770499999999,938.790342863299,1.70288871363879,1.51556966741869,2.925,613.207007548266,805.458854567519,2.75,5.145,0.142905597505013
"1970-01-01",8.68043099999999,1059.13350030954,1.76162424718078,1.59185397865986,3.0375,636.98715856893,902.908526098197,3.5,5.27833,0.143404395402081
"1971-01-01",8.64375599999999,1225.7655567677,1.84677800124806,1.7096982014016,2.7,725.609764758227,1064.55589432142,3.75,5.6925,0.137468700426971
"1972-01-01",8.63042999999999,1516.15759834708,2.11654244475803,1.8532439483608,2.025,855.776008272781,1284.71919052272,4,6.005,0.13467543220339
"1973-01-01",8.6331,1845.57723299398,2.31596556617537,1.9956960134384,1.575,1097.35942201523,1586.324665954,5,5.49583,0.128914316492254
"1974-01-01",8.754365,2218.8206752719,2.75402318067423,2.75170361409015,2.3625,1200.27876960129,1754.15698536085,7.5,7.5,0.122684330757874
"1975-01-01",9.09346999999999,2466.821284591,3.22519384866318,3.26163279138329,4.5,1492.4537383706,1872.41010710158,6.5,8.474,0.137029758277551
"1976-01-01",9.35580999999999,3066.19287850892,3.76948184016936,3.93479398950431,6.4,1411.44651066479,2415.45930399312,6.5,9.73833,0.157365748541016
"1977-01-01",9.45567499999999,4092.80732567557,4.7931064534292,5.23217412154504,7.5,1574.68721964712,2974.26964343483,13,10.8017,0.19879590187149
"1978-01-01",9.55824999999999,5148.4872259958,5.90497391728498,6.63236035045557,7.89,1804.30033568302,3808.32079351654,18.42,16.1667,0.229496912436029
"1979-01-01",9.66126499999999,6495.97094528362,7.1065467253797,8.23077642040498,7.94,2264.39182144258,5826.03532156118,14.87,16.6833,0.248306581134466
"1980-01-01",9.76631199999999,8214.26534512876,8.63497474621923,9.7449789854717,7.8,2796.38531563762,7062.4804439472,9.95,16.6825,0.264562404599914
"1981-01-01",9.85136199999999,9817.02846080722,10.1680772506735,11.3119517013253,8.2,3046.01386962899,9101.59070989999,9.24,16.705,0.325460639852954
"1982-01-01",9.91177099999999,12101.2077344624,12.3341396809325,13.8457392005079,7.4,3546.43419945684,11522.8575782249,12.4175,16.7917,0.444249359044702
"1983-01-01",9.95786499999999,15052.6382534915,15.4163621445446,17.3764177347633,7.3,3871.42004647779,13889.4190774789,18.2442,19.2225,0.655669835690985
"1984-01-01",9.99623199999999,18414.170304694,19.2629407337319,22.3808326044663,8.5,4491.70952792041,17742.6436648854,21.2733,21.5025,0.844365080156822
"1985-01-01",10.023613,23045.7356611468,23.4728746600186,26.7675906315393,8.18,5684.19528417517,22019.4797520466,19.952,20.7483,0.785541844150597
"1986-01-01",10.032734,28908.3314430279,28.2422976122623,29.9261439055824,8.6982,7708.31589779908,25801.2681532821,15.5625,15.7558,0.728828523258946
"1987-01-01",10.030031,33858.1579270594,31.020535683499,32.6655435985046,7.3767,8869.95621960945,28925.3918258188,13.8658333333333,15.1175,0.647763889027444
"1988-01-01",10.01961,40457.3458626461,34.3824009532519,35.9148724687199,6.0105,10052.9528360834,32638.427680719,12.9683333333333,14.1475,0.730095469917499
"1989-01-01",10.005,47590.6231862853,37.8769282872572,40.4402546742849,5.1301,10666.3374784947,35889.7464467924,14.8845833333333,14.9433,0.747403756945761
"1990-01-01",9.98321799999999,55973.4527212169,42.688208585794,45.8591749771121,4.6444,13802.7503029435,42204.3142896002,16.9025,15.4025,0.666393990482936
"1991-01-01",9.96023499999999,64310.6864220805,47.1894671232713,51.087247791601,3.9191,15569.595731817,51002.7551312754,17.7375,14.5367,0.669306970201814
"1992-01-01",9.95249399999999,72452.5543582498,52.6917237120348,55.6339567938572,3.9846,18928.6673705562,62018.534800823,16.70575,13.8317,0.732025817779152
"1993-01-01",9.96467499999999,76207.3587899748,56.4142549172277,59.2502159353475,5.3003,20298.0289961982,69331.2134920737,13.2450833333333,9.76883333333333,0.881934537763989
"1994-01-01",9.99152499999999,82542.2346138898,60.3023021908006,62.3311177957973,6.7131,22847.2013513153,76655.4512385915,11.1066666666667,10.4785833333333,0.793552538382498
"1995-01-01",10.026176,89028.6,62.3085425366036,64.8867789326117,7.0637,24905.8389630187,82856.3589777883,9.78666666666667,11.4653333333333,0.74526885206652
"1996-01-01",10.063945,94351.6,63.7983005515432,66.8983333333334,7.2977,28307.4159542317,89075.1307114888,7.36666666666667,8.55975,0.780045041450105
"1997-01-01",10.108977,102331,66.2770199865629,68.1625,6.5712,33139.2406165221,96895.357011286,5.74166666666667,6.35841666666667,0.914426232779003
"1998-01-01",10.160196,111353.4,68.8121158870181,69.6725,4.6524,38703.4338013893,102709.0153771,4.30833333333333,4.87816666666667,0.857079388673297
"1999-01-01",10.217828,119603.3,71.1314224063561,71.1841666666667,4.578,47277,114361,2.96348834619487,4.7785,0.938588575988613
"2000-01-01",10.289898,128414.4,73.5642701561318,73.1808333333334,3.806,49032,120052,4.39176542957636,5.594,1.08518042729494
"2001-01-01",10.362722,135775,76.2979534291588,76.4083333333333,3.829,52846,127402,4.26178043818098,5.1575,1.1172985151535
"2002-01-01",10.419631,142554.3,79.4946775061374,79.2358333333333,4.497,54582,127931,3.31860162729782,5.00641666666667,1.06162674443261
"2003-01-01",10.458821,146067.9,82.2190800639555,81.8008333333333,6.132,58869,133465,2.33347419144865,4.18008333333333,0.885821898326248
"2004-01-01",10.483861,152248.4,84.1919958633624,83.8541666666667,6.319,61540,141236,2.10632297979798,4.144,0.805117638995982
"2005-01-01",10.50333,158552.7,86.9980579223641,85.64,7.582,69403,151148,2.18468933198444,3.43791666666667,0.804610257757942
"2006-01-01",10.522288,166260.5,89.7685283943054,88.2483333333333,7.649,72554,156853,3.07921184531102,3.91466666666667,0.797096057662816
"2007-01-01",10.542964,175483.4,92.4313558585117,90.3858333333334,7.966,71974,169074,4.27759642667274,4.42416666666667,0.730631237351524
"2008-01-01",10.558177,179102.8,94.0375830523101,92.7825,7.553,71680,183970,4.63423268117593,4.51983333333333,0.68329963908192
"2009-01-01",10.568247,175416.4,95.070239362925,91.945,9.432,73259,176111,1.22834974982747,4.21016666666667,0.719596393297509
"2010-01-01",10.5731,179860.4,95.8138207407548,93.2241666666667,10.771,72928,177230,0.810953932963172,5.39641666666667,0.755094954097754
"2011-01-01",10.55756,176318,95.5642841284252,96.5375,12.715,70228,174926,1.39059974396631,10.23925,0.719200241991052
"2012-01-01",10.514844,168538.8,95.2045951153681,99.2175,15.509,68011,160085,0.573181086857459,10.5466666666667,0.778274077687559
"2013-01-01",10.457295,170675.6,97.369850228855,99.6541666666667,16.237,72471,163983,0.220661223257419,6.29325,0.753169347289349
"2014-01-01",10.401062,173186.7,98.0753329831392,99.495,13.881,78575.72,166485.4,0.209945671779911,3.75383333333333,0.75372925526259
"2015-01-01",10.358076,179392.7,100,100,12.405,91275.5,173187.4,-0.01937570144069,2.42283333333333,0.90165887926055
"2016-01-01",10.325452,186380.7,101.854052690654,100.635833333333,11.058,102212.78,187571.43,-0.263695659232072,3.17125,0.904044030325793
"2017-01-01",10.3003,195509.1,103.414684274025,102.201666666667,8.878,112865.33,200950.64,-0.329056115557889,3.05225,0.887297988632263
"2018-01-01",10.283822,204997.6,105.330292904165,103.395,6.966,127258.95,215291.22,-0.322092958103427,1.8385,0.847160281663836
"2019-01-01",10.286263,214489.9,107.26243723422,103.705,6.422,140512.2,229159.84,-0.356319350335655,0.756666666666667,0.893288063305181
"2020-01-01",10.297081,201032.7,109.518327513893,103.579166666667,6.85,162909.56,254011.79,-0.425159624976473,0.414666666666667,0.877475207233009
"2021-01-01",10.361831,216493.7,111.730304477934,104.554166666667,6.712,186249,280897.7,-0.548756292741075,0.295166666666667,0.845376564367947
"2022-01-01",10.434332,243957.1,117.682790618159,113.025833333333,6.138,202703.63,299512.23,0.341555418515783,2.17008333333333,0.950915533962107
"2023-01-01",10.578174,267923.2,125.952505739771,118.975833333333,6.498,170297.02,295303.17,3.43080056073154,3.23783333333333,0.924709622987356
"2024-01-01",,285189.3,131.532889230995,122.1525,,171992,317394.54,3.57091272978229,2.95725,0.924544442339299
