"date","gdp_nom","gdp_defl","cpi","ur","m1","m3","policy","ibr_3m","gov_10y","reer","xr_usd"
"1946-01-01",,,,,,,2.5,,,,
"1946-02-01",,,,,,,2.5,,,,
"1946-03-01",,,,,,,2.5,,,,
"1946-04-01",,,,,,,2.5,,,,
"1946-05-01",,,,,,,2.5,,,,
"1946-06-01",,,,,,,2.5,,,,
"1946-07-01",,,,,,,2.5,,,,
"1946-08-01",,,,,,,2.5,,,,
"1946-09-01",,,,,,,2.5,,,,
"1946-10-01",,,,,,,2.5,,,,
"1946-11-01",,,,,,,2.5,,,,
"1946-12-01",,,,,,,2.5,,,,
"1947-01-01",,,,,,,2.5,,,,
"1947-02-01",,,,,,,2.5,,,,
"1947-03-01",,,,,,,2.5,,,,
"1947-04-01",,,,,,,2.5,,,,
"1947-05-01",,,,,,,2.5,,,,
"1947-06-01",,,,,,,2.5,,,,
"1947-07-01",,,,,,,2.5,,,,
"1947-08-01",,,,,,,2.5,,,,
"1947-09-01",,,,,,,2.5,,,,
"1947-10-01",,,,,,,2.5,,,,
"1947-11-01",,,,,,,2.5,,,,
"1947-12-01",,,,,,,2.5,,,,
"1948-01-01",,,,,,,2.5,,,,
"1948-02-01",,,,,,,2.5,,,,
"1948-03-01",,,,,,,2.5,,,,
"1948-04-01",,,,,,,2.5,,,,
"1948-05-01",,,,,,,2.5,,,,
"1948-06-01",,,,,,,2.5,,,,
"1948-07-01",,,,,,,2.5,,,,
"1948-08-01",,,,,,,2.5,,,,
"1948-09-01",,,,,,,2.5,,,,
"1948-10-01",,,,,,,2.5,,,,
"1948-11-01",,,,,,,2.5,,,,
"1948-12-01",,,,,,,2.5,,,,
"1949-01-01",,,,,,,2.5,,,,
"1949-02-01",,,,,,,2.5,,,,
"1949-03-01",,,,,,,2.5,,,,
"1949-04-01",,,,,,,2.5,,,,
"1949-05-01",,,,,,,2.5,,,,
"1949-06-01",,,,,,,2.5,,,,
"1949-07-01",,,,,,,2.5,,,,
"1949-08-01",,,,,,,2.5,,,,
"1949-09-01",,,,,,,2.5,,,,
"1949-10-01",,,,,,,2.5,,,,
"1949-11-01",,,,,,,2.5,,,,
"1949-12-01",,,,,,,2.5,,,,
"1950-01-01",,,,,,,2.5,,,,
"1950-02-01",,,,,,,2.5,,,,
"1950-03-01",,,,,,,2.5,,,,
"1950-04-01",,,,,,,2.5,,,,
"1950-05-01",,,,,,,2.5,,,,
"1950-06-01",,,,,,,2.5,,,,
"1950-07-01",,,,,,,2.5,,,,
"1950-08-01",,,,,,,2.5,,,,
"1950-09-01",,,,,,,2.5,,,,
"1950-10-01",,,,,,,2.5,,,,
"1950-11-01",,,,,,,2.5,,,,
"1950-12-01",,,,,,,3,,,,
"1951-01-01",,,,,,,3,,,,
"1951-02-01",,,,,,,3,,,,
"1951-03-01",,,,,,,3,,,,
"1951-04-01",,,,,,,3,,,,
"1951-05-01",,,,,,,3,,,,
"1951-06-01",,,,,,,3,,,,
"1951-07-01",,,,,,,3,,,,
"1951-08-01",,,,,,,3,,,,
"1951-09-01",,,,,,,3,,,,
"1951-10-01",,,,,,,3,,,,
"1951-11-01",,,,,,,3,,,,
"1951-12-01",,,,,,,3,,,,
"1952-01-01",,,,,,,3,,,,
"1952-02-01",,,,,,,3,,,,
"1952-03-01",,,,,,,3,,,,
"1952-04-01",,,,,,,3,,,,
"1952-05-01",,,,,,,3,,,,
"1952-06-01",,,,,,,3,,,,
"1952-07-01",,,,,,,3,,,,
"1952-08-01",,,,,,,3,,,,
"1952-09-01",,,,,,,3,,,,
"1952-10-01",,,,,,,3,,,,
"1952-11-01",,,,,,,3,,,,
"1952-12-01",,,,,,,3,,,,
"1953-01-01",,,,,,,3,,,,
"1953-02-01",,,,,,,3,,,,
"1953-03-01",,,,,,,3,,,,
"1953-04-01",,,,,,,3,,,,
"1953-05-01",,,,,,,3,,,,
"1953-06-01",,,,,,,3,,,,
"1953-07-01",,,,,,,3,,,,
"1953-08-01",,,,,,,3,,,,
"1953-09-01",,,,,,,3,,,,
"1953-10-01",,,,,,,3,,,,
"1953-11-01",,,,,,,2.75,,,,
"1953-12-01",,,,,,,2.75,,,,
"1954-01-01",,,,,,,2.75,,,,
"1954-02-01",,,,,,,2.75,,,,
"1954-03-01",,,,,,,2.75,,,,
"1954-04-01",,,,,,,2.75,,,,
"1954-05-01",,,,,,,2.75,,,,
"1954-06-01",,,7.2520751419834,,,,2.75,,,,
"1954-07-01",,,7.2083879423329,,,,2.75,,,,
"1954-08-01",,,7.2083879423329,,,,2.75,,,,
"1954-09-01",,,7.2083879423329,,,,2.75,,,,
"1954-10-01",,,7.2083879423329,,,,2.75,,,,
"1954-11-01",,,7.2083879423329,,,,2.75,,,,
"1954-12-01",,,7.2083879423329,,,,2.75,,,,
"1955-01-01",,,7.2083879423329,,,,2.75,,,,
"1955-02-01",,,7.2083879423329,,,,2.75,,,,
"1955-03-01",,,7.27391874180865,,,,2.75,,,,
"1955-04-01",,,7.31760594145915,,,,3.75,,,,
"1955-05-01",,,7.31760594145915,,,,3.75,,,,
"1955-06-01",,,7.31760594145915,,,,3.75,,,,
"1955-07-01",,,7.42682394058541,,,,3.75,,,,
"1955-08-01",,,7.42682394058541,,,,3.75,,,,
"1955-09-01",,,7.49235474006116,,,,3.75,,,,
"1955-10-01",,,7.55788553953692,,,,3.75,,,,
"1955-11-01",,,7.66710353866317,,,,3.75,,,,
"1955-12-01",,,7.66710353866317,,,,3.75,,,,
"1956-01-01",,,7.66710353866317,,,,3.75,,,,
"1956-02-01",,,7.66710353866317,,,,3.75,,,,
"1956-03-01",,,7.71079073831367,,,,3.75,,,,
"1956-04-01",,,7.71079073831367,,,,3.75,,,,
"1956-05-01",,,7.77632153778943,,,,3.75,,,,
"1956-06-01",,,7.77632153778943,,,,3.75,,,,
"1956-07-01",,,7.77632153778943,,,,3.75,,,,
"1956-08-01",,,7.82000873743993,,,,3.75,,,,
"1956-09-01",,,7.77632153778943,,,,3.75,,,,
"1956-10-01",,,7.77632153778943,,,,3.75,,,,
"1956-11-01",,,7.88553953691568,,,,4,,,,
"1956-12-01",,,7.95107033639144,,,,4,,,,
"1957-01-01",,,8.06028833551769,,,,4,,,,5.17321000417321
"1957-02-01",,,8.06028833551769,,,,4,,,,5.17321000417321
"1957-03-01",,,7.99475753604194,,,,4,,,,5.17321000417321
"1957-04-01",,,8.06028833551769,,,,4,,,,5.17321000417321
"1957-05-01",,,8.06028833551769,,,,4,,,,5.17321000417321
"1957-06-01",,,8.1039755351682,,,,4,,,,5.17321000417321
"1957-07-01",,,8.16950633464395,,,,5,,,,5.17321000417321
"1957-08-01",,,8.1039755351682,,,,5,,,,5.17321000417321
"1957-09-01",,,8.16950633464395,,,,5,,,,5.17321000417321
"1957-10-01",,,8.21319353429445,,,,5,,,,5.17321000417321
"1957-11-01",,,8.21319353429445,,,,5,,,,5.17321000417321
"1957-12-01",,,8.27872433377021,,,,5,,,,5.17321000417321
"1958-01-01",,,8.32241153342071,,,,5,,,,5.17321000417321
"1958-02-01",,,8.45347313237222,,,,5,,,,5.17321000417321
"1958-03-01",,,8.45347313237222,,,,5,,,,5.17321000417321
"1958-04-01",,,8.49716033202272,,,,5,,,,5.17321000417321
"1958-05-01",,,8.49716033202272,,,,4.5,,,,5.17321000417321
"1958-06-01",,,8.49716033202272,,,,4.5,,,,5.17321000417321
"1958-07-01",,,8.49716033202272,,,,4.5,,,,5.17321000417321
"1958-08-01",,,8.49716033202272,,,,4.5,,,,5.17321000417321
"1958-09-01",,,8.49716033202272,,,,4.5,,,,5.17321000417321
"1958-10-01",,,8.49716033202272,,,,4.5,,,,5.17321000417321
"1958-11-01",,,8.49716033202272,,,,4.5,,,,5.17321000417321
"1958-12-01",,,8.49716033202272,,,,4.5,,,,5.17321000417321
"1959-01-01",,,8.49716033202272,,,,4.5,,,,5.17321000417321
"1959-02-01",,,8.49716033202272,,,,4.5,,,,5.17321000417321
"1959-03-01",,,8.49716033202272,,,,4.5,,,,5.17321000417321
"1959-04-01",,,8.49716033202272,,,,4.5,,,,5.17321000417321
"1959-05-01",,,8.49716033202272,,,,4.5,,,,5.17321000417321
"1959-06-01",,,8.49716033202272,,,,4.5,,,,5.17321000417321
"1959-07-01",,,8.49716033202272,,,,4.5,,,,5.17321000417321
"1959-08-01",,,8.56269113149847,,,,4.5,,,,5.17321000417321
"1959-09-01",,,8.60637833114897,,,,4.5,,,,5.17321000417321
"1959-10-01",,,8.60637833114897,,,,4.5,,,,5.17321000417321
"1959-11-01",,,8.60637833114897,,,,4.5,,,,5.17321000417321
"1959-12-01",,,8.60637833114897,,,,4.5,,,,5.17321000417321
"1960-01-01",,,8.89034512887724,,,,5,,,,5.17321000417321
"1960-02-01",,,8.89034512887724,,,,5,,,,5.17321000417321
"1960-03-01",,,8.89034512887724,,,,5,,,,5.17321000417321
"1960-04-01",,,8.82481432940149,,,,5,,,,5.17321000417321
"1960-05-01",,,8.89034512887724,,,,5,,,,5.17321000417321
"1960-06-01",,,8.89034512887724,,,,5,,,,5.17321000417321
"1960-07-01",,,8.89034512887724,,,,5,,,,5.17321000417321
"1960-08-01",,,8.89034512887724,,,,5,,,,5.17321000417321
"1960-09-01",,,8.89034512887724,,,,5,,,,5.17321000417321
"1960-10-01",,,8.89034512887724,,,,5,,,,5.17321000417321
"1960-11-01",,,8.95587592835299,,,,5,,,,5.17321000417321
"1960-12-01",,,8.95587592835299,,,,5,,,,5.17321000417321
"1961-01-01",,,8.99956312800349,,,48336.0713720195,5,,,,5.17321000417321
"1961-02-01",,,8.99956312800349,,,48288.6667370108,5,,,,5.17321000417321
"1961-03-01",,,9.06509392747925,,,48217.4880282489,5,,,,5.17321000417321
"1961-04-01",,,9.06509392747925,,,48179.7577830828,5,,,,5.17321000417321
"1961-05-01",,,9.06509392747925,,,48210.5430153756,5,,,,5.17321000417321
"1961-06-01",,,9.10878112712975,,,48347.32170336,5,,,,5.17321000417321
"1961-07-01",,,9.06509392747925,,,48667.0938468858,5,,,,5.17321000417321
"1961-08-01",,,9.10878112712975,,,48862.6290707783,5,,,,5.17321000417321
"1961-09-01",,,9.10878112712975,,,49035.1045982833,5,,,,5.17321000417321
"1961-10-01",,,9.10878112712975,,,49120.8322462574,5,,,,5.17321000417321
"1961-11-01",,,9.1743119266055,,,49463.5099706589,5,,,,5.17321000417321
"1961-12-01",,,9.1743119266055,,,50253.2016594027,5,,,,5.17321000417321
"1962-01-01",,,9.34906072520752,,,50081.0228592081,5,,,,5.17321000417321
"1962-02-01",,,9.34906072520752,,,49960.751690234,5,,,,5.17321000417321
"1962-03-01",,,9.39274792485802,,,50846.1587123128,5,,,,5.17321000417321
"1962-04-01",,,9.45827872433377,,,51797.525619718,4.5,,,,5.17321000417321
"1962-05-01",,,9.56749672346003,,,51746.4209972279,4.5,,,,5.17321000417321
"1962-06-01",,,9.56749672346003,,,52369.4720081646,4,,,,5.17321000417321
"1962-07-01",,,9.61118392311053,,,52822.1919285065,4,,,,5.17321000417321
"1962-08-01",,,9.61118392311053,,,53424.1092147782,4,,,,5.17321000417321
"1962-09-01",,,9.56749672346003,,,53998.4432820217,4,,,,5.17321000417321
"1962-10-01",,,9.56749672346003,,,54426.5566548392,4,,,,5.17321000417321
"1962-11-01",,,9.61118392311053,,,54861.9838026245,4,,,,5.17321000417321
"1962-12-01",,,9.61118392311053,,,55141.7280183894,4,,,,5.17321000417321
"1963-01-01",,,9.67671472258628,,,55374.6761539553,3.5,,,,5.17321000417321
"1963-02-01",,,9.67671472258628,,,55494.7012940265,3.5,,,,5.17321000417321
"1963-03-01",,,9.72040192223679,,,56348.7400467965,3.5,,,,5.17321000417321
"1963-04-01",,,9.78593272171254,,,56626.8443187432,3.5,,,,5.17321000417321
"1963-05-01",,,9.78593272171254,,,57239.066257337,3.5,,,,5.17321000417321
"1963-06-01",,,9.78593272171254,,,57547.3982218827,4,,,,5.17321000417321
"1963-07-01",,,9.78593272171254,,,58010.4562598109,4,,,,5.17321000417321
"1963-08-01",,,9.85146352118829,,,58399.5555750908,4,,,,5.17321000417321
"1963-09-01",,,9.85146352118829,,,58751.8446297086,4,,,,5.17321000417321
"1963-10-01",,,9.85146352118829,,,59154.8923207081,4,,,,5.17321000417321
"1963-11-01",,,9.89515072083879,,,59451.9054839622,4,,,,5.17321000417321
"1963-12-01",,,9.96068152031455,,,59902.526407925,4,,,,5.17321000417321
"1964-01-01",,,9.96068152031455,,,59990.609374185,4.5,,,,5.17321000417321
"1964-02-01",,,9.96068152031455,,,60028.2181818536,4.5,,,,5.17321000417321
"1964-03-01",,,10.004368719965,,,60890.9268958601,4.5,,,,5.17321000417321
"1964-04-01",,,10.004368719965,,,61157.8839932639,4.5,,,,5.17321000417321
"1964-05-01",,,10.0698995194408,,,61295.3978499004,4.5,,,,5.17321000417321
"1964-06-01",,,10.0698995194408,,,61483.2448897355,4.5,,,,5.17321000417321
"1964-07-01",,,10.1135867190913,,,61808.7427214856,4.5,,,,5.17321000417321
"1964-08-01",,,10.1791175185671,,,62230.5548042084,4.5,,,,5.17321000417321
"1964-09-01",,,10.2228047182176,,,62799.7885073313,4.5,,,,5.17321000417321
"1964-10-01",,,10.2228047182176,,,63308.8117431927,4.5,,,,5.17321000417321
"1964-11-01",,,10.2883355176933,,,63826.6751484197,5,,,,5.17321000417321
"1964-12-01",,,10.2883355176933,,,64481.8943778881,5,,,,5.17321000417321
"1965-01-01",,,10.3538663171691,,,64933.4384432021,5,,,,5.17321000417321
"1965-02-01",,,10.3538663171691,,,65258.2718961159,5,,,,5.17321000417321
"1965-03-01",,,10.3975535168196,,,65247.5568659684,5,,,,5.17321000417321
"1965-04-01",,,10.4630843162953,,,65566.448269139,5.5,,,,5.17321000417321
"1965-05-01",,,10.4630843162953,,,65237.6913374958,5.5,,,,5.17321000417321
"1965-06-01",,,10.5067715159458,,,66538.6527661613,5.5,,,,5.17321000417321
"1965-07-01",,,10.7907383136741,,,66061.5683615864,5.5,,,,5.17321000417321
"1965-08-01",,,10.7907383136741,,,66508.2930675715,5.5,,,,5.17321000417321
"1965-09-01",,,10.7907383136741,,,66655.3243873726,5.5,,,,5.17321000417321
"1965-10-01",,,10.8562691131498,,,67033.7219710809,5.5,,,,5.17321000417321
"1965-11-01",,,10.8562691131498,,,67610.8844365068,5.5,,,,5.17321000417321
"1965-12-01",,,10.8999563128003,,,67981.6788634511,5.5,,,,5.17321000417321
"1966-01-01",,,11.0747051114024,,,68656.7245239233,5.5,,,,5.17321000417321
"1966-02-01",,,11.1839231105286,,,69213.9986468247,5.5,,,,5.17321000417321
"1966-03-01",,,11.2494539100044,,,69369.9051627835,5.5,,,,5.17321000417321
"1966-04-01",,,11.2494539100044,,,69854.8450968535,5.5,,,,5.17321000417321
"1966-05-01",,,11.2931411096549,,,70397.8955885761,5.5,,,,5.17321000417321
"1966-06-01",,,11.3586719091306,,,71594.841714201,6,,,,5.17321000417321
"1966-07-01",,,11.2931411096549,,,71752.6751938112,6,,,,5.17321000417321
"1966-08-01",,,11.3586719091306,,,72245.191993262,6,,,,5.17321000417321
"1966-09-01",,,11.4023591087811,,,72534.5320651474,6,,,,5.17321000417321
"1966-10-01",,,11.4678899082569,,,73161.6036061648,6,,,,5.17321000417321
"1966-11-01",,,11.4678899082569,,,73542.0443851022,6,,,,5.17321000417321
"1966-12-01",,,11.5115771079074,,,73614.1119873975,6,,,,5.17321000417321
"1967-01-01",,,11.5771079073831,,,75123.7624311703,6,,,,5.17321000417321
"1967-02-01",,,11.6863259065094,,,75993.9762051893,5.5,,,,5.17321000417321
"1967-03-01",,,11.7518567059851,,,76344.086379061,5,,,,5.17321000417321
"1967-04-01",,,11.7518567059851,,,76894.2838411547,5,,,,5.17321000417321
"1967-05-01",,,11.7955439056356,,,77809.7885101907,5,,,,5.17321000417321
"1967-06-01",,,11.7955439056356,,,78755.8841756093,5,,,,5.17321000417321
"1967-07-01",,,11.8610747051114,,,79517.77151547,5,,,,5.17321000417321
"1967-08-01",,,11.8610747051114,,,80508.6901519982,5,,,,5.17321000417321
"1967-09-01",,,11.9047619047619,,,81229.3747557798,5,,,,5.17321000417321
"1967-10-01",,,11.9047619047619,,,82248.7893693146,5,,,,5.17321000417321
"1967-11-01",,,11.8610747051114,,,82591.3633545135,5,,,,5.17321000417321
"1967-12-01",,,11.8610747051114,,,83464.5916997914,6,,,,5.17321000417321
"1968-01-01",,,11.9047619047619,,,83877.0705813328,6,,,,5.17321000417321
"1968-02-01",,,11.9702927042377,,,84823.18607756,5.5,,,,5.17321000417321
"1968-03-01",,,12.0139799038882,,,85268.1874959196,5.5,,,,5.17321000417321
"1968-04-01",,,12.0139799038882,,,86472.6210602921,5.5,,,,5.17321000417321
"1968-05-01",,,11.9702927042377,,,86946.3235876195,5.5,,,,5.17321000417321
"1968-06-01",,,12.0139799038882,,,87910.3599187467,5.5,,,,5.17321000417321
"1968-07-01",,,12.0795107033639,,,88756.6651334611,5.5,,,,5.17321000417321
"1968-08-01",,,12.0139799038882,,,89760.3712092066,5.5,,,,5.17321000417321
"1968-09-01",,,12.0795107033639,,,90731.4350334027,5.5,,,,5.17321000417321
"1968-10-01",,,12.0795107033639,,,91395.0667176302,5,,,,5.17321000417321
"1968-11-01",,,12.0139799038882,,,91770.9230957602,5,,,,5.17321000417321
"1968-12-01",,,12.1450415028397,,,93084.6051428987,5,,,,5.17321000417321
"1969-01-01",,,12.1887287024902,,,93200.0620987537,5,,,,5.17321000417321
"1969-02-01",,,12.1887287024902,,,94048.8376972984,6,,,,5.17321000417321
"1969-03-01",,,12.2542595019659,,,94894.9169283644,6,,,,5.17321000417321
"1969-04-01",,,12.2979467016164,,,95392.5562362814,6,,,,5.17321000417321
"1969-05-01",,,12.2979467016164,,,96010.2121969422,6,,,,5.17321000417321
"1969-06-01",,,12.2979467016164,,,95755.041013283,6,,,,5.17321000417321
"1969-07-01",,,12.3634775010922,,,96781.8900264257,7,,,,5.17321000417321
"1969-08-01",,,12.4071647007427,,,96928.3113460767,7,,,,5.17321000417321
"1969-09-01",,,12.4071647007427,,,97510.7861033557,7,,,,5.17321000417321
"1969-10-01",,,12.4726955002184,,,97587.6526981966,7,,,,5.17321000417321
"1969-11-01",,,12.5163826998689,,,98245.3509924188,7,,,,5.17321000417321
"1969-12-01",,,12.5819134993447,,,97706.031960631,7,,,,5.17321000417321
"1970-01-01",,,12.7566622979467,,,98875.9505088316,7,,,,5.17321000417321
"1970-02-01",,,12.9750982961992,,,98986.8326942529,7,,,,5.17321000417321
"1970-03-01",,,13.0187854958497,,,99222.8167563206,7,,,,5.17321000417321
"1970-04-01",,,13.0843162953255,,,99079.6809580044,7,,,,5.17321000417321
"1970-05-01",,,13.1498470948012,,,98716.4722465783,7,,,,5.17321000417321
"1970-06-01",,,13.1935342944517,,,99582.3341485502,7,,,,5.17321000417321
"1970-07-01",,,13.2590650939275,,,99050.5928255475,7,,,,5.17321000417321
"1970-08-01",,,13.302752293578,,,100052.589669917,7,,,,5.17321000417321
"1970-09-01",,,13.3682830930537,,,100125.155547173,7,,,,5.17321000417321
"1970-10-01",,,13.4119702927042,,,101151.593049646,7,,,,5.17321000417321
"1970-11-01",,,13.5430318916557,,,101689.248438482,7,,,,5.17321000417321
"1970-12-01",,,13.5867190913062,,,103244.190722531,7,,,,5.17321000417321
"1971-01-01",,,14.0454346876365,,,104631.429969156,7,,,,5.17321000417321
"1971-02-01",,,14.0454346876365,,,104789.835524715,7,,,,5.17321000417321
"1971-03-01",,,14.089121887287,,,105230.346643658,6.5,,,,5.17321000417321
"1971-04-01",,,14.0454346876365,,,105805.671792413,6,,,,5.17321000417321
"1971-05-01",,,13.9799038881608,,,106982.420111094,6,,,,5.17321000417321
"1971-06-01",,,14.0454346876365,,,107517.692318238,6,,,,5.17321000417321
"1971-07-01",,,14.089121887287,,,108540.441207973,6,,,,5.17321000417321
"1971-08-01",,,14.3075578855395,,,109479.849222251,6,,,,5.173209999
"1971-09-01",,,14.3075578855395,,,110587.167760902,5.5,,,,5.075999999
"1971-10-01",,,14.4823066841415,,,111528.836868634,5.5,,,,5.029999999
"1971-11-01",,,14.4167758846658,,,113345.197991815,5,,,,5.007999999
"1971-12-01",,,14.5915246832678,,,113572.317831721,5,,,,5.01118294481974
"1972-01-01",,,14.7007426823941,,,115317.12746482,5,,,,4.828999999
"1972-02-01",,,14.7662734818698,,,115959.781083063,5,,,,4.800999999
"1972-03-01",,,14.8099606815203,,,117471.511435526,5,,,,4.777999999
"1972-04-01",,,14.8754914809961,,,118676.210936648,5,,,,4.788999999
"1972-05-01",,,14.9410222804718,,,119480.475360175,5,,,,4.759999999
"1972-06-01",,,14.9847094801223,,,120398.102364709,5,,,,4.745999999
"1972-07-01",,,15.0939274792486,,,121715.899305512,5,,,,4.736999999
"1972-08-01",,,15.1594582787243,,,122410.845074007,5,,,,4.732999999
"1972-09-01",,,15.2031454783748,,,123316.595486831,5,,,,4.734999999
"1972-10-01",,,15.2686762778506,,,125359.899200776,5,,,,4.750999999
"1972-11-01",,,15.2686762778506,,,126111.786765248,5,,,,4.745999999
"1972-12-01",,,15.4871122761031,,,126978.014225987,5,,,,4.743999999
"1973-01-01",,,15.5526430755789,,,128103.9570007,5,,,,4.741999999
"1973-02-01",,,15.6618610747051,,,129462.751011762,5,,,,4.580999999
"1973-03-01",,,15.7055482743556,,,130153.776445841,5,,,,4.477999999
"1973-04-01",,,15.8147662734819,,,132122.72759981,5,,,,4.512999999
"1973-05-01",,,15.8802970729576,,,133981.666984816,5,,,,4.436999999
"1973-06-01",,,16.0550458715596,,,135294.23051259,5,,,,4.213999999
"1973-07-01",,,16.0987330712101,,,137060.80715151,5,,,,4.036999999
"1973-08-01",,,16.1642638706859,,,137675.57501384,5,,,,4.147999999
"1973-09-01",,,16.2079510703364,,,139125.79901616,5,,,,4.204999999
"1973-10-01",,,16.3826998689384,,,139689.385059065,5,,,,4.178999999
"1973-11-01",,,16.5574486675404,,,141585.044399809,5,,,,4.341999999
"1973-12-01",,,16.6666666666667,,,143366.738594905,5,,,,4.530999999
"1974-01-01",,,16.8414154652687,,,143739.212698077,5,,,,4.795999999
"1974-02-01",,,17.2782874617737,,,145892.241949687,5,,,,4.679999999
"1974-03-01",,,17.4530362603757,,,146662.579255906,5,,,,4.569999999
"1974-04-01",,,17.3438182612495,,,147664.233305185,6,,,,4.402999999
"1974-05-01",,,17.2782874617737,,,149044.24976556,6,,,,4.270999999
"1974-06-01",,,17.3875054609,,,150914.446861136,6,,,,4.370999999
"1974-07-01",,,17.4530362603757,,,150697.796999189,6,,,,4.376999999
"1974-08-01",,,17.6059414591525,,,152516.55447726,7,,,,4.420999999
"1974-09-01",,,17.7806902577545,,,154251.011508001,7,,,,4.477999999
"1974-10-01",,,18.348623853211,,,153685.278845319,7,,,,4.395999999
"1974-11-01",,,18.5015290519878,,,155125.003132378,7,,,,4.316999999
"1974-12-01",,,18.5670598514635,,,156127.616836724,7,,,,4.193099999
"1975-01-01",,,18.5015290519878,,,156654.163589745,7,,,,4.040799999
"1975-02-01",,,18.6762778505898,,,157940.699699664,7,,,,3.981599999
"1975-03-01",,,18.785495849716,,,160107.578820684,7,,,,3.923099999
"1975-04-01",,,18.8510266491918,,,160643.84290067,7,,,,3.974499999
"1975-05-01",,,19.1349934469201,,,162083.021865608,7,,,,3.931599999
"1975-06-01",,,19.2442114460463,,,165121.147888556,7,,,,3.916499999
"1975-07-01",,,19.5063346439493,,,166213.891202542,7,,,,4.120299999
"1975-08-01",,,19.7466142420271,,,168973.22832173,6,,,,4.313599999
"1975-09-01",,,19.7466142420271,,,170077.906202058,6,,,,4.439699999
"1975-10-01",,,19.9650502402796,,,172386.276070554,6,,,,4.392799999
"1975-11-01",,,20.1834862385321,,,173663.436459666,6,,,,4.383899999
"1975-12-01",,,20.2490170380079,,,175821.527883854,6,,,,4.407899999
"1976-01-01",,,20.5329838357361,,,176940.627140533,5.5,,,,4.377599999
"1976-02-01",,,20.6858890345129,,,178122.537753058,5.5,,,,4.373699999
"1976-03-01",,,20.8606378331149,,,179682.075063086,5.5,,,,4.402599999
"1976-04-01",,,21.0353866317169,,,181758.142856299,5.5,,,,4.401999999
"1976-05-01",,,21.2538226299694,,,182950.699092445,5.5,,,,4.410499999
"1976-06-01",,,21.4067278287462,,,183973.934378007,6,,,,4.448199999
"1976-07-01",,,21.4067278287462,,,185048.578826578,6,,,,4.466199999
"1976-08-01",,,21.5814766273482,,,186324.428534799,6,,,,4.409299999
"1976-09-01",,,21.5814766273482,,,187181.881216092,6,,,,4.351899999
"1976-10-01",,,21.9309742245522,,,187307.578408052,8,,,,4.253299999
"1976-11-01",,,22.083879423329,,,186465.555277831,8,,,,4.214499999
"1976-12-01",,,22.1930974224552,,,184303.343508339,8,,,,4.160899999
"1977-01-01",,,22.3678462210572,,,187399.728235477,8,,,,4.212699999
"1977-02-01",,,22.6518130187855,,,188347.322589379,8,,,,4.246199999
"1977-03-01",,,22.870249017038,,,190148.117505764,8,,,,4.213599999
"1977-04-01",,,23.1542158147663,,,191994.694972472,8,,,,4.342899999
"1977-05-01",,,23.4381826124945,,,191682.351214453,8,,,,4.351599999
"1977-06-01",,,23.9405854084753,,,191060.261185659,8,,,,4.415999999
"1977-07-01",,,24.1590214067278,,,193629.516910236,8,,,,4.349599999
"1977-08-01",,,24.2027086063783,,,194035.102652284,8,,,,4.452399999
"1977-09-01",,,24.4866754041066,,,198012.184647556,8,,,,4.854299999
"1977-10-01",,,24.5958934032329,,,201862.581830143,8,,,,4.797599999
"1977-11-01",,,24.8361730013106,,,204236.227065352,8,,,,4.793199999
"1977-12-01",,,24.9890782000874,,,200823.336408838,8,,,,4.749599999
"1978-01-01",,,25.4914809960681,,,207869.508276334,8,,,,4.665099999
"1978-02-01",,,25.7754477937964,,,209296.242824941,7.5,,,,4.641899999
"1978-03-01",,,25.8409785932722,,,213281.872006172,7.5,,,,4.605799999
"1978-04-01",,,25.9938837920489,,,217193.902108148,7,,,,4.599699999
"1978-05-01",,,26.1249453910004,,,218750.13744245,7,,,,4.655699999
"1978-06-01",,,26.1686325906509,,,221655.548834025,7,,,,4.609599999
"1978-07-01",,,26.2778505897772,,,226465.614241764,6.5,,,,4.539699999
"1978-08-01",,,26.2341633901267,,,229472.766130197,6.5,,,,4.446199999
"1978-09-01",,,26.4525993883792,,,231300.902886935,6.5,,,,4.421499999
"1978-10-01",,,26.5618173875055,,,232538.347396206,6.5,,,,4.289799999
"1978-11-01",,,26.6710353866317,,,238605.308997507,6.5,,,,4.367999999
"1978-12-01",,,26.8457841852337,,,235415.368784694,6.5,,,,4.378699999
"1979-01-01",,,26.9986893840105,,,243472.112314983,6.5,,,,4.344999999
"1979-02-01",,,27.2389689820882,,,246033.723117422,6.5,,,,4.362599999
"1979-03-01",,,27.3481869812145,,,248927.764269163,6.5,,,,4.365899999
"1979-04-01",,,27.5229357798165,,,232745.616287126,6.5,,,,4.388899999
"1979-05-01",,,27.6758409785933,,,252588.011755264,6.5,,,,4.392799999
"1979-06-01",,,27.7850589777195,,,253901.143078648,6.5,,,,4.342199999
"1979-07-01",,,28.0253385757973,,,256777.591344162,7,,,,4.219599999
"1979-08-01",,,28.3966797728266,,,260297.356634321,7,,,,4.219799999
"1979-09-01",,,28.5277413717781,,,264563.101074656,8,,,,4.192199999
"1979-10-01",,,28.7898645696811,,,265255.047678906,8,,,,4.210599999
"1979-11-01",,,29.1830493665356,,,268933.056269877,9,,,,4.226199999
"1979-12-01",,,29.4670161642639,,,271985.223578447,9,,,,4.179199999
"1980-01-01",,,30.4281345565749,,,273423.414435506,10,,,,4.145999999
"1980-02-01",,,30.86500655308,,,274814.344191352,10,,,,4.168999999
"1980-03-01",,,31.039755351682,,,278441.547653691,10,,,,4.339599999
"1980-04-01",,,31.2581913499345,,,278491.381600937,10,,,,4.363899999
"1980-05-01",,,31.3674093490607,,,282480.624183997,10,,,,4.213799999
"1980-06-01",,,31.4329401485365,,,282676.513358084,10,,,,4.166499999
"1980-07-01",,,31.7169069462647,,,289735.894818619,10,,,,4.125799999
"1980-08-01",,,31.8698121450415,,,288543.480905668,10,,,,4.175399999
"1980-09-01",,,32.7653997378768,,,292144.787309659,10,,,,4.154199999
"1980-10-01",,,33.2678025338576,,,293059.566841454,10,,,,4.190599999
"1980-11-01",,,33.4425513324596,,,297168.499212415,10,,,,4.302099999
"1980-12-01",,,33.6173001310616,,,299072.522485497,10,,,,4.407999999
"1981-01-01",,,34.2070773263434,,,300226.942763459,12,,,,4.444399999
"1981-02-01",,,34.8842289209262,,,298629.207953775,12,,,,4.610399999
"1981-03-01",,,35.0371341197029,,,304483.624136725,12,,,,4.606999999
"1981-04-01",,,35.2555701179554,,,308862.763084464,12,,,,4.690099999
"1981-05-01",,,35.4958497160332,,,311605.718912902,12,,,,4.892699999
"1981-06-01",,,35.6050677151595,,,310602.321313138,12,,,,5.047999999
"1981-07-01",,,35.9327217125382,,,309412.452902157,12,,,,5.180699999
"1981-08-01",,,36.2166885102665,,,315515.950252737,12,,,,5.302399999
"1981-09-01",,,36.4788117081695,,,319530.020288928,12,,,,5.422299999
"1981-10-01",,,36.697247706422,,,324105.433932403,11,,,,5.536899999
"1981-11-01",,,36.8283093053735,,,321675.614550428,11,,,,5.483299999
"1981-12-01",,,36.6754041065968,,,337854.080995854,11,,,,5.543099999
"1982-01-01",,,37.4617737003058,,,336624.653810178,11,,,,5.618999999
"1982-02-01",,,37.9860200961118,,,343692.71825949,11,,,,5.758299999
"1982-03-01",,,38.0733944954128,,,344606.414541314,10,,,,5.831399999
"1982-04-01",,,38.3355176933159,,,348650.524057686,10,,,,5.912899999
"1982-05-01",,,38.5102664919179,,,349181.592160417,10,,,,5.774899999
"1982-06-01",,,38.6413280908694,,,361070.787182694,10,,,,6.012799999
"1982-07-01",,,38.9034512887724,,,357205.573486609,10,,,,6.112899999
"1982-08-01",,,38.9908256880734,,,360953.943655492,10,,,,6.137299999
"1982-09-01",,,39.2311052861512,,,358636.951344753,10,,,,6.220399999
"1982-10-01",,,39.7553516819572,,,364410.196319506,10,,,,7.153099999
"1982-11-01",,,40.083005679336,,,359596.649255601,10,,,,7.505799999
"1982-12-01",,,40.170380078637,,,362386.515410717,10,,,,7.352499999
"1983-01-01",,,41.1970292704238,3.4,,370232.908382043,9,,,,7.321099999
"1983-02-01",,,41.1096548711228,3.7,,378345.533838682,9,,,,7.431299999
"1983-03-01",,,41.2625600698995,3.7,,377214.886603486,9,,,,7.475699999
"1983-04-01",,,41.5902140672783,3.4,,375727.52514194,8.5,,,,7.483699999
"1983-05-01",,,41.830493665356,3.7,,376444.502199604,8.5,,,,7.493799999
"1983-06-01",,,42.0707732634338,3.9,,383158.1397157,8.5,,,,7.633099999
"1983-07-01",,,42.4202708606378,3.7,,386817.137916419,8.5,,,,7.685399999
"1983-08-01",,,42.5950196592398,3.8,,388304.491667824,8.5,,,,7.858399999
"1983-09-01",,,42.9226736566186,3.8,,392149.210382793,8.5,,,,7.874099999
"1983-10-01",,,43.2721712538226,3.7,,390447.592204302,8.5,,,,7.779799999
"1983-11-01",,,43.5342944517256,3.7,,390738.931401361,8.5,,,,7.912899999
"1983-12-01",,,43.8837920489297,3.6,,386337.592995017,8.5,,,,8.055999999
"1984-01-01",,,44.4954128440367,3.7,,390772.269944822,8.5,,,,8.168899999
"1984-02-01",,,44.3206640454347,3.4,,391897.26154469,8.5,,,,8.025099999
"1984-03-01",,,44.9759720401922,3.3,,395953.916842452,8.5,,,,7.728199999
"1984-04-01",,,45.2599388379205,3.5,,396571.461507194,8.5,,,,7.829499999
"1984-05-01",,,45.565749235474,3.3,,389958.748070329,8.5,,,,8.080699999
"1984-06-01",,,45.4346876365225,3.2,,388106.274402025,9.5,,,,8.096499999
"1984-07-01",,,45.565749235474,3.3,,393661.074898591,9.5,,,,8.3029
"1984-08-01",,,45.915246832678,3.2,,394630.279762404,9.5,,,,8.3551
"1984-09-01",,,46.2210572302315,2.9,,396011.213425031,9.5,,,,8.564
"1984-10-01",,,46.4394932284841,3.3,,400926.468607736,9.5,,,,8.6837
"1984-11-01",,,46.7234600262123,3,,403664.047760898,9.5,,,,8.5827
"1984-12-01",,,47.4879860200961,2.9,,413055.245963288,9.5,,,,8.844299999
"1985-01-01",,,47.7501092179991,3.1,,400255.901289698,9.5,,,,9.0641
"1985-02-01",,,48.1869812145042,2.9,,400848.52983067,9.5,,,,9.315599999
"1985-03-01",,,48.5364788117082,3,,398288.211467999,9.5,,,,9.414899999
"1985-04-01",,,48.7330712101354,3,,401459.678304208,9.5,,,,8.9672
"1985-05-01",,,49.301004805592,3,,397374.251848361,11.5,,,,9.008099999
"1985-06-01",,,49.1044124071647,2.9,,391713.081706626,11.5,,,,8.8507
"1985-07-01",,,49.0825688073394,2.8,,397330.515557989,10.5,,,,8.4919
"1985-08-01",,,49.0825688073394,2.8,,395522.94560208,10.5,,,,8.299699999
"1985-09-01",,,49.301004805592,2.8,,393682.802105665,10.5,,,,8.3924
"1985-10-01",,,49.6286588029707,2.6,,397043.043612756,10.5,,,,7.955
"1985-11-01",,,49.9344692005242,2.7,,396307.77333499,10.5,,,,7.8041
"1985-12-01",,,50.1310615989515,2.8,,409563.198082427,10.5,,,,7.6834
"1986-01-01",,,50.7208387942333,2.7,,408374.61745927,9.5,,,,7.5895
"1986-02-01",,,50.7426823940585,2.9,,408217.080971134,9.5,,,,7.3996
"1986-03-01",,,50.6553079947575,2.9,,410889.721453569,8.5,,,,7.2348
"1986-04-01",,,50.9611183923111,2.6,,413555.670434932,8,,,,7.241
"1986-05-01",,,50.9611183923111,2.8,,425374.755970357,8,,,,7.1514
"1986-06-01",,,50.9611183923111,2.6,,428358.44433899,8,,,,7.2083
"1986-07-01",,,51.0921799912626,2.5,,428455.884035207,8,,,,7.0626
"1986-08-01",,,51.0266491917868,2.6,,436021.514871706,8,,,,6.927
"1986-09-01",,,51.4853647881171,2.6,,440541.868567707,7.5,,,,6.9135
"1986-10-01",,,51.6601135867191,2.6,,438879.97347824,7.5,,,,6.8782
"1986-11-01",,,51.6601135867191,2.7,,445129.177321272,7.5,,,,6.9628
"1986-12-01",,,51.7911751856706,2.6,,452560.108045525,7.5,,,,6.9143
"1987-01-01",,,52.4683267802534,2.3,,448242.595878044,8.7,,11.68,,6.6015
"1987-02-01",,,52.4683267802534,2.4,,452225.448733192,11.5,,11.47,,6.5068
"1987-03-01",,,52.5557011795544,2.4,,448668.176118444,11.73,,11.23,,6.411
"1987-04-01",,,52.6867627785059,2.3,,455558.075361243,8.5,,11.21,,6.3131
"1987-05-01",,,52.7304499781564,2.3,,465502.920597823,8.74,,11.78,,6.247
"1987-06-01",,,52.6212319790301,2.3,,467843.367043402,7.9,,11.78,,6.3427
"1987-07-01",,,53.2546963739624,2.2,,464669.365904175,8.52,,11.77,,6.4345
"1987-08-01",,,53.5605067715159,2.4,,466175.849400194,8.19,,11.97,,6.4844
"1987-09-01",,,54.0629095674967,1.9,,468972.43679522,8.64,,12.02,,6.3752
"1987-10-01",,,54.2813455657492,2,,471078.280770881,8.64,,12,,6.3539
"1987-11-01",,,54.4779379641765,1.9,,476254.032692661,8.67,,11.59,,6.0672
"1987-12-01",,,54.4779379641765,1.8,,471319.830171134,8.2,,11.71,,5.948
"1988-01-01",,,54.7619047619048,2,,472287.99129979,8.2,,11.66,,5.9672
"1988-02-01",,,55.1769331585845,1.8,,475542.10124615,9.05,,11.29,,6.0492
"1988-03-01",,,55.4390563564875,1.9,,479766.334646259,9.27,,11.33,,5.9475
"1988-04-01",,,55.9196155526431,1.8,,477700.295266416,9.27,,11.35,,5.8862
"1988-05-01",,,56.0943643512451,1.9,,481690.928916513,10,,11.53,,5.9023
"1988-06-01",,,56.2691131498471,1.8,,486009.51390197,10,,11.29,,6.0858
"1988-07-01",,,56.5093927479249,1.9,,489375.094217942,10,,11.36,,6.3357
"1988-08-01",,,56.6404543468764,1.8,,491389.290473587,10,,11.56,,6.4744
"1988-09-01",,,57.0554827435561,1.8,,493519.617668421,10,,11.47,,6.4393
"1988-10-01",,,57.5141983398864,1.8,,497416.848654501,11,,11.36,,6.2762
"1988-11-01",,,57.6015727391874,1.7,,502240.254808891,9,,11.05,,6.0881
"1988-12-01",,,57.7326343381389,1.4,,496476.095122934,11,,10.93,,6.0739
"1989-01-01",,,58.4097859327217,1.5,,502485.565051557,10,,10.47,,6.2558
"1989-02-01",,,58.7155963302752,1.7,,514836.637801712,11,,10.52,,6.3154
"1989-03-01",,,58.9340323285277,1.6,,504457.057507002,11,,10.92,,6.37591
"1989-04-01",,,59.5238095238095,1.6,,514717.529656915,11,,11.05,,6.3615
"1989-05-01",,,59.7640891218873,1.6,,510610.941387604,11,,11.05,,6.5879
"1989-06-01",,,59.9606815203146,1.5,,517177.558042505,11,,11.12,,6.6861
"1989-07-01",,,59.9606815203146,1.3,,521184.465710565,12,,11.2,,6.4717
"1989-08-01",,,60.2228047182176,1.5,,525978.517024005,12,,11.01,,6.5384
"1989-09-01",,,60.7033639143731,1.5,,529228.377647815,12,,10.98,,6.6027
"1989-10-01",,,61.2057667103539,1.7,,533286.763665756,11,,11.17,,6.4518
"1989-11-01",,,61.3368283093054,1.5,,537331.950444657,12,,12.12,,6.423
"1989-12-01",,,61.5334207077326,1.5,,547186.930350375,12,,12.55,,6.2923
"1990-01-01",,,63.4993446920052,1.5,,560134.853983153,13,,12.87,,6.1798
"1990-02-01",,,63.8051550895588,1.4,,569730.565599624,13,,13.7,,6.1077
"1990-03-01",,,65.5526430755789,1.4,,559058.43770625,13,,13.75,,6.1637
"1990-04-01",,,65.4871122761031,1.4,,562936.43200104,12,,13.64,,6.1179
"1990-05-01",,,65.8802970729576,1.7,,559118.613229602,12,,13.28,,6.051
"1990-06-01",,,65.8147662734819,1.5,,562688.666298124,12,,12.89,,6.09198
"1990-07-01",,,66.4482306684142,1.7,,561641.271991212,12,,12.82,,5.9512
"1990-08-01",,,66.8851026649192,1.7,,565159.338864139,13,,13.26,,5.7737
"1990-09-01",,,67.649628658803,1.9,,570064.392901421,12,,13.35,,5.767
"1990-10-01",,,68.1083442551332,2,,568282.910519932,16,,13.25,,5.6439
"1990-11-01",,,68.3267802533857,2.3,,576403.201219713,14,,12.8,,5.5641
"1990-12-01",,,68.26124945391,2.2,,611227.611116862,14,,12.3,,5.6135
"1991-01-01",,,69.8558322411533,2.2,,597411.499435564,13,,11.85,,5.6402
"1991-02-01",,,71.7999126256007,2.5,,610104.783003317,12,,11.15,,5.5339
"1991-03-01",,,72.0620358235037,2.6,,615384.364092655,12,12.3369523809524,11.33,,5.8599
"1991-04-01",,,72.4770642201835,2.7,,612643.139852778,12,12.5380909090909,11.34,,6.1221
"1991-05-01",,,72.5425950196592,2.7,,621649.038967673,10,12.040347826087,10.79,,6.1451
"1991-06-01",,,72.433377020533,2.8,,632424.943483814,10,10.7826,10.6,,6.4238
"1991-07-01",,,72.4770642201835,3.2,,632887.197099131,10,10.7581739130435,10.61,,6.4682
"1991-08-01",,,72.346002621232,3.4,,628114.64721106,10,10.8557727272727,10.62,,6.3367
"1991-09-01",,,73.1542158147663,3.5,,638937.693169786,10,10.5655238095238,10.18,,6.1791
"1991-10-01",,,73.4381826124945,3.7,,638970.155540663,10.5,11.1000869565217,10,,6.1604
"1991-11-01",,,73.7439930100481,3.8,,639093.386015182,11.5,11.3394761904762,9.84,,5.931
"1991-12-01",,,73.656618610747,4.1,,638283.921078455,14.5,13.7483636363636,10,,5.7692
"1992-01-01",,,73.4600262123198,4.3,,631556.074029632,12,12.750652173913,9.54,,5.7509
"1992-02-01",,,73.5037134119703,4.6,,628743.179134,12,12.4308,9.45,,5.8829
"1992-03-01",,,73.8095238095238,4.8,,634939.793850477,11,11.7101363636364,9.42,,6.0259
"1992-04-01",,,74.0061162079511,5,,634099.13155515,11.5,11.9426818181818,9.55,,5.9574
"1992-05-01",,,74.0498034076016,5.4,,638324.676464148,11.5,11.8138571428571,9.54,,5.834
"1992-06-01",,,73.8750546089996,5.4,,636331.41023679,11.5,11.837,9.65,,5.6862
"1992-07-01",,,73.7876802096986,5.8,,634174.753809099,12,12.001652173913,9.86,,5.4
"1992-08-01",,,73.8095238095238,6,,633406.824910283,16,13.249380952381,10.6,,5.2927
"1992-09-01",,,74.8798602009611,6.1,,612010.30387389,40,22.4388636363636,11.22,,5.3658
"1992-10-01",,,75.0327653997379,6.3,,613181.68780367,12.5,15.3237727272727,10.98,,5.5835
"1992-11-01",,,74.6832678025339,6.5,,643017.535350374,12.5,13.8511428571429,10.63,,6.2255
"1992-12-01",,,74.9672346002621,6.7,,662589.116566608,11,11.7626956521739,9.79,,6.8812
"1993-01-01",,,76.9113149847095,7.5,,669219.136151175,10.5,10.4382380952381,10.17,,7.2485
"1993-02-01",,,77.1079073831367,7.6,,673150.23497152,9.75,9.89025,9.83,,7.5068
"1993-03-01",,,77.4574049803408,8,,665216.608321163,9.75,9.86826086956522,9.4,,7.7396
"1993-04-01",,,77.7632153778943,8.6,,664131.458708369,9.25,9.80681818181818,9.44,,7.4553
"1993-05-01",,,77.5884665792923,8.7,,672434.44519659,8.75,8.9352380952381,9.12,,7.3327
"1993-06-01",,,77.3263433813893,9.8,,669446.215625601,8.75,8.60045454545454,8.71,,7.4232
"1993-07-01",,,77.1952817824377,9.7,,679899.845584778,8.5,8.57954545454545,8.27,,7.9687
"1993-08-01",,,77.3263433813893,9.5,,682360.025963722,8,7.97227272727273,7.66,,8.0605
"1993-09-01",,,78.0253385757973,9.7,,684591.667195975,8,7.94681818181818,7.82,,8.01973
"1993-10-01",,,78.2437745740498,9.8,,694303.443651714,7.75,7.84714285714286,7.59,,8.02274
"1993-11-01",,,78.2874617737003,9.8,,689867.260368337,7.75,7.62545454545455,7.52,,8.25713
"1993-12-01",,,77.9598077763215,9.8,,694056.83687095,7.75,7.57695652173913,7.3,,8.36622
"1994-01-01",,,78.2219309742245,9.9,,703373.911293368,7.5,7.52904761904762,7.05,127.182103426421,8.12548
"1994-02-01",,,78.4840541721276,9.8,,705844.233054277,7.25,7.4395,7.15,128.56237431632,7.97488
"1994-03-01",,,78.7680209698558,9.5,,706687.628535941,7.25,7.29695652173913,7.87,128.16801120492,7.90188
"1994-04-01",,,79.0738313674094,9.3,,713136.015940124,7.25,7.33857142857143,8.64,129.088191798186,7.8779
"1994-05-01",,,79.2485801660114,9.2,,710527.802506517,7,7.16227272727273,8.91,129.717294856848,7.71538
"1994-06-01",,,79.2704237658366,9.6,,713821.290091864,6.92,7.15,10.01,126.468493986745,7.8131
"1994-07-01",,,79.2704237658366,9.4,,718945.441182416,6.92,7.63428571428571,10.9,124.224380090923,7.7683
"1994-08-01",,,79.3141109654871,9.3,,703942.87618263,7.2,7.95608695652174,11.44,124.074146524675,7.74166
"1994-09-01",,,80.0131061598952,9,,712631.481365517,7.2,8.01727272727273,11.41,127.022480262283,7.53927
"1994-10-01",,,80.1004805591962,9,,708553.444473533,7.2,8.14333333333333,11.1,129.717294856848,7.26684
"1994-11-01",,,80.0349497597204,9,,709713.486720311,7.4,8.16636363636364,11.09,128.862841448815,7.35075
"1994-12-01",,,79.9038881607689,9,,702045.30540009,7.6,8.20454545454546,10.84,127.698531310397,7.5162
"1995-01-01",,,80.1878549584972,9,,704713.918050827,7.6,8.21909090909091,11,126.76896111924,7.46754
"1995-02-01",,,80.5155089558759,8.8,,703184.240499862,7.83,8.1235,10.71,126.797129912911,7.38454
"1995-03-01",,,80.8431629532547,8.7,,704397.738580871,8.2,8.74565217391304,11.17,124.440340842403,7.26859
"1995-04-01",,,81.389252948886,8.8,,706830.362182227,8.41,8.9105,11.41,121.247877559643,7.34091
"1995-05-01",,,81.476627348187,8.6,,702368.394792775,8.41,8.79086956521739,10.74,123.125797137738,7.28985
"1995-06-01",,,81.4110965487112,8.7,,711363.491667077,8.66,9.15,10.58,122.618758851652,7.25772
"1995-07-01",,,81.3237221494102,8.6,,711604.403764247,8.91,9.2752380952381,10.55,123.435653868123,7.17937
"1995-08-01",,,81.214504150284,8.7,,722305.171638967,8.91,9.16869565217391,10.22,125.332352641998,7.22687
"1995-09-01",,,81.7605941459152,8.7,,727394.907744633,8.91,9.04095238095238,9.63,128.703218284677,7.12572
"1995-10-01",,,81.9790301441678,8.9,,733180.301071509,8.91,8.92954545454546,9.3,132.336992668289,6.83471
"1995-11-01",,,81.9571865443425,9,,734497.537321123,8.91,8.81954545454545,8.99,137.135077190319,6.59308
"1995-12-01",,,81.6950633464395,9,,744843.76149616,8.91,8.71761904761905,8.61,137.313479550238,6.63032
"1996-01-01",,,81.564001747488,8.7,,737418.33078626,8.45,8.4095652173913,8.25,135.998935845572,6.72404
"1996-02-01",,,81.6295325469637,9.2,,748341.355253245,8.05,8.0352380952381,8.77,132.797082964922,6.8781
"1996-03-01",,,82.0227173438183,9.1,,770931.515377848,7.4,7.28809523809524,8.76,136.261844586506,6.72715
"1996-04-01",,,82.2193097422455,9.4,,775459.15262399,6.9,6.56545454545455,8.33,137.820517836324,6.72214
"1996-05-01",,,82.1100917431193,9.5,,783185.335827169,6.5,6.34173913043478,8.43,136.900337243058,6.79955
"1996-06-01",,,81.8042813455658,9.6,,784141.442199176,6.1,5.9885,8.34,138.383893709752,6.68135
"1996-07-01",,,81.6076889471385,9.5,,794472.976138486,5.55,5.66347826086957,8.26,137.75479065109,6.64245
"1996-08-01",,,81.214504150284,9.9,,797628.680226144,5.25,5.36272727272727,8.1,136.505974131658,6.61778
"1996-09-01",,,81.6950633464395,9.8,,807015.62743417,5.05,5.00809523809524,7.79,137.407375529143,6.64073
"1996-10-01",,,81.6732197466143,9.8,,802147.178250461,4.6,4.76782608695652,7.19,138.731308831699,6.60028
"1996-11-01",,,81.476627348187,9.9,,820000.614371442,4.35,4.64047619047619,7.26,136.027104639244,6.62351
"1996-12-01",,,81.3455657492355,10.1,,834848.265634323,4.1,4.17136363636364,6.85,133.567029991941,6.81439
"1997-01-01",,,81.2581913499345,10,,793427.354013917,4.1,4.04130434782609,6.74,131.172682529871,7.06705
"1997-02-01",,,81.127129750983,10.4,,804054.714773072,4.1,4.2215,6.68,128.36519276062,7.40005
"1997-03-01",,,81.4329401485365,10.4,,820366.61607635,4.1,4.34952380952381,7.1,125.726715753398,7.65428
"1997-04-01",,,82.0227173438183,10.2,,806255.575614126,4.1,4.30409090909091,7.24,126.15863725636,7.67125
"1997-05-01",,,82.0227173438183,10.2,,811835.302917504,4.1,4.33318181818182,7.01,125.426248620903,7.67329
"1997-06-01",,,82.1537789427698,10.5,,823594.093191367,4.1,4.36809523809524,6.8,124.844093551694,7.74168
"1997-07-01",,,82.1100917431193,10.1,,819386.041381554,4.1,4.43086956521739,6.44,125.989624494331,7.80463
"1997-08-01",,,82.1537789427698,9.6,,830690.184050363,4.1,4.50047619047619,6.53,126.149247658469,7.9962
"1997-09-01",,,82.9183049366536,9.5,,822207.406544801,4.1,4.49,6.38,129.905086814657,7.6995
"1997-10-01",,,82.8527741371778,9.4,,825330.855041061,4.1,4.58304347826087,6.22,130.675033841676,7.57188
"1997-11-01",,,82.7217125382263,9.2,,827123.889833481,4.1,4.694,6.3,129.388658930681,7.55358
"1997-12-01",,,82.6780253385758,8.8,,848576.621277368,4.35,4.83391304347826,6.03,128.909789438267,7.78534
"1998-01-01",,,81.9790301441678,8.8,596031.635243188,997686.905142963,4.35,4.77818181818182,5.65,126.75957152135,8.00852
"1998-02-01",,,81.8916557448668,8.8,594653.997893667,990280.281034431,4.35,4.706,5.53,124.487288831856,8.0781
"1998-03-01",,,82.0227173438183,8.4,591849.589022204,994303.250228991,4.35,4.62681818181818,5.35,126.271312431045,7.96781
"1998-04-01",,,82.2411533420708,8.7,587740.386931242,995175.378364828,4.35,4.61136363636364,5.21,128.139842411249,7.81203
"1998-05-01",,,82.3722149410223,8.9,591380.582246134,1006484.5419199,4.35,4.63238095238095,5.2,129.55767169271,7.69514
"1998-06-01",,,82.2193097422455,8.2,607209.967515367,988171.465890038,4.1,4.36590909090909,4.97,126.956753077049,7.90707
"1998-07-01",,,82.0227173438183,8.3,611090.769147906,1008830.77032348,4.1,4.24086956521739,4.88,125.848780525974,7.9857
"1998-08-01",,,81.6076889471385,8.1,618549.811716483,981781.514886809,4.1,4.32333333333333,4.8,123.210303518752,8.141068
"1998-09-01",,,81.9571865443425,7.6,624289.911601736,984810.628178136,4.1,4.30518181818182,4.79,123.097628344066,7.91052
"1998-10-01",,,82.1100917431193,7.4,618034.278066005,980873.840205117,4.1,4.27122727272727,4.72,120.515488924187,7.84895
"1998-11-01",,,81.913499344692,7.6,620405.69288864,988749.96681492,3.6,3.90166666666667,4.55,119.614087526702,7.99091
"1998-12-01",,,81.7605941459152,7.4,639965.520466955,983604.772574428,3.4,3.6004347826087,4.22,117.877011916965,8.0526
"1999-01-01",,,81.7605941459152,7.3,660350.762042451,1005622.61035335,3.4,3.43628571428571,4.02,122.215006142362,7.81931
"1999-02-01",,,81.8042813455658,7,672754.462680712,1003537.94100204,3.15,3.3135,4.18,123.266641106095,7.94584
"1999-03-01",,,82.1100917431193,7,663888.771182779,1001946.66646265,2.9,3.226,4.44,121.811253433072,8.21215
"1999-04-01",,,82.3066841415465,6.9,662111.036188513,1020330.55533369,2.9,2.99345454545455,4.24,120.938020829258,8.32092
"1999-05-01",,,82.437745740498,6.7,676480.420704207,1057744.22851754,2.9,3.10561904761905,4.5,119.811269082402,8.44276
"1999-06-01",,,82.5688073394495,6.7,681833.749850652,1061766.65585718,2.9,3.12145454545454,4.87,120.712670479887,8.5069
"1999-07-01",,,82.2193097422455,6.6,695115.715053508,1075790.89636463,2.9,3.22790909090909,5.26,121.285435951205,8.4575
"1999-08-01",,,82.2193097422455,6.7,698100.48092638,1093241.03733648,2.9,3.24986363636364,5.49,121.811253433072,8.25682
"1999-09-01",,,82.787243337702,6.6,703386.444502644,1085899.70243722,2.9,3.21772727272727,5.69,123.060069952504,8.22
"1999-10-01",,,82.874617737003,6.4,728352.074891007,1110954.40733581,2.9,3.73666666666667,5.92,122.412187698062,8.146
"1999-11-01",,,82.6561817387505,6.3,729744.282517186,1106318.48265572,3.25,3.70636363636364,5.56,121.595292681591,8.33784
"1999-12-01",,,82.8527741371778,6.3,743138.340323542,1107287.42046239,3.25,3.62652173913043,5.59,120.891072839806,8.4831
"2000-01-01",190594.781806062,76.6257080819275,82.175622542595,6.2,746139.682745718,1128165.17889571,3.25,3.69714285714286,5.95,119.614087526702,8.48306
"2000-02-01",195881.493079983,76.9785730435914,82.5688073394495,6.1,749203.183889062,1159220.38806292,3.75,4.09809523809524,5.9,119.961502648649,8.64619
"2000-03-01",196738.725113955,77.1894839254192,82.9401485364788,5.9,756759.257362589,1166492.58477953,3.75,4.15130434782609,5.51,120.928631231368,8.69457
"2000-04-01",196677.213499183,76.8254681627381,82.9838357361293,5.9,781478.554675476,1178727.92029144,3.75,4.1215,5.42,121.529565496358,8.72028
"2000-05-01",200107.579926161,77.2891048614927,83.3988641328091,5.6,772017.446232994,1165328.14861309,3.75,4.09434782608696,5.34,121.17276077652,9.08943
"2000-06-01",204237.206574656,77.4841910712282,83.3551769331586,5.8,754219.824182687,1162930.98221938,3.75,4.035,5.13,121.820643030962,8.74806
"2000-07-01",201228.240760481,77.337937631599,82.9838357361293,5.6,750677.59012237,1161110.10095866,3.75,4.18714285714286,5.31,119.435685166783,8.93464
"2000-08-01",204249.751259659,77.5589318723321,83.0493665356051,5.5,769836.760034211,1168307.72087273,3.75,4.10521739130435,5.31,117.848843123293,9.27337
"2000-09-01",205424.00797986,78.1348169058277,83.6173001310616,5.2,766746.73123435,1164533.8837796,3.75,4.06904761904762,5.26,116.374676254489,9.6569
"2000-10-01",204241.853918104,77.9653794881831,83.8138925294889,5.2,757427.427179211,1156902.61850309,3.75,4.02272727272727,5.23,114.205679141791,9.96182
"2000-11-01",207276.562738342,77.9852617051891,83.8357361293141,5.2,777584.142996724,1177054.33547357,3.75,4.02727272727273,5.13,113.031979405482,10.07795
"2000-12-01",202083.583343554,77.9056959617999,83.7702053298383,4.9,771111.792596576,1169166.51115615,4,4.13809523809524,4.92,114.496756676395,9.66066
"2001-01-01",204881.80395871,78.1020850769978,83.5080821319353,6.1,774338.930033128,1163889.8658444,4,4.14304347826087,4.89,113.351225733758,9.4669
"2001-02-01",206126.033681432,78.5627703852333,83.8138925294889,6,786236.126469535,1140758.52044009,4,4.129,4.86,111.980344441749,9.73571
"2001-03-01",208881.162359858,79.1836801725827,84.4473569244211,5.9,788864.938430836,1158211.17562684,4,4.09390909090909,4.75,110.562515160288,10.01464
"2001-04-01",205369.139997071,79.5790804603851,85.1681957186544,5.8,795156.360021174,1166513.18305362,4,4.06542857142857,4.93,110.693969530755,10.19868
"2001-05-01",210789.337250986,80.0266106183853,85.7579729139362,5.9,801884.301402825,1173745.73110414,4,4.11417391304348,5.27,110.412281594041,10.31363
"2001-06-01",208988.522751943,79.5873232660722,85.6269113149847,5.9,805320.332563875,1219970.29325128,4,4.3357619047619,5.38,107.416999866981,10.78347
"2001-07-01",206536.771102214,78.798263781238,85.1681957186544,6,801143.589112368,1191373.04365747,4.25,4.45309090909091,5.42,107.21042871339,10.76659
"2001-08-01",209245.025817294,78.9499485525815,85.4084753167322,6,802296.031586882,1204263.2664618,4.25,4.40947826086957,5.16,108.665816386413,10.3434
"2001-09-01",210565.203080493,79.9304523289597,86.1293141109655,6,808288.130957462,1231579.5692832,3.75,4.15565,5.26,105.445184309982,10.62127
"2001-10-01",211112.534863033,79.9014588631302,85.8890345128877,6.3,823451.432938776,1236079.302638,3.75,3.85952173913043,5.17,106.177572945439,10.55827
"2001-11-01",212411.342721721,80.0469935506262,85.910878112713,5.9,838624.913435608,1243863.77304025,3.75,3.84331818181818,4.96,107.154091126048,10.59648
"2001-12-01",212737.122415246,80.2482383931605,85.998252512014,6,825357.787361644,1157443.92832535,3.75,3.894,5.24,107.116532734486,10.55059
"2002-01-01",210783.353003288,79.8344698851228,85.7798165137615,5.9,815887.759151728,1157380.7110486,3.75,3.88465217391304,5.27,108.769101963208,10.43808
"2002-02-01",214399.694070427,80.0434898467121,85.9764089121887,5.9,822428.543413164,1154339.43569115,3.75,3.96795,5.36,108.787881158989,10.56032
"2002-03-01",217040.952926285,80.5692829563988,86.7409349060725,6,834112.133025107,1183609.99334717,4,4.21857142857143,5.63,110.844203097002,10.34137
"2002-04-01",216586.523880631,80.3666291701943,87.0904325032765,6.1,840557.063629861,1190115.73395185,4,4.39727272727273,5.69,110.046087276312,10.31048
"2002-05-01",217633.225164829,80.3824923472435,87.308868501529,5.9,822746.696367363,1189825.768691,4.25,4.47091304347826,5.69,110.252658429903,10.07566
"2002-06-01",216528.250954541,80.3570373253207,87.1778069025775,5.8,835527.288220184,1202657.52565698,4.25,4.48,5.52,112.938083426577,9.55726
"2002-07-01",217192.078952854,80.3425849831912,86.8938401048493,6.2,849829.880025255,1215711.49376979,4.25,4.48382608695652,5.37,111.942786050187,9.34135
"2002-08-01",217549.417493351,80.7089781382845,86.9375273044998,6,847888.499177973,1261266.71546203,4.25,4.43095454545455,5.13,111.830110875502,9.464
"2002-09-01",218879.503553795,81.4524361371039,87.5928352992573,6.3,857317.853238622,1235498.53360556,4.25,4.41661904761905,4.97,113.416952918991,9.3515
"2002-10-01",219262.72923013,81.6362518091903,87.8986456968108,6.2,847042.085104287,1243216.32054389,4.25,4.35926086956522,5.07,114.534315067957,9.27935
"2002-11-01",219133.964710883,81.3009573056788,87.6583660987331,6.3,844186.712718799,1231396.95516761,4,4.16471428571429,5.05,114.872340592014,9.18
"2002-12-01",221118.306058987,81.510871358513,87.7894276976846,6.4,857940.775122665,1245433.08748895,3.75,3.92254545454546,4.89,115.069522147714,8.94611
"2003-01-01",224097.582423542,81.713777931499,88.0733944954129,6.5,852455.687276897,1244627.90686891,3.75,3.88526086956522,4.7,115.708014804266,8.63738
"2003-02-01",224139.244350812,82.3533586991494,88.8379204892966,6.1,846795.839486988,1262830.55953365,3.75,3.8338,4.47,117.510817599236,8.48941
"2003-03-01",224783.173225646,82.61347037817,89.2966360856269,6.5,870797.350725333,1264585.32486515,3.5,3.64119047619048,4.57,117.125844085727,8.53964
"2003-04-01",225556.360264644,82.0953640528166,88.9689820882481,6.5,869856.586505311,1257412.74137775,3.5,3.6275,4.72,117.595323980251,8.44287
"2003-05-01",221977.317393986,81.827227025138,88.8816076889471,6.4,874297.583295855,1263775.69763075,3.5,3.44004545454546,4.37,119.707983505606,7.90717
"2003-06-01",222790.322341371,81.8773992323374,88.6194844910441,6.5,889987.952664681,1246304.39141863,3,3.039,4.2,120.271359379035,7.81938
"2003-07-01",225718.995134743,82.1159779577754,88.3355176933159,6.6,894707.021575741,1246279.49558767,2.75,2.89978260869565,4.51,118.355881409379,8.0782
"2003-08-01",225462.581234511,82.205615584804,88.3136740934906,7,895364.580465226,1243031.40535136,2.75,2.92280952380952,4.7,116.703312180656,8.29605
"2003-09-01",228377.423630745,82.7900113989986,88.9471384884229,6.7,899330.215273988,1265188.50941199,2.75,2.92163636363636,4.73,119.200945219521,8.08589
"2003-10-01",227468.770519456,82.4284209020743,89.0126692878986,7,910264.204141375,1265703.64728919,2.75,2.92365217391304,4.85,121.107033591286,7.70681
"2003-11-01",226428.001404627,82.0403581169079,88.8160768894714,7.4,899717.502134908,1283242.80948705,2.75,2.9209,4.98,120.956800025039,7.68775
"2003-12-01",229931.228075918,82.268635349586,88.9034512887724,7.2,904364.267593596,1282367.84593403,2.75,2.90217391304348,4.86,122.205616544471,7.3451
"2004-01-01",231727.967915989,82.3364042866228,88.7287024901704,7,913801.364150705,1279853.31095958,2.75,2.80559090909091,4.65,121.17276077652,7.2446
"2004-02-01",231947.813245365,82.2256448745593,88.4884228920926,7.6,919175.120407518,1284015.1104107,2.5,2.63245,4.55,120.092957019116,7.25694
"2004-03-01",231785.218838645,82.7493209068829,89.1655744866754,7.6,915986.333169978,1273320.63267183,2.5,2.46265217391304,4.31,118.365271007269,7.5318
"2004-04-01",234680.913469925,82.5860901344423,89.1655744866754,7.3,910555.256675826,1273854.33894152,2,2.19322727272727,4.55,117.679830361265,7.64784
"2004-05-01",234055.914113287,82.7225881637661,89.3840104849279,7.8,919653.581737365,1274566.60226806,2,2.19928571428571,4.68,118.693906933436,7.60283
"2004-06-01",233427.172416788,82.4273343006217,89.0126692878986,7.6,919434.429331637,1253195.41570476,2,2.19763636363636,4.72,117.970907895869,7.53285
"2004-07-01",233394.621832478,82.7272442705308,88.8816076889471,7.3,917512.0454676,1279709.5016681,2,2.20063636363636,4.57,117.567155186579,7.49824
"2004-08-01",237547.464981381,82.8119931993938,88.7942332896461,7.4,926140.272933193,1281699.90646862,2,2.20013636363636,4.42,117.18218167307,7.54501
"2004-09-01",240090.91318614,83.332405836859,89.4276976845784,8,930177.935321288,1309818.19498096,2,2.20172727272727,4.37,119.18216602374,7.44209
"2004-10-01",239792.228058416,83.1439913556734,89.6679772826562,7.3,921536.20776925,1314351.27675473,2,2.2127619047619,4.25,120.036619431773,7.25713
"2004-11-01",238307.083114412,82.3561080996585,89.1655744866754,7.7,938261.406656521,1330806.5457219,2,2.19868181818182,4.13,120.97557922082,6.9277
"2004-12-01",233850.688827172,82.277965890104,89.1655744866754,7.6,932652.963715163,1331184.41743319,2,2.17882608695652,3.9,121.736136649948,6.69961
"2005-01-01",233009.487155831,82.0449050478202,88.6850152905199,7.9,943925.837919432,1333353.30913518,2,2.15347619047619,3.84,119.642256320373,6.8972
"2005-02-01",240269.966892067,82.7561692528413,89.1000436871996,8.3,957929.799188385,1353157.14977309,2,2.12395,3.76,118.693906933436,6.98196
"2005-03-01",240967.545952102,82.9682454252174,89.2966360856269,7.5,966902.863053478,1354792.80897629,2,2.11486956521739,3.86,118.656348541874,6.88596
"2005-04-01",238607.948778611,82.9003316295066,89.4276976845784,7.7,984134.017807654,1347430.45964625,2,2.11190476190476,3.58,116.834766551122,7.0856
"2005-05-01",240079.254817792,82.9651215703815,89.4495412844037,8.1,1001282.61113255,1370301.71713982,2,2.04527272727273,3.34,115.670456412704,7.24342
"2005-06-01",245261.796403597,83.1585979179792,89.4932284840542,8.3,1022866.74514894,1412553.76963478,1.5,1.82363636363636,3.11,113.125875384387,7.6233
"2005-07-01",246660.242156857,83.130697974515,89.1655744866754,8.2,1024738.26322294,1420062.55959053,1.5,1.64328571428571,3.06,110.759696715988,7.8325
"2005-08-01",242430.340986286,83.2608534623484,89.3184796854522,8,1014950.82197107,1427958.6813723,1.5,1.6665652173913,3.14,112.093019616435,7.59838
"2005-09-01",248907.416856857,84.0257814136971,89.9737876802097,7.6,1023200.69189912,1423883.06939278,1.5,1.66690909090909,2.98,111.961565245968,7.61738
"2005-10-01",249881.158718142,84.0805001001641,90.1266928789865,8.1,1052064.38357372,1485175.5278358,1.5,1.71652380952381,3.17,110.534346366617,7.84257
"2005-11-01",247091.86145819,83.7656559096326,89.908256880734,7.4,1052721.76847085,1462721.31198666,1.5,1.72181818181818,3.39,108.365349253918,8.11327
"2005-12-01",247770.979823668,83.9827877119738,89.9301004805592,7.9,1057444.28438096,1499865.98711871,1.5,1.88918181818182,3.37,109.80195773116,7.95552
"2006-01-01",252431.554088955,83.8221331708358,89.2311052861512,7.9,1085838.74859857,1517257.32244744,1.75,2.03013636363636,3.33,110.769086313879,7.69397
"2006-02-01",252381.029389977,84.1647335847083,89.6461336828309,7.2,1089494.34763801,1516130.36020382,1.75,2.1134,3.42,110.027308080531,7.82521
"2006-03-01",254887.416521068,84.5113365307884,90.2795980777632,7.6,1067249.14388613,1554322.88789537,2,2.22882608695652,3.55,110.083645667874,7.8222
"2006-04-01",256049.818100472,84.4696028832616,90.7383136740935,7.9,1092604.74749771,1578792.34706623,2,2.2731,3.84,111.276124599964,7.60798
"2006-05-01",259574.21607109,84.4648550791723,90.869375273045,7.3,1096417.50087813,1592685.17012527,2,2.31295652173913,3.89,112.027292431202,7.30746
"2006-06-01",258537.965828438,84.4650404453629,90.8475316732197,7.1,1099674.6103515,1646696.16032602,2.25,2.4655,3.93,113.445121712663,7.30101
"2006-07-01",257596.795321267,84.450155961632,90.694626474443,7.1,1112373.28736562,1663241.1002169,2.25,2.55695238095238,3.96,113.623524072582,7.26733
"2006-08-01",261716.799345969,84.6912330085862,90.7601572739187,7.2,1141238.88649933,1685018.08371273,2.25,2.70078260869565,3.84,113.614134474691,7.18888
"2006-09-01",265068.405332765,85.1437087364282,91.2844036697248,6.7,1147836.70155635,1693263.09761968,2.5,2.82819047619048,3.7,113.463900908444,7.28075
"2006-10-01",264898.966687285,85.1283560034246,91.2844036697248,6.7,1160972.03177447,1693709.84548233,2.5,2.95790909090909,3.73,113.323056940087,7.33766
"2006-11-01",264506.433,85.1971707612696,91.4154652686763,6.7,1170087.58354193,1699213.51594486,2.75,3.07940909090909,3.62,115.576560433799,7.06627
"2006-12-01",268953.600312715,85.5653271178694,91.4154652686763,6.6,1174860.93257885,1725816.39405868,3,3.21157142857143,3.65,116.571857810189,6.84027
"2007-01-01",266477.529938055,85.642237144611,90.956749672346,6.5,1169059.55140891,1762522.70095757,3,3.35121739130435,3.9,115.3793788781,6.98546
"2007-02-01",270732.220298215,86.387073037109,91.4154652686763,6.3,1169730.89403321,1781002.48545035,3.25,3.4296,3.93,114.149341554448,7.02874
"2007-03-01",274255.24976373,86.9357899952603,92.0270860637833,6.6,1195756.22025565,1801160.10079903,3.25,3.43463636363636,3.79,113.379394527429,7.02281
"2007-04-01",274354.098432598,87.0898493940422,92.4858016601136,6.2,1220539.62955576,1814813.09054107,3.25,3.51447368421053,4.04,114.524925470067,6.8349
"2007-05-01",275130.497012584,86.8365526539077,92.3765836609873,6,1221670.93012027,1835640.7826507,3.25,3.57465217391304,4.15,114.355912708038,6.8138
"2007-06-01",276107.404554819,86.9149981922415,92.5294888597641,6.3,1243324.67538121,1860495.90533906,3.5,3.66923809523809,4.44,112.553109913068,6.95264
"2007-07-01",274348.874104681,86.6794078033398,92.3765836609873,5.9,1241881.03615639,1861571.46851322,3.5,3.77540909090909,4.45,114.543704665848,6.6915
"2007-08-01",276919.193690164,86.6384898490128,92.3547400611621,6.1,1257468.2216769,1924784.79030097,3.5,3.95682608695652,4.25,112.609447500411,6.84459
"2007-09-01",276819.932205155,87.3566429623457,93.2940148536479,6.2,1258406.42200965,1975330.09013456,3.75,4.2229,4.22,114.168120750229,6.68238
"2007-10-01",280091.349912157,87.7993322305174,93.7745740498034,6.3,1261808.5954137,2031488.55781686,4,4.36686956521739,4.31,115.952144349418,6.44802
"2007-11-01",284951.636949036,88.3729142998181,94.3861948449104,6.1,1262594.68193707,2055407.70492175,4,4.60872727272727,4.22,115.58595003169,6.3263
"2007-12-01",283834.013138807,88.5026596779273,94.5609436435124,6.1,1265270.63217752,2049547.15817417,4,4.74694117647059,4.31,113.567186485239,6.4741
"2008-01-01",283588.731673629,88.627585273082,93.8619484491044,6,1273397.4380144,2005453.96238106,4,4.51663636363636,4.09,112.881745839234,6.40851
"2008-02-01",283385.327879537,88.8628316219805,94.2551332459589,5.9,1284954.67364794,2024618.43921802,4.25,4.61685714285714,4.02,113.294888146415,6.35033
"2008-03-01",283319.940446834,89.3232979910491,95.1507208387942,5.9,1285027.57414976,2051400.65880975,4.25,4.83371428571429,3.92,114.834782200452,6.0564
"2008-04-01",283802.772914494,89.1060147447495,95.565749235474,5.7,1277612.49373047,2106720.06139382,4.25,4.863,4.06,115.79252118528,5.9493
"2008-05-01",283528.689363267,89.1580404794055,95.9370904325033,5.9,1287828.15916009,2096852.81016561,4.25,4.96327272727273,4.18,115.877027566294,5.98525
"2008-06-01",283227.537722239,89.4213179924401,96.3958060288335,6.7,1275990.67271393,2046384.06273909,4.25,5.01619047619048,4.43,115.088301343495,6.0274
"2008-07-01",281816.378879989,89.1399561273928,96.1992136304063,6.3,1288927.04851986,2091616.01935353,4.5,5.08965217391304,4.37,113.830095226172,5.9969
"2008-08-01",284275.701033473,89.703001452346,96.3739624290083,6,1280043.40787588,2089499.35274088,4.5,5.12466666666667,4.11,113.435732114772,6.2784
"2008-09-01",284945.920086537,91.2568611342127,97.3569244211446,6.5,1291505.35751975,2056734.81461993,4.75,5.32695454545455,3.9,111.79255248394,6.6569
"2008-10-01",283705.013426429,92.0113155733272,97.5098296199214,6.4,1290888.01764113,2054262.02776849,3.75,5.26595652173913,3.57,107.717466999476,7.4071
"2008-11-01",280004.226572508,92.1122601210275,96.7234600262123,7.1,1309745.13169307,2052371.95180683,3.75,4.5013,3.34,104.196367790549,7.9552
"2008-12-01",273673.760001063,92.1081458429148,95.4128440366973,6.9,1343349.69967167,2127542.84017077,2,2.80442105263158,2.67,99.7456983904664,8.0215
"2009-01-01",272500.301460811,91.8365154247684,95.0633464394932,6.9,1350285.6891338,2119606.5882395,2,2.20465,2.8,99.8114255756997,8.10616
"2009-02-01",279234.747089443,92.0668916088728,95.0851900393185,7.8,1337780.71344872,2147698.87512713,1,1.519,2.93,97.2198965579299,8.53306
"2009-03-01",276601.951449746,92.0384390348585,95.3473132372215,7.9,1364295.35728762,2116063.99916802,1,1.15868181818182,2.94,95.7926776785784,8.57743
"2009-04-01",276578.044786587,91.6442717451705,95.5002184359982,7.9,1366388.38410784,2135521.41814338,0.5,1.00268181818182,3.18,97.7926620292486,8.2501
"2009-05-01",273575.037787774,91.5789004957986,95.565749235474,9,1384024.85132304,2142358.52004098,0.5,0.945380952380952,3.57,100.42174943858,7.75461
"2009-06-01",276789.917425638,91.8113525434217,95.7841852337265,8.5,1388085.33822441,2094500.4980356,0.5,0.973590909090909,3.62,98.3278691090054,7.75717
"2009-07-01",274617.478308816,91.887351025267,95.3473132372215,8.5,1396968.19599982,2090600.05023869,0.25,0.666869565217391,3.37,98.4874922731434,7.68593
"2009-08-01",276293.635274102,92.2208323162568,95.565749235474,8.9,1418120.14180542,2095654.13242977,0.25,0.61547619047619,3.45,104.20575738844,7.16398
"2009-09-01",279562.886417081,92.6389488325389,95.8497160332023,8.9,1413076.07234068,2072612.51002384,0.25,0.550454545454545,3.38,105.163496373268,7.0044
"2009-10-01",279161.827219031,92.6588467381424,96.08999563128,8.9,1429983.1343292,2086464.93450357,0.25,0.499545454545455,3.25,104.40293894414,6.9592
"2009-11-01",278342.012494462,92.6175754527623,96.0681520314548,8.8,1433451.47066757,2102354.19957331,0.25,0.478333333333333,3.27,103.924069451726,6.9287
"2009-12-01",281105.160286508,92.9838403893759,96.2865880297073,9.1,1450561.28059074,2102955.43532742,0.25,0.479736842105263,3.24,102.590746551279,7.12509
"2010-01-01",284324.094259534,93.1232123534151,95.6749672346003,9.2,1450348.62758523,2125121.47524194,0.25,0.480421052631579,3.37,103.050836847912,7.1437
"2010-02-01",284898.825583158,93.6010472426482,96.2429008300568,9,1464747.63992319,2137837.71368417,0.25,0.48035,3.28,104.393549346249,7.27054
"2010-03-01",288623.080157307,93.3953525932787,96.4831804281345,9,1464217.42286528,2135613.30462928,0.25,0.490521739130435,3.2,105.830157823491,7.16986
"2010-04-01",288978.056672751,92.5061102681923,96.4831804281345,9.4,1475326.16863364,2128519.65405384,0.25,0.5216,3.14,105.351288331077,7.2074
"2010-05-01",292067.319965026,92.2668707148077,96.6797728265618,8.9,1473509.28689987,2137591.13929533,0.25,0.6034,2.73,103.783225483369,7.69545
"2010-06-01",295986.623362223,92.3573428121798,96.6797728265618,8.4,1484618.70726755,2123879.67143012,0.25,0.700904761904762,2.61,103.886511060164,7.8417
"2010-07-01",297271.390766825,92.4935335249933,96.3958060288335,8.9,1507980.05600588,2172128.57129055,0.5,0.868681818181818,2.7,105.783209834039,7.43807
"2010-08-01",296484.010704907,92.6946906726085,96.3958060288335,8.5,1491816.08108746,2138011.01866391,0.5,0.986318181818182,2.45,106.177572945439,7.30908
"2010-09-01",300674.598528268,93.5448053863634,97.2040192223678,8.5,1497437.0268705,2157579.0679605,0.75,1.15813636363636,2.53,109.210413064061,7.06365
"2010-10-01",301346.465473567,93.6280851809819,97.5098296199214,8.4,1526443.43405149,2170241.94348419,1,1.37033333333333,2.64,110.524956768726,6.67728
"2010-11-01",305667.080903109,93.7894518814981,97.8374836173001,8.1,1558700.44252468,2170156.46925181,1,1.59454545454545,2.86,109.576607381789,6.8233
"2010-12-01",306743.453623324,94.4507901184861,98.5364788117082,8.2,1547134.59432826,2158138.29947584,1.25,1.85504761904762,3.21,111.698656505035,6.85026
"2011-01-01",304535.976942157,93.7765932289099,97.7064220183486,8.1,1532350.95957376,2155112.65220749,1.25,2.0211,3.28,112.909914632906,6.6736
"2011-02-01",308302.682123593,94.2466068498932,98.2961992136304,7.9,1516609.80475646,2145062.69536383,1.5,2.19735,3.41,115.304262094976,6.43898
"2011-03-01",307846.34093425,94.2983702825016,98.9733508082132,8,1513332.13866275,2181716.76198191,1.5,2.38147826086957,3.35,114.834782200452,6.34802
"2011-04-01",307805.692813,94.0406829764897,99.388379204893,7.8,1525291.27288621,2158862.73619844,1.75,2.41078947368421,3.3,114.477977480614,6.21254
"2011-05-01",310460.385486737,93.9130033297656,99.5849716033202,7.9,1524233.34599734,2165708.69101982,1.75,2.45622727272727,3.01,114.280795924915,6.24415
"2011-06-01",306454.921700263,93.6698741506946,99.3446920052425,8,1538130.0168502,2203126.54153333,1.75,2.45642105263158,2.89,112.224473986902,6.33433
"2011-07-01",311490.567545857,93.97597249837,99.301004805592,7.9,1537056.16517813,2198107.4287247,2,2.55942857142857,2.75,111.623539721911,6.40453
"2011-08-01",309239.717529948,94.1450198557568,99.3228484054172,7.8,1549742.89635212,2240068.00260527,2,2.57773913043478,2.17,111.379410176759,6.39055
"2011-09-01",312993.714924195,94.8996490002169,100.021843599825,7.7,1558096.67033409,2279996.88515119,2,2.52922727272727,1.83,111.39818937254,6.63647
"2011-10-01",310184.043136204,94.5698181555538,100.021843599825,7.9,1570876.22384952,2284185.21191967,2,2.51542857142857,1.9,111.576591732459,6.6522
"2011-11-01",305125.568396716,94.5899276787454,100.262123197903,7.8,1558792.86513137,2287655.23094242,2,2.61709090909091,1.69,111.172839023169,6.74308
"2011-12-01",304530.38846708,94.5495601017275,100.45871559633,7.9,1562716.10773724,2310260.07669076,1.75,2.6867619047619,1.68,111.679877309254,6.84407
"2012-01-01",311126.033966093,94.1835890354044,99.5194408038445,8,1583418.6405536,2371291.15587708,1.75,2.6142380952381,1.7,111.642318917692,6.8589
"2012-02-01",306328.705768583,94.7865523633216,100.174748798602,7.9,1591010.51974717,2374583.84412885,1.5,2.44190476190476,1.89,112.38409715104,6.66996
"2012-03-01",308441.260265323,95.1228258534272,100.45871559633,7.6,1590058.37692548,2381582.3391986,1.5,2.302,1.95,111.097722240045,6.7326
"2012-04-01",308287.842024654,95.14358481721,100.677151594583,7.6,1590444.76041304,2373852.77039156,1.5,2.19357894736842,1.82,111.154059827388,6.73567
"2012-05-01",313457.150860227,95.1004830718438,100.611620795107,8.3,1585003.24787371,2344730.81065409,1.5,2.14038095238095,1.51,108.909945931565,7.03404
"2012-06-01",309990.007115119,94.7855360720047,100.349497597204,8,1612681.47624667,2331604.3275109,1.5,2.13673684210526,1.45,109.905243307955,7.0851
"2012-07-01",309555.759490342,94.5198187211214,99.9563128003495,8.1,1614832.30709542,2331254.47840999,1.5,2.10109090909091,1.33,112.816018654001,6.95393
"2012-08-01",315986.019376925,94.8316105423585,100.065530799476,8.3,1615982.0530776,2348341.53456824,1.5,2.01886956521739,1.44,116.074209121994,6.67823
"2012-09-01",309261.221132733,95.4438819277428,100.45871559633,8.2,1647166.65353357,2384187.34409522,1.25,1.6916,1.51,114.252627131243,6.60705
"2012-10-01",311617.810667043,95.5131198928178,100.393184796855,8.2,1640922.52616963,2359065.07831277,1.25,1.51382608695652,1.54,112.59066830463,6.63954
"2012-11-01",310372.639379613,95.3274905043692,100.152905198777,8.5,1652052.04547161,2360342.94245328,1.25,1.45536363636364,1.46,112.158746801668,6.7105
"2012-12-01",313572.549953344,95.7194518270159,100.393184796855,8.2,1660482.83120592,2386826.43114671,1,1.36505882352941,1.51,112.38409715104,6.59467
"2013-01-01",309737.309836807,94.9353357000279,99.563128003495,8,1661753.7956739,2394411.80852038,1,1.21336363636364,1.8,113.041369003372,6.48887
"2013-02-01",312956.375360377,95.5732633000284,100.021843599825,8.1,1662284.56746814,2389182.98242102,1,1.1897,2,115.144638930838,6.36937
"2013-03-01",317183.314802816,96.0331003409793,100.41502839668,8.4,1698214.24445109,2402391.16071715,1,1.2458,1.92,116.318338667147,6.43908
"2013-04-01",314284.84951135,95.5181354419151,100.218435998253,8.4,1696346.26702772,2388577.45964653,1,1.23952380952381,1.66,114.844171798343,6.48328
"2013-05-01",313361.555626833,95.614362673286,100.371341197029,8,1703132.59098856,2409262.78135124,1,1.20352380952381,1.79,113.313667342196,6.60386
"2013-06-01",314505.594861817,95.5827335968364,100.196592398427,8.1,1715682.90579206,2426573.12150734,1,1.22227777777778,2.05,112.722122675096,6.5848
"2013-07-01",317694.577884502,95.756855210949,100.065530799476,8,1727637.31918445,2418830.41187584,1,1.19978260869565,2.16,113.135264982277,6.62253
"2013-08-01",316893.527522497,96.0613963992144,100.152905198777,8.1,1735144.64256648,2419128.66196697,1,1.20404545454545,2.34,113.266719352744,6.53935
"2013-09-01",320827.894593001,96.6623063669977,100.546089995631,8.2,1747945.02027994,2415649.2523929,1,1.21447619047619,2.6,113.548407289458,6.5007
"2013-10-01",317696.304568105,96.4739116375945,100.327653997379,7.9,1755228.78547798,2429600.53305652,1,1.20821739130435,2.44,112.881745839234,6.41606
"2013-11-01",325258.212194081,96.6256176753164,100.262123197903,8.2,1780338.71101621,2459742.32336803,1,1.15695238095238,2.3,111.135280631607,6.58148
"2013-12-01",327463.483237814,97.1467127081305,100.546089995631,8.1,1817756.72585831,2466833.50003508,0.75,1.00683333333333,2.39,111.069553446374,6.53828
"2014-01-01",323515.610488881,96.2027554736757,99.3665356050677,8.2,1812711.05763304,2453724.40459317,0.75,0.945666666666667,2.37,111.783162886049,6.49071
"2014-02-01",325748.213554204,96.8986611969165,99.8034076015727,8.1,1828341.50047383,2472906.72365516,0.75,0.9413,2.23,111.529643743007,6.4957
"2014-03-01",323823.175956915,96.9657492505679,99.7815640017475,8.2,1821109.56053987,2471024.10695415,0.75,0.927619047619048,2.16,111.576591732459,6.41477
"2014-04-01",328008.571121016,97.3379979573726,100.174748798602,8.2,1850559.95124981,2486307.08426315,0.75,0.909,2.06,109.370036228199,6.53964
"2014-05-01",326556.504006896,97.4512813401665,100.218435998253,7.8,1870842.88550654,2504206.95619027,0.75,0.91505,1.88,109.078958693594,6.57608
"2014-06-01",332059.924872088,97.8993248255082,100.436871996505,8.3,1878378.81227958,2527080.55652055,0.75,0.846368421052632,1.8,108.036713327752,6.68857
"2014-07-01",331685.516257768,97.9396952800969,100.109217999126,7.9,1889862.95676521,2531603.26593441,0.25,0.522,1.6,106.102456162315,6.81948
"2014-08-01",334730.118091767,98.0885865741798,100,8.1,1911895.39994025,2526367.65211672,0.25,0.516047619047619,1.53,106.074287368643,6.8999
"2014-09-01",333350.365650464,98.3276792735012,100.152905198777,7.9,1922041.99996429,2549597.06960492,0.25,0.479954545454546,1.51,104.985094013349,7.12625
"2014-10-01",333566.368975503,98.2643494900316,100.218435998253,8.1,1945244.722228,2550116.05436505,0,0.40004347826087,1.3,104.938146023897,7.24383
"2014-11-01",333835.942535442,98.3049813189623,100.065530799476,8.1,1967631.66175403,2557386.90175901,0,0.27065,1.14,104.355990954687,7.40729
"2014-12-01",343572.688489055,98.9943723761945,100.218435998253,7.6,2006140.75697959,2577098.75292525,0,0.267,1.01,103.135343228926,7.6272
"2015-01-01",338695.728983506,98.4741970487212,99.1699432066405,7.9,1990458.90430787,2560912.74103804,0,0.184538461538462,0.78,101.069631693023,8.1055
"2015-02-01",345960.342969152,99.6806337422947,99.8689384010485,8,2038555.32515436,2600563.71189842,-0.1,0.0092,0.62,99.3513352790667,8.36174
"2015-03-01",347535.928047341,99.8908132874677,99.9563128003495,7.7,2076569.89146801,2618730.51057524,-0.25,0.00463636363636365,0.58,99.9616591419473,8.5326
"2015-04-01",353945.748636762,99.9076669845219,99.9344692005242,7.9,2101518.31224776,2640163.75275323,-0.25,-0.1393,0.34,98.1494667490865,8.65291
"2015-05-01",352333.921554653,100.23083115058,100.283966797728,7.7,2147844.41028267,2678875.25244128,-0.25,-0.2093,0.75,99.4546208558618,8.34556
"2015-06-01",351274.329808585,99.9167342221695,100,7.6,2162049.45087166,2683652.20694098,-0.25,-0.227952380952381,0.99,100.22456788288,8.26982
"2015-07-01",349584.64198603,100.049868629764,100.021843599825,7.2,2174081.0295126,2703593.2394731,-0.35,-0.246478260869565,0.81,98.8818553845432,8.53643
"2015-08-01",355426.991794104,99.9098918288208,99.825251201398,7,2188901.8502331,2718193.63783305,-0.35,-0.271285714285714,0.66,98.6283362415005,8.54445
"2015-09-01",357455.366219865,100.4000255522,100.218435998253,7.5,2195175.78133882,2713395.24653239,-0.35,-0.293909090909091,0.71,100.947566920447,8.3707
"2015-10-01",358757.207599222,100.486360752308,100.305810397554,7.3,2240353.91291324,2765744.19584079,-0.35,-0.304818181818182,0.66,101.144748476147,8.32247
"2015-11-01",359707.78527269,100.379259783679,100.131061598952,7,2253416.23432355,2762011.20592824,-0.35,-0.373619047619048,0.8,100.102503110304,8.67557
"2015-12-01",359186.007128088,100.673717017474,100.283966797728,7.3,2271821.08567107,2784755.7717674,-0.35,-0.3973,0.93,102.083708265194,8.50034
"2016-01-01",357660.618472544,100.30219770412,99.9344692005242,7.1,2287464.25915476,2817119.43746517,-0.35,-0.301157894736842,1.02,102.825486498541,8.5479
"2016-02-01",360216.692878813,100.692169766292,100.262123197903,7.2,2310231.12469104,2831244.25455175,-0.5,-0.424476190476191,0.77,101.942864296836,8.48382
"2016-03-01",362038.688648643,101.113810508023,100.742682394059,7.4,2322976.25537989,2845238.74263748,-0.5,-0.469190476190476,0.82,102.61891534495,8.36701
"2016-04-01",365964.317983382,100.830338546171,100.742682394059,6.9,2352527.34213033,2867953.89705441,-0.5,-0.433,0.81,103.586043927669,8.11587
"2016-05-01",361940.096370246,100.953049044615,100.917431192661,7.3,2353760.63822198,2874598.69374132,-0.5,-0.459428571428572,0.77,102.647084138622,8.21873
"2016-06-01",362363.585646372,101.220702268666,101.026649191787,6.8,2346548.36121902,2865313.39726736,-0.5,-0.48005,0.52,101.942864296836,8.31353
"2016-07-01",367392.753568372,101.710345787189,101.070336391437,6.9,2395719.80849022,2924984.9605996,-0.5,-0.545333333333333,0.17,100.571983004828,8.5599
"2016-08-01",362926.130603339,101.872413429394,100.961118392311,7.2,2414849.84645199,2949869.52678094,-0.5,-0.56104347826087,0.1,100.431139036471,8.46595
"2016-09-01",373857.115828289,102.300075951413,101.135867190913,6.8,2437204.27945634,2954056.71882567,-0.5,-0.500818181818182,0.22,99.576685628438,8.53154
"2016-10-01",371074.711459878,102.865962223168,101.485364788117,7,2458620.45087408,2977645.87590135,-0.5,-0.515952380952381,0.24,98.0180123786199,8.80535
"2016-11-01",372954.340238375,103.043502155466,101.507208387942,7,2477419.91313877,3009590.49802309,-0.5,-0.574545454545454,0.43,96.6095726950493,9.12398
"2016-12-01",375265.948301747,103.705023489609,102.031454783748,7.1,2489005.76557337,3007353.55135956,-0.5,-0.61452380952381,0.61,97.7457140397962,9.21032
"2017-01-01",374426.310347721,102.982406949083,101.33245958934,7,2522588.8058305,3106870.07965375,-0.5,-0.569761904761905,0.65,99.398283268519,8.9615
"2017-02-01",378265.232406766,103.725814651906,102.031454783748,7,2540680.87387888,3101577.39215834,-0.5,-0.5069,0.66,99.6611920094522,8.9045
"2017-03-01",378810.457245512,103.617487959695,102.031454783748,6.5,2591669.75302664,3137128.3897418,-0.5,-0.485347826086956,0.69,99.0039201571193,8.9183
"2017-04-01",379188.77444834,104.017929722415,102.62123197903,6.9,2594554.29774774,3153765.62554807,-0.5,-0.458055555555556,0.57,98.3654275005673,8.94835
"2017-05-01",379902.244079553,103.856874492517,102.686762778506,6.9,2604619.01643105,3159883.4780007,-0.5,-0.484190476190476,0.56,98.3372587068959,8.78194
"2017-06-01",380877.981472107,103.74242067217,102.752293577982,6.7,2617758.60499081,3189060.21965136,-0.5,-0.50615,0.46,98.3184795111149,8.68638
"2017-07-01",383537.795154298,104.101391236786,103.298383573613,7,2650844.54717264,3196828.44630279,-0.5,-0.467333333333333,0.66,101.445215608642,8.33172
"2017-08-01",380655.88862488,103.757351885557,103.145478374836,6.5,2665781.02153529,3232353.20120813,-0.5,-0.427869565217391,0.63,102.21516263566,8.08766
"2017-09-01",384028.316220822,103.925200516002,103.276539973788,6.9,2675848.25690114,3256453.52590174,-0.5,-0.423809523809524,0.62,102.140045852536,8.0019
"2017-10-01",384258.5869946,103.958951283742,103.211009174312,7,2691754.00792609,3255146.10462105,-0.5,-0.513863636363636,0.83,100.966346116228,8.17835
"2017-11-01",387740.618115651,104.454772974028,103.407601572739,6.5,2699642.24413142,3277755.02252603,-0.5,-0.606954545454545,0.76,98.8255177972003,8.38998
"2017-12-01",391442.794889749,105.252119782958,103.800786369594,6.7,2705399.34390914,3260989.05434117,-0.5,-0.580210526315789,0.72,98.299700315334,8.39575
"2018-01-01",388690.474995763,104.766454712835,102.927042376584,6.8,2745709.07220655,3275849.30718539,-0.5,-0.431863636363636,0.85,99.1165953318049,8.05104
"2018-02-01",392640.946364917,105.804832209536,103.669724770642,5.9,2749721.4434553,3298355.45156759,-0.5,-0.4604,0.91,98.3935962942387,8.04934
"2018-03-01",396214.578639319,106.036940862071,103.95369156837,6.2,2771837.68625717,3336346.12049448,-0.5,-0.416714285714286,0.77,96.1119240068544,8.23663
"2018-04-01",392790.688974492,106.072335288077,104.390563564875,6.5,2794146.48193163,3352185.7803196,-0.5,-0.3668,0.71,94.2715628203222,8.44931
"2018-05-01",399563.2477924,106.153495029199,104.630843162953,6,2784406.44514502,3338635.22042812,-0.5,-0.384285714285714,0.66,93.7457453384559,8.7555
"2018-06-01",401228.063233108,106.355044526616,104.871122761031,6.6,2815487.058845,3368786.97074015,-0.5,-0.372526315789474,0.55,94.4781339739126,8.80235
"2018-07-01",399341.870261507,107.059955018735,105.417212756662,6.5,2815641.03240201,3363458.50497553,-0.5,-0.347272727272727,0.51,95.3325873819454,8.82092
"2018-08-01",400621.904358566,106.845211589344,105.19877675841,6.5,2835256.88123466,3381815.09950815,-0.5,-0.362652173913044,0.52,93.7175765447845,9.06354
"2018-09-01",402430.225379926,107.436818199947,105.679335954565,6.6,2868977.23450009,3407558.59929081,-0.5,-0.39025,0.6,94.5156923654745,8.95754
"2018-10-01",406998.0108019,107.327815619575,105.548274355614,6.5,2868471.95748251,3405964.81687657,-0.5,-0.480043478260869,0.67,94.1588876456366,9.04253
"2018-11-01",404852.176108371,107.405154599425,105.439056356488,6.6,2908067.20553601,3433713.19416845,-0.5,-0.445227272727273,0.6,94.8724970853123,9.05431
"2018-12-01",410332.813089729,108.287584570866,105.919615552643,6.8,2919339.69098862,3456555.79308636,-0.5,-0.248,0.47,95.5485481334262,9.02721
"2019-01-01",410530.825935533,107.60817570184,104.849279161206,6.3,2935315.95551762,3495118.28666783,-0.25,-0.0864545454545455,0.43,94.8724970853123,8.99475
"2019-02-01",413412.920307398,108.551113985086,105.635648754915,6.9,2957184.21659866,3519513.14978042,-0.25,-0.074,0.36,92.6659415810518,9.24926
"2019-03-01",413001.25375707,108.631669744739,105.875928352993,7.4,2969730.34740945,3497356.04259544,-0.25,-0.0403333333333334,0.29,92.2058512844188,9.29015
"2019-04-01",418390.723464292,108.89252675027,106.618610747051,6.6,2960011.41543948,3494906.56906522,-0.25,-0.01465,0.23,92.4405912316805,9.32739
"2019-05-01",419998.689683386,108.995353390861,106.902577544779,6.6,3150622.12780178,3567274.27097403,-0.25,-0.032047619047619,0.07,90.6847364261625,9.60002
"2019-06-01",417549.586852323,108.872001761228,106.749672346003,6.4,3172812.17593712,3568867.97691109,-0.25,-0.022,-0.09,91.6049170194286,9.41051
"2019-07-01",421856.37365478,109.711162685616,107.164700742682,7.3,3207076.34435392,3619776.60882356,-0.25,-0.0530869565217391,-0.12,92.2527992738711,9.41376
"2019-08-01",419238.693198412,109.286931203553,106.705985146352,7.3,3229781.81657073,3632937.00349558,-0.25,-0.0225,-0.36,90.7504636113958,9.64918
"2019-09-01",422424.933146807,109.740727378719,107.208387942333,6.8,3273297.33684594,3673636.12789669,-0.25,-0.0249047619047619,-0.23,90.9476451670957,9.72116
"2019-10-01",422588.287661644,109.612810654326,107.252075141983,6.9,3318101.19298671,3731077.26329073,-0.25,-0.0714347826086956,-0.16,89.8490622139107,9.77431
"2019-11-01",428178.918546975,109.823850737117,107.339449541284,7.7,3310388.30807744,3730621.01485873,-0.25,0.0503333333333333,0,91.03215154811,9.63698
"2019-12-01",430519.793791382,110.794503452731,107.776321537789,6.8,3318109.64145112,3727193.67608092,-0.25,0.0601666666666667,0.07,92.6659415810518,9.43272
"2020-01-01",432428.117872987,110.215777311863,106.225425950197,7.4,3352800.03496778,3754589.17908248,0,0.197619047619048,0.11,90.6565676324911,9.508527
"2020-02-01",434044.78613655,111.21545739357,106.749672346003,7.8,3348349.68412973,3770196.14271094,0,0.15875,-0.05,90.5251132620245,9.69134
"2020-03-01",427414.095990462,111.143714505035,106.553079947575,6.8,3539299.71528716,3945286.24664755,0,0.228363636363636,-0.17,89.6706598539918,9.83535
"2020-04-01",395111.706811408,110.680724745749,106.247269550022,8.2,3600640.63320821,4007829.19178102,0,0.3214,-0.07,89.3044655362634,10.02097
"2020-05-01",393303.135465558,111.069124986471,106.880733944954,8.5,3672966.42367463,4094056.50485432,0,0.192473684210526,-0.06,92.271578469652,9.721345
"2020-06-01",402415.157723034,111.354580361254,107.492354740061,9.1,3691660.87329595,4125596.18116539,0,0.104142857142857,0.01,94.0462124709509,9.31818181818182
"2020-07-01",408191.78132482,111.163340675715,107.732634338139,9.6,3783020.02917522,4205449.83660294,0,0.0200869565217391,-0.07,95.7832880806879,9.03543478260869
"2020-08-01",419488.414319909,110.869008904752,107.579729139362,9.3,3798632.95926827,4216767.11326835,0,0.0124761904761905,-0.04,96.9663774148872,8.71567142857143
"2020-09-01",421493.804355271,111.210894338994,107.645259938838,9,3785330.23140983,4199300.41279214,0,-0.0278181818181818,-0.08,95.8114568743594,8.84377727272727
"2020-10-01",423341.780796454,111.753145754167,107.536041939712,8.8,3842175.69561283,4255257.47558424,0,-0.0654545454545454,-0.03,95.8771840595927,8.82952727272727
"2020-11-01",427410.116595883,111.862230598419,107.557885539537,8.6,3903306.53200871,4305771.03278414,0,-0.0859047619047619,0,97.201117362149,8.64324285714286
"2020-12-01",434762.102607662,112.542625574712,108.300567933595,9.2,3971957.05455112,4386743.69755644,0,-0.0971,0.01,98.6377258393909,8.36034090909091
"2021-01-01",433756.891083194,111.88916345156,107.885539536916,9,3992295.94618668,4420684.14827977,0,-0.0400526315789474,0.07,98.3654275005673,8.294995
"2021-02-01",439946.111612324,111.945844568754,108.191349934469,9.1,4049043.80579567,4485491.84145012,0,-0.0319,0.25,97.8489996165914,8.339475
"2021-03-01",442869.997304481,112.005475416115,108.366098733071,9.6,4054227.4744088,4497324.57444656,0,-0.0224782608695652,0.4,96.6471310866112,8.54688695652174
"2021-04-01",445245.268835536,112.547866834435,108.628221930974,9.1,4090311.50301568,4535617.5114149,0,-0.02445,0.37,96.6095726950493,8.484065
"2021-05-01",444912.863923878,113.019317118813,108.846657929227,9.1,4120323.89853467,4581825.57303322,0,-0.03,0.42,96.9569878169967,8.351415
"2021-06-01",449510.867240585,113.293262192286,108.934032328528,9.4,4185808.42861709,4626856.33869075,0,-0.0361904761904762,0.36,96.7598062612969,8.39630476190476
"2021-07-01",451297.516858855,113.806149478786,109.217999126256,8.7,4206414.2493004,4656949.65336353,0,-0.0294090909090909,0.18,95.8771840595927,8.62645
"2021-08-01",453849.556283721,114.698171414714,109.785932721713,8.9,4243447.36044203,4699374.50835199,0,-0.0106363636363636,0.11,95.764508884907,8.67840454545454
"2021-09-01",461505.926857424,115.739320216339,110.332022717344,8.9,4324192.1427743,4772708.46666335,0,-0.0173181818181818,0.27,96.1776511920877,8.6416
"2021-10-01",471187.106294568,116.559084060171,110.550458715596,8.4,4391474.47779467,4824755.04121977,0,-0.0735714285714286,0.38,96.2621575731019,8.66778571428572
"2021-11-01",477480.076002943,117.258419412447,111.074705111402,8.5,4434998.21212677,4846725.94974581,0,-0.0994545454545454,0.27,96.1025344089639,8.80370909090909
"2021-12-01",480653.817702489,118.43129491381,112.494539100044,8,4448482.44838253,4849579.11594368,0,-0.0982857142857143,0.14,94.8161594979695,9.08770952380952
"2022-01-01",467654.011798871,116.772640274441,111.882918304937,8,4475217.19880891,4868800.16206686,0,,0.36,92.6941103747232,9.15546666666666
"2022-02-01",466899.314443008,116.969348881175,112.844036697248,7.3,4490555.92952274,4897607.22906949,0,-0.04535,0.61,91.1636059185765,9.288585
"2022-03-01",477956.673758121,118.535984520137,114.831804281346,7.6,4548084.48189411,4954031.21951517,0,0.0364545454545455,0.82,90.8631387860815,9.57169130434783
"2022-04-01",479308.652739142,118.735633863509,115.530799475754,7.8,4560301.17691518,4973468.79476509,0,0.112157894736842,1.47,91.8396569666904,9.53877894736842
"2022-05-01",484413.870424442,119.567484237879,116.754041065968,7.8,4574795.40507804,5001230.39691413,0.25,0.46552380952381,1.77,90.7786324050673,9.92247272727273
"2022-06-01",491061.476836416,120.737350898825,118.392311052862,7.4,4585849.80293484,5027398.0406094,0.25,0.723642857142857,1.86,90.5720612514769,10.0486285714286
"2022-07-01",497379.678854045,120.096914744435,118.479685452163,7.3,4578221.05214276,5013066.26389899,0.75,1.13880952380952,1.53,89.755166235006,10.3900571428571
"2022-08-01",485689.108159271,121.674745219273,120.576671035387,6.9,4613102.98762705,5095807.22828119,0.75,1.34908695652174,1.61,91.3138394848241,10.3714782608696
"2022-09-01",497953.212986684,123.090153804654,122.302315421581,7,4508076.92594049,5031038.3015718,1.75,1.65913636363636,2.08,89.6612702561013,10.8930090909091
"2022-10-01",497461.232484682,122.876089548476,122.564438619484,7.8,4460504.13863918,5009161.33195211,1.75,1.80780952380952,2.27,88.0650386147213,11.1459714285714
"2022-11-01",498803.918330191,124.030980815707,123.809523809524,7.3,4406107.89112352,4991315.78165708,2.5,2.28259090909091,2.05,90.0838021611724,10.6699
"2022-12-01",509506.849185126,126.861184682874,126.365224989078,7.5,4348476.41726265,4975912.67172774,2.5,2.55561904761905,1.97,91.7363713898952,10.3749761904762
"2023-01-01",510332.596483534,124.918602072621,124.945391000437,7.1,4362038.04754278,4993659.86718943,2.5,2.85461904761905,2.08,88.7880376522875,10.4061409090909
"2023-02-01",514987.034753213,126.228509277315,126.321537789428,7.7,4267040.12282017,4933523.71877533,3,3.10665,2.37,89.5673742771966,10.427065
"2023-03-01",507270.368763252,126.687804164418,127.042376583661,7.1,4158646.38612199,4844975.28496792,3,3.28678260869565,2.35,89.3701927214967,10.4884260869565
"2023-04-01",516022.569785634,126.655443426537,127.632153778943,7.1,4136259.20278483,4855782.51847494,3,3.49361111111111,2.37,89.0603359911112,10.3368777777778
"2023-05-01",514055.486845797,126.773248302736,128.025338575797,7.3,4086946.47838745,4844490.8387986,3.5,3.646,2.32,89.0791151868921,10.4643363636364
"2023-06-01",512393.943368569,128.410702795925,129.401485364788,8,4039215.4657693,4824419.90522899,3.5,3.77305,2.46,87.7082338948834,10.7724181818182
"2023-07-01",523619.536944796,128.891115713165,129.467016164264,7.1,4040579.3129062,4837313.92935904,3.75,3.87757142857143,2.52,88.4218433345592,10.523819047619
"2023-08-01",524346.336652153,129.075776304624,129.554390563565,8.2,4018091.00746942,4841698.44453222,3.75,4.01904347826087,2.75,86.8350012910697,10.8283826086957
"2023-09-01",521061.126403051,129.645617567441,130.231542158148,8.1,3977051.06173785,4817571.38163692,4,4.08566666666667,2.87,86.6190405395889,11.0837571428571
"2023-10-01",522919.394992967,129.524066730554,130.559196155526,8,3932242.64079699,4798821.38643621,4,4.08177272727273,3.02,88.0368698210499,11.0270045454545
"2023-11-01",521343.808246448,129.784378417047,130.952380952381,8.1,3917428.57726906,4813949.92319852,4,4.10527272727273,2.75,89.5673742771966,10.68695
"2023-12-01",526178.796760585,130.934172286201,131.913499344692,8.3,3980057.26440079,4906761.18043018,4,4.03673684210526,2.21,92.8349543430803,10.2767578947368
"2024-01-01",532299.973753938,131.113985734569,131.716906946265,7.9,3907877.60542399,4863066.4123373,4,4.08318181818182,2.23,91.9617217392665,10.3471863636364
"2024-02-01",531538.788339468,131.548364730678,132.044560943644,8.1,3852539.17426243,4837937.35543109,4,4.07666666666667,2.43,91.7175921941143,10.4220619047619
"2024-03-01",534323.237906593,131.526715431908,132.19746614242,8.6,3841182.30230652,4838530.18404945,4,4.02815,2.4,91.2668914953717,10.398845
"2024-04-01",530978.059813732,131.33116655364,132.590650939275,8.4,3836092.34942478,4823176.07905027,4,3.95585714285714,2.51,88.8819336311922,10.8055904761905
"2024-05-01",535126.190081599,131.25462985425,132.809086937527,8.2,3827780.5507257,4799643.4314647,3.75,3.78742857142857,2.38,88.7035312712733,10.7462681818182
"2024-06-01",533005.750104669,131.138995711996,132.721712538226,8.2,3843520.36541144,4812370.51578445,3.75,3.73111111111111,2.26,91.0697099396718,10.489295
"2024-07-01",536114.972699556,131.581714804315,132.830930537353,8.6,,,3.75,3.67347826086956,2.12,89.2856863404825,10.6347565217391
"2024-08-01",535474.210676948,130.953032905543,,8.3,,,,3.44081818181818,1.93,,
"2024-09-01",538541.816623496,131.411003285339,,8.7,,,,3.2307619047619,1.93,,
"2024-10-01",,,,8.4,,,,2.98508695652174,2.04,,
"2024-11-01",,,,8.4,,,,2.67738095238095,2.07,,
"2024-12-01",,,,8.6,,,,2.553,2.1,,
"2025-01-01",,,,9.7,,,,2.44004761904762,2.32,,
"2025-02-01",,,,8.9,,,,2.31185,2.26,,
