"date","pce_nom","gdp_nom","pce_defl","gdp_defl","cpi","ur","m1","m3","policy","ibr_3m","gov_10y","reer","rrppi","xr_usd","hfwh"
"1917-04-01",,,,,3.38575797291394,,,,,,,,,,
"1917-07-01",,,,,3.7134119702927,,,,,,,,,,
"1917-10-01",,,,,4.30318916557449,,,,,,,,,,
"1918-01-01",,,,,4.5653123634775,,,,,,,,,,
"1918-04-01",,,,,4.93665356050677,,,,,,,,,,
"1918-07-01",,,,,5.48274355613805,,,,,,,,,,
"1918-10-01",,,,,6.05067715159458,,,,,,,,,,
"1919-01-01",,,,,5.94145915246833,,,,,,,,,,
"1919-04-01",,,,,5.76671035386632,,,,,,,,,,
"1919-07-01",,,,,5.76671035386632,,,,,,,,,,
"1919-10-01",,,,,5.78855395369157,,,,,,,,,,
"1920-01-01",,,,,5.74486675404107,,,,,,,,,,
"1920-04-01",,,,,5.85408475316732,,,,,,,,,,
"1920-07-01",,,,,6.13805155089559,,,,,,,,,,
"1920-10-01",,,,,5.89777195281782,,,,,,,,,,
"1921-01-01",,,,,5.22062035823504,,,,,,,,,,
"1921-04-01",,,,,4.89296636085627,,,,,,,,,,
"1921-07-01",,,,,4.78374836173001,,,,,,,,,,
"1921-10-01",,,,,4.41240716470074,,,,,,,,,,
"1922-01-01",,,,,4.15028396679773,,,,,,,,,,
"1922-04-01",,,,,4.01922236784622,,,,,,,,,,
"1922-07-01",,,,,4.01922236784622,,,,,,,,,,
"1922-10-01",,,,,3.84447356924421,,,,,,,,,,
"1923-01-01",,,,,3.80078636959371,,,,,,,,,,
"1923-04-01",,,,,3.73525557011796,,,,,,,,,,
"1923-07-01",,,,,3.82262996941896,,,,,,,,,,
"1923-10-01",,,,,3.80078636959371,,,,,,,,,,
"1924-01-01",,,,,3.77894276976846,,,,,,,,,,
"1924-04-01",,,,,3.7134119702927,,,,,,,,,,
"1924-07-01",,,,,3.80078636959371,,,,,,,,,,
"1924-10-01",,,,,3.91000436871997,,,,,,,,,,
"1925-01-01",,,,,3.91000436871997,,,,,,,,,,
"1925-04-01",,,,,3.86631716906946,,,,,,,,,,
"1925-07-01",,,,,3.84447356924421,,,,,,,,,,
"1925-10-01",,,,,3.80078636959371,,,,,,,,,,
"1926-01-01",,,,,3.73525557011796,,,,,,,,,,
"1926-04-01",,,,,3.73525557011796,,,,,,,,,,
"1926-07-01",,,,,3.7134119702927,,,,,,,,,,
"1926-10-01",,,,,3.7134119702927,,,,,,,,,,
"1927-01-01",,,,,3.6697247706422,,,,,,,,,,
"1927-04-01",,,,,3.6697247706422,,,,,,,,,,
"1927-07-01",,,,,3.73525557011796,,,,,,,,,,
"1927-10-01",,,,,3.69156837046745,,,,,,,,,,
"1928-01-01",,,,,3.7134119702927,,,,,,,,,,
"1928-04-01",,,,,3.75709916994321,,,,,,,,,,
"1928-07-01",,,,,3.73525557011796,,,,,,,,,,
"1928-10-01",,,,,3.69156837046745,,,,,,,,,,
"1929-01-01",,,,,3.69156837046745,,,,,,,,,,
"1929-04-01",,,,,3.6697247706422,,,,,,,,,,
"1929-07-01",,,,,3.6697247706422,,,,,,,,,,
"1929-10-01",,,,,3.6260375709917,,,,,,,,,,
"1930-01-01",,,,,3.5823503713412,,,,,,,,,,
"1930-04-01",,,,,3.56050677151595,,,,,,,,,,
"1930-07-01",,,,,3.53866317169069,,,,,,,,,,
"1930-10-01",,,,,3.49497597204019,,,,,,,,,,
"1931-01-01",,,,,3.47313237221494,,,,,,,,,,
"1931-04-01",,,,,3.42944517256444,,,,,,,,,,
"1931-07-01",,,,,3.40760157273919,,,,,,,,,,
"1931-10-01",,,,,3.40760157273919,,,,,,,,,,
"1932-01-01",,,,,3.38575797291394,,,,,,,,,,
"1932-04-01",,,,,3.38575797291394,,,,,,,,,,
"1932-07-01",,,,,3.38575797291394,,,,,,,,,,
"1932-10-01",,,,,3.34207077326343,,,,,,,,,,
"1933-01-01",,,,,3.27653997378768,,,,,,,,,,
"1933-04-01",,,,,3.27653997378768,,,,,,,,,,
"1933-07-01",,,,,3.32022717343818,,,,,,,,,,
"1933-10-01",,,,,3.27653997378768,,,,,,,,,,
"1934-01-01",,,,,3.29838357361293,,,,,,,,,,
"1934-04-01",,,,,3.32022717343818,,,,,,,,,,
"1934-07-01",,,,,3.34207077326343,,,,,,,,,,
"1934-10-01",,,,,3.34207077326343,,,,,,,,,,
"1935-01-01",,,,,3.34207077326343,,,,,,,,,,
"1935-04-01",,,,,3.38575797291394,,,,,,,,,,
"1935-07-01",,,,,3.40760157273919,,,,,,,,,,
"1935-10-01",,,,,3.40760157273919,,,,,,,,,,
"1936-01-01",,,,,3.42944517256444,,,,,,,,,,
"1936-04-01",,,,,3.42944517256444,,,,,,,,,,
"1936-07-01",,,,,3.40760157273919,,,,,,,,,,
"1936-10-01",,,,,3.42944517256444,,,,,,,,,,
"1937-01-01",,,,,3.49497597204019,,,,,,,,,,
"1937-04-01",,,,,3.53866317169069,,,,,,,,,,
"1937-07-01",,,,,3.56050677151595,,,,,,,,,,
"1937-10-01",,,,,3.5823503713412,,,,,,,,,,
"1938-01-01",,,,,3.5823503713412,,,,,,,,,,
"1938-04-01",,,,,3.60419397116645,,,,,,,,,,
"1938-07-01",,,,,3.60419397116645,,,,,,,,,,
"1938-10-01",,,,,3.6260375709917,,,,,,,,,,
"1939-01-01",,,,,3.64788117081695,,,,,,,,,,
"1939-04-01",,,,,3.64788117081695,,,,,,,,,,
"1939-07-01",,,,,3.69156837046745,,,,,,,,,,
"1939-10-01",,,,,3.86631716906946,,,,,,,,,,
"1940-01-01",,,,,4.01922236784622,,,,,,,,,,
"1940-04-01",,,,,4.17212756662298,,,,,,,,,,
"1940-07-01",,,,,4.25950196592398,,,,,,,,,,
"1940-10-01",,,,,4.41240716470074,,,,,,,,,,
"1941-01-01",,,,,4.71821756225426,,,,,,,,,,
"1941-04-01",,,,,4.71821756225426,,,,,,,,,,
"1941-07-01",,,,,4.76190476190476,,,,,,,,,,
"1941-10-01",,,,,4.89296636085627,,,,,,,,,,
"1942-01-01",,,,,5.02402795980778,,,,,,,,,,
"1942-04-01",,,,,5.11140235910878,,,,,,,,,,
"1942-07-01",,,,,5.13324595893403,,,,,,,,,,
"1942-10-01",,,,,5.13324595893403,,,,,,,,,,
"1943-01-01",,,,,5.15508955875928,,,,,,,,,,
"1943-04-01",,,,,5.13324595893403,,,,,,,,,,
"1943-07-01",,,,,5.11140235910878,,,,,,,,,,
"1943-10-01",,,,,5.11140235910878,,,,,,,,,,
"1944-01-01",,,,,5.11140235910878,,,,,,,,,,
"1944-04-01",,,,,5.08955875928353,,,,,,,,,,
"1944-07-01",,,,,5.13324595893403,,,,,,,,,,
"1944-10-01",,,,,5.08955875928353,,,,,,,,,,
"1945-01-01",,,,,5.11140235910878,,,,,,,,,,
"1945-04-01",,,,,5.08955875928353,,,,,,,,,,
"1945-07-01",,,,,5.11140235910878,,,,,,,,,,
"1945-10-01",,,,,5.06771515945828,,,,,,,,,,
"1946-01-01",,,,,5.06771515945828,,,,2.5,,,,,,
"1946-04-01",,,,,5.11140235910878,,,,2.5,,,,,,
"1946-07-01",,,,,5.11140235910878,,,,2.5,,,,,,
"1946-10-01",,,,,5.17693315858453,,,,2.5,,,,,,
"1947-01-01",,,,,5.19877675840979,,,,2.5,,,,,,
"1947-04-01",,,,,5.22062035823504,,,,2.5,,,,,,
"1947-07-01",,,,,5.30799475753604,,,,2.5,,,,,,
"1947-10-01",,,,,5.32983835736129,,,,2.5,,,,,,
"1948-01-01",,,,,5.5045871559633,,,,2.5,,,,,,
"1948-04-01",,,,,5.52643075578855,,,,2.5,,,,,,
"1948-07-01",,,,,5.61380515508956,,,,2.5,,,,,,
"1948-10-01",,,,,5.59196155526431,,,,2.5,,,,,,
"1949-01-01",,,,,5.59196155526431,,,,2.5,,,,,,
"1949-04-01",,,,,5.59196155526431,,,,2.5,,,,,,
"1949-07-01",,,,,5.61380515508956,,,,2.5,,,,,,
"1949-10-01",,,,,5.59196155526431,,,,2.5,,,,,,
"1950-01-01",,,,,5.61380515508956,,,,2.5,,,,,,
"1950-04-01",,,,,5.63564875491481,,,,2.5,,,,,,
"1950-07-01",,,,,5.65749235474006,,,,2.5,,,,,,
"1950-10-01",,,,,5.78855395369157,,,,2.66666666666667,,,,,,
"1951-01-01",,,,,6.33464394932285,,,,3,,,,,,
"1951-04-01",,,,,6.57492354740061,,,,3,,,,,,
"1951-07-01",,,,,6.74967234600262,,,,3,,,,,,
"1951-10-01",,,,,6.90257754477938,,,,3,,,,,,
"1952-01-01",,,,,6.98995194408038,,,,3,,,,,,
"1952-04-01",,,,,7.16470074268239,,,,3,,,,,,
"1952-07-01",,,,,7.16470074268239,,,,3,,,,,,
"1952-10-01",,,,,7.16470074268239,,,,3,,,,,,
"1953-01-01",,,,,7.18654434250764,,,,3,,,,,,
"1953-04-01",,,,,7.16470074268239,,,,3,,,,,,
"1953-07-01",,,,,7.16470074268239,,,,3,,,,,,
"1953-10-01",,,,,7.14285714285714,,,,2.83333333333333,,,,,,
"1954-01-01",,,,,7.2083879423329,,,,2.75,,,,,,
"1954-04-01",,,,,7.2520751419834,,,,2.75,,,,,,
"1954-07-01",,,,,7.2083879423329,,,,2.75,,,,,,
"1954-10-01",,,,,7.2083879423329,,,,2.75,,,,,,
"1955-01-01",,,,,7.23023154215815,,,,2.75,,,,,,
"1955-04-01",,,,,7.31760594145915,,,,3.75,,,,,,
"1955-07-01",,,,,7.44866754041066,,,,3.75,,,,,,
"1955-10-01",,,,,7.63069753895442,,,,3.75,,,,,,
"1956-01-01",,,,,7.68166593854667,,,,3.75,,,,,,
"1956-04-01",,,,,7.75447793796418,,,,3.75,,,,,,
"1956-07-01",,,,,7.79088393767293,,,,3.75,,,,,,
"1956-10-01",,,,,7.87097713703218,,,,3.91666666666667,,,,,,
"1957-01-01",,,,,8.03844473569244,,,,4,,,,,5.17321000417321,
"1957-04-01",,,,,8.07485073540119,,,,4,,,,,5.17321000417321,
"1957-07-01",,,,,8.1476627348187,,,,5,,,,,5.17321000417321,
"1957-10-01",,,,,8.2350371341197,,,,5,,,,,5.17321000417321,
"1958-01-01",,,,,8.40978593272171,,,,5,,,,,5.17321000417321,
"1958-04-01",,,,,8.49716033202272,,,,4.66666666666667,,,,,5.17321000417321,
"1958-07-01",,,,,8.49716033202272,,,,4.5,,,,,5.17321000417321,
"1958-10-01",,,,,8.49716033202272,,,,4.5,,,,,5.17321000417321,
"1959-01-01",,,,,8.49716033202272,,,,4.5,,,,,5.17321000417321,
"1959-04-01",,,,,8.49716033202272,,,,4.5,,,,,5.17321000417321,
"1959-07-01",,,,,8.55540993155672,,,,4.5,,,,,5.17321000417321,
"1959-10-01",,,,,8.60637833114897,,,,4.5,,,,,5.17321000417321,
"1960-01-01",,,,,8.89034512887724,,,,5,,,,,5.17321000417321,
"1960-04-01",,,,,8.86850152905199,,,,5,,,,,5.17321000417321,
"1960-07-01",,,,,8.89034512887724,,,,5,,,,,5.17321000417321,
"1960-10-01",,,,,8.93403232852774,,,,5,,,,,5.17321000417321,
"1961-01-01",,,,,9.02140672782875,,,48217.4880282489,5,,,,,5.17321000417321,
"1961-04-01",,,,,9.07965632736275,,,48347.32170336,5,,,,,5.17321000417321,
"1961-07-01",,,,,9.09421872724625,,,49035.1045982833,5,,,,,5.17321000417321,
"1961-10-01",,,,,9.15246832678025,,,50253.2016594027,5,,,,,5.17321000417321,
"1962-01-01",,,,,9.36362312509102,,,50846.1587123128,5,,,,,5.17321000417321,
"1962-04-01",,,,,9.53109072375127,,,52369.4720081646,4.33333333333333,,,,,5.17321000417321,
"1962-07-01",,,,,9.59662152322703,,,53998.4432820217,4,,,,,5.17321000417321,
"1962-10-01",,,,,9.59662152322703,,,55141.7280183894,4,,,,,5.17321000417321,
"1963-01-01",,,,,9.69127712246978,,,56348.7400467965,3.5,,,,,5.17321000417321,
"1963-04-01",,,,,9.78593272171254,,,57547.3982218827,3.66666666666667,,,,,5.17321000417321,
"1963-07-01",,,,,9.82961992136304,,,58751.8446297086,4,,,,,5.17321000417321,
"1963-10-01",,,,,9.90243192078054,,,59902.526407925,4,,,,,5.17321000417321,
"1964-01-01",,,,,9.97524392019805,,,60890.9268958601,4.5,,,,,5.17321000417321,
"1964-04-01",,,,,10.0480559196156,,,61483.2448897355,4.5,,,,,5.17321000417321,
"1964-07-01",,,,,10.1718363186253,,,62799.7885073313,4.5,,,,,5.17321000417321,
"1964-10-01",,,,,10.2664919178681,,,64481.8943778881,4.83333333333333,,,,,5.17321000417321,
"1965-01-01",,,,,10.3684287170526,,,65247.5568659684,5,,,,,5.17321000417321,
"1965-04-01",,,,,10.4776467161788,,,66538.6527661613,5.5,,,,,5.17321000417321,
"1965-07-01",,,,,10.7907383136741,,,66655.3243873726,5.5,,,,,5.17321000417321,
"1965-10-01",,,,,10.8708315130333,,,67981.6788634511,5.5,,,,,5.17321000417321,
"1966-01-01",,,,,11.1693607106451,,,69369.9051627835,5.5,,,,,5.17321000417321,
"1966-04-01",,,,,11.3004223095966,,,71594.841714201,5.66666666666667,,,,,5.17321000417321,
"1966-07-01",,,,,11.3513907091889,,,72534.5320651474,6,,,,,5.17321000417321,
"1966-10-01",,,,,11.4824523081404,,,73614.1119873975,6,,,,,5.17321000417321,
"1967-01-01",,,,,11.6717635066259,,,76344.086379061,5.5,,,,,5.17321000417321,
"1967-04-01",,,,,11.7809815057521,,,78755.8841756093,5,,,,,5.17321000417321,
"1967-07-01",,,,,11.8756371049949,,,81229.3747557798,5,,,,,5.17321000417321,
"1967-10-01",,,,,11.8756371049949,,,83464.5916997914,5.33333333333333,,,,,5.17321000417321,
"1968-01-01",,,,,11.9630115042959,,,85268.1874959196,5.66666666666667,,,,,5.17321000417321,
"1968-04-01",,,,,11.9994175040047,,,87910.3599187467,5.5,,,,,5.17321000417321,
"1968-07-01",,,,,12.0576671035387,,,90731.4350334027,5.5,,,,,5.17321000417321,
"1968-10-01",,,,,12.0795107033639,,,93084.6051428987,5,,,,,5.17321000417321,
"1969-01-01",,,,,12.2105723023154,,,94894.9169283644,5.66666666666667,,,,,5.17321000417321,
"1969-04-01",,,,,12.2979467016164,,,95755.041013283,6,,,,,5.17321000417321,
"1969-07-01",,,,,12.3926023008592,,,97510.7861033557,7,,,,,5.17321000417321,
"1969-10-01",,,,,12.5236638998107,,,97706.031960631,7,,,,,5.17321000417321,
"1970-01-01",,,,,12.9168486966652,,,99222.8167563206,7,,,,37.7100948194874,5.17321000417321,
"1970-04-01",,,,,13.1425658948595,,,99582.3341485502,7,,,,38.0904762123699,5.17321000417321,
"1970-07-01",,,,,13.3100334935197,,,100125.155547173,7,,,,37.5123945790288,5.17321000417321,
"1970-10-01",,,,,13.5139070918887,,,103244.190722531,7,,,,37.7625849996092,5.17321000417321,
"1971-01-01",,,,,14.05999708752,,,105230.346643658,6.83333333333333,,,,36.5560005088099,5.17321000417321,
"1971-04-01",,,,,14.0235910878113,,,107517.692318238,6,,,,37.4822797749589,5.17321000417321,
"1971-07-01",,,,,14.234745886122,,,110587.167760902,5.83333333333333,,,,36.9220524656592,5.14080666739107,
"1971-10-01",,,,,14.496869084025,,,113572.317831721,5.16666666666667,,,,37.0868792940416,5.01639431427325,
"1972-01-01",,,,,14.7589922819281,,,117471.511435526,5,,,,37.3740044107077,4.80266666566667,
"1972-04-01",,,,,14.9337410805301,,,120398.102364709,5,,,,37.822431467748,4.764999999,
"1972-07-01",,,,,15.1521770787826,,,123316.595486831,5,,,,37.2650393944549,4.734999999,
"1972-10-01",,,,,15.3414882772681,,,126978.014225987,5,,,,37.7453436995692,4.746999999,
"1973-01-01",,,,,15.6400174748799,,,130153.776445841,5,,,,37.8354582277783,4.60033333233333,
"1973-04-01",,,,,15.9167030726664,,,135294.23051259,5,,,,38.0643460643093,4.387999999,
"1973-07-01",,,,,16.1569826707441,,,139125.79901616,5,,,,37.5374519350869,4.129999999,
"1973-10-01",,,,,16.5356050677152,,,143366.738594905,5,,,,37.4817433789576,4.35066666566667,
"1974-01-01",,,,,17.1909130624727,,,146662.579255906,5,,,,36.8405969014702,4.681999999,
"1974-04-01",,,,,17.3365370613077,,,150914.446861136,6,,,,37.300441530537,4.34833333233333,
"1974-07-01",,,,,17.6132226590942,,,154251.011508001,6.66666666666667,,,,37.5409768230951,4.42533333233333,
"1974-10-01",,,,,18.4724042522208,,,156127.616836724,7,,,,38.0103999521841,4.30203333233333,
"1975-01-01",,,,,18.6544342507645,,,160107.578820684,7,,,,39.0091693065013,3.98183333233333,
"1975-04-01",,,,,19.076743847386,,,165121.147888556,7,,,,40.3126882175254,3.94086666566667,
"1975-07-01",,,,,19.6665210426678,,,170077.906202058,6.33333333333333,,,,40.4946030899475,4.291199999,
"1975-10-01",,,,,20.1325178389399,,,175821.527883854,6,,,,40.9552139990161,4.39486666566667,
"1976-01-01",,,,,20.6931702344546,,,179682.075063086,5.5,,,,41.1519180754725,4.38463333233333,
"1976-04-01",,,,,21.2319790301442,,,183973.934378007,5.66666666666667,,,,42.3139816981684,4.42023333233333,
"1976-07-01",,,,,21.5232270278142,,,187181.881216092,6,,,,44.0680732502379,4.40913333233333,
"1976-10-01",,,,,22.0693170234455,,,184303.343508339,8,,,,43.0820241439503,4.20956666566667,
"1977-01-01",,,,,22.6299694189602,,,190148.117505764,8,,,,43.6326729532278,4.22416666566667,
"1977-04-01",,,,,23.510994611912,,,191060.261185659,8,,,,44.4943548152269,4.37016666566667,
"1977-07-01",,,,,24.2828018057376,,,198012.184647556,8,,,,44.2320571706184,4.552099999,
"1977-10-01",,,,,24.8070482015436,,,200823.336408838,8,,,,44.3974970230022,4.78013333233333,
"1978-01-01",,,,,25.7026357943789,,,213281.872006172,7.66666666666667,,,,43.2402609643174,4.637599999,
"1978-04-01",,,,,26.0958205912334,,,221655.548834025,7,,,,45.3670711092516,4.62166666566667,
"1978-07-01",,,,,26.3215377894277,,,231300.902886935,6.5,,,,47.1421587333698,4.46913333233333,
"1978-10-01",,,,,26.692878986457,,,235415.368784694,6.5,,,,46.3905913076262,4.345499999,
"1979-01-01",,,,,27.1952817824377,,,248927.764269163,6.5,,,,45.996110362711,4.35783333233333,
"1979-04-01",,,,,27.6612785787098,,,253901.143078648,6.5,,,,47.6772520586112,4.37463333233333,
"1979-07-01",,,,,28.3165865734673,,,264563.101074656,7.33333333333333,,,,48.3460612441629,4.21053333233333,
"1979-10-01",,,,,29.1466433668269,,,271985.223578447,8.66666666666667,,,,46.5576403480137,4.20533333233333,
"1980-01-01",,,,,30.7776321537789,,,278441.547653691,10,,,,43.5949719771403,4.218199999,
"1980-04-01",,,,,31.3528469491772,,,282676.513358084,10,,,,43.5039379129291,4.24806666566667,
"1980-07-01",,,,,32.117372943061,,,292144.787309659,10,,,,43.0910662479713,4.151799999,
"1980-10-01",,,,,33.4425513324596,,,299072.522485497,10,,,,40.2641826934129,4.30023333233333,
"1981-01-01",,,,,34.7094801223242,,,304483.624136725,12,,,,39.0020429024847,4.55393333233333,
"1981-04-01",,,,,35.4521625163827,,,310602.321313138,12,,,,38.4557618892174,4.87693333233333,
"1981-07-01",,,,,36.2094073103247,,,319530.020288928,12,,,,37.2438900664058,5.301799999,
"1981-10-01",,,,,36.7336537061308,,,337854.080995854,11,,,,35.8984556392844,5.521099999,
"1982-01-01",,,,,37.8403960972768,,,344606.414541314,10.6666666666667,,,,35.2390716977546,5.73623333233333,
"1982-04-01",,,,,38.4957040920344,,,361070.787182694,10,,,,35.5263500704211,5.900199999,
"1982-07-01",,,,,39.0417940876656,,,358636.951344753,10,,,,35.3406037979902,6.15686666566667,
"1982-10-01",,,,,40.0029124799767,,,362386.515410717,10,,,,34.0734831870505,7.33713333233333,
"1983-01-01",,,,,41.189748070482,3.6,,377214.886603486,9,,,,32.9068218843438,7.40936666566667,
"1983-04-01",,,,,41.830493665356,3.66666666666667,,383158.1397157,8.5,,,,32.7626846160094,7.53686666566667,
"1983-07-01",,,,,42.6459880588321,3.76666666666667,,392149.210382793,8.5,,,,32.1960205546948,7.80596666566667,
"1983-10-01",,,,,43.5634192514926,3.66666666666667,,386337.592995017,8.5,,,,31.7603903736841,7.91623333233333,
"1984-01-01",,,,,44.5973496432212,3.46666666666667,,395953.916842452,8.5,,,,31.0049915479316,7.97406666566667,
"1984-04-01",,,,,45.420125236639,3.33333333333333,,388106.274402025,8.83333333333333,,,,31.3917330648288,8.00223333233333,
"1984-07-01",,,,,45.9006844327945,3.13333333333333,,396011.213425031,9.5,,,,31.3901238768251,8.40733333333333,
"1984-10-01",,,,,46.8836464249308,3.06666666666667,,413055.245963288,9.5,,,,30.7613145073663,8.70356666633333,
"1985-01-01",,,,,48.1578564147371,3,,398288.211467999,9.5,,,,30.2291330461316,9.264866666,
"1985-04-01",,,,,49.0461628076307,2.96666666666667,,391713.081706626,10.8333333333333,,,,30.4239214225835,8.94199999966667,
"1985-07-01",,,,,49.155380806757,2.8,,393682.802105665,10.5,,,,30.4157988545647,8.39466666633333,
"1985-10-01",,,,,49.8980632008155,2.7,,409563.198082427,10.5,,,,29.7434647810048,7.81416666666667,
"1986-01-01",,,,,50.7062763943498,2.83333333333333,,410889.721453569,9.16666666666667,,,,29.7306679049751,7.40796666666667,
"1986-04-01",,,,,50.9611183923111,2.66666666666667,,428358.44433899,8,,,,30.1108960418573,7.20023333333333,
"1986-07-01",,,,,51.2013979903888,2.56666666666667,,440541.868567707,7.83333333333333,,,,30.770279983387,6.9677,
"1986-10-01",,,,,51.7038007863696,2.63333333333333,,452560.108045525,7.5,,,,31.2446839324877,6.91843333333333,
"1987-01-01",,,,,52.4974515800204,2.36666666666667,,448668.176118444,10.6433333333333,,11.46,,32.1169404585113,6.50643333333333,
"1987-04-01",,,,,52.6794815785642,2.3,,467843.367043402,8.38,,11.59,,32.7325698119396,6.30093333333333,
"1987-07-01",,,,,53.6260375709917,2.16666666666667,,468972.43679522,8.45,,11.92,,33.17670570097,6.43136666666667,
"1987-10-01",,,,,54.4124071647007,1.9,,471319.830171134,8.50333333333333,,11.7666666666667,,33.9452845427531,6.12303333333333,
"1988-01-01",,,,,55.1259647589923,1.9,,479766.334646259,8.84,,11.4266666666667,,35.2330180857406,5.98796666666667,
"1988-04-01",,,,,56.0943643512451,1.83333333333333,,486009.51390197,9.75666666666667,,11.39,,36.0721713156874,5.9581,
"1988-07-01",,,,,56.7351099461191,1.83333333333333,,493519.617668421,10,,11.4633333333333,,37.8143088997292,6.41646666666667,
"1988-10-01",,,,,57.6161351390709,1.63333333333333,,496476.095122934,10.3333333333333,,11.1133333333333,,38.1852650485898,6.14606666666667,
"1989-01-01",,,,,58.6864715305082,1.6,,504457.057507002,10.6666666666667,,10.6366666666667,,39.7965220083279,6.31570333333333,
"1989-04-01",,,,,59.7495267220038,1.56666666666667,,517177.558042505,11,,11.0733333333333,,40.9155973229242,6.54516666666667,
"1989-07-01",,,,,60.2956167176351,1.43333333333333,,529228.377647815,12,,11.0633333333333,,42.1145190137057,6.5376,
"1989-10-01",,,,,61.3586719091306,1.56666666666667,,547186.930350375,11.6666666666667,,11.9466666666667,,41.6042531605219,6.38903333333333,
"1990-01-01",,,,,64.2857142857143,1.43333333333333,,559058.43770625,13,,13.44,,42.2113768059304,6.1504,
"1990-04-01",,,,,65.7273918741809,1.53333333333333,,562688.666298124,12,,13.27,,41.9426424093069,6.08696,
"1990-07-01",,,,,66.9943206640454,1.76666666666667,,570064.392901421,12.3333333333333,,13.1433333333333,,41.9515312573276,5.83063333333333,
"1990-10-01",,,,,68.232124654143,2.16666666666667,,611227.611116862,14.6666666666667,,12.7833333333333,,40.6003497301928,5.60716666666667,
"1991-01-01",,,,,71.2392602300859,2.43333333333333,,615384.364092655,12.3333333333333,12.3369523809524,11.4433333333333,,41.5464756483878,5.678,
"1991-04-01",,,,,72.4843454201252,2.73333333333333,,632424.943483814,10.6666666666667,11.787012911726,10.91,,40.6530697943151,6.23033333333333,
"1991-07-01",,,,,72.6590942187272,3.36666666666667,,638937.693169786,10,10.7264901499467,10.47,,40.7441038585263,6.328,
"1991-10-01",,,,,73.6129314110966,3.86666666666667,,638283.921078455,12.1666666666667,12.0626422611205,9.94666666666667,,39.8476328844465,5.95353333333333,
"1992-01-01",,,,,73.5910878112713,4.56666666666667,,634939.793850477,11.6666666666667,12.2971961791831,9.47,,37.9748445601016,5.88656666666667,
"1992-04-01",,,,,73.9769914081841,5.26666666666667,,636331.41023679,11.5,11.864512987013,9.58,,37.0464197099477,5.82586666666667,
"1992-07-01",,,,,74.1590214067278,5.96666666666667,,612010.30387389,22.6666666666667,15.8966322542192,10.56,,35.8559270991858,5.35283333333333,
"1992-10-01",,,,,74.8944226008446,6.5,,662589.116566608,12,13.6458704121965,10.4666666666667,,33.1546368369188,6.23006666666667,
"1993-01-01",205325,405577,,68.1374880123071,77.158875782729,7.7,,665216.608321163,10,10.0655829882678,9.8,,30.7380962233124,7.4983,
"1993-04-01",208577,408963,,68.0875061770985,77.5593417795253,9.03333333333333,,669446.215625601,8.91666666666667,9.11417027417027,9.09,,30.5757214909357,7.40373333333333,
"1993-07-01",212562,417602,,69.0532900959223,77.5156545798748,9.63333333333333,,684591.667195975,8.16666666666667,8.16621212121212,7.91666666666667,,30.4384807426173,8.01631,
"1993-10-01",214985,421416,,69.425256428554,78.1636813746906,9.8,,694056.83687095,7.75,7.68318464144551,7.47,,30.5360281868436,8.21536333333333,
"1994-01-01",217463,429283,75.2391904819733,69.8983858436816,78.4913353720693,9.73333333333333,,706687.628535941,7.33333333333333,7.42183471359558,7.35666666666667,127.97082964922,30.9333443677654,8.00074666666667,
"1994-04-01",216996,435394,75.1503682501735,70.0446562762336,79.1976117664191,9.36666666666667,,713821.290091864,7.05666666666667,7.21694805194805,9.18666666666667,128.424660213926,31.5094336731019,7.80212666666667,
"1994-07-01",220823,441690,76.2402893052945,70.4696832358573,79.5325469637396,9.23333333333333,,712631.481365517,7.10666666666667,7.86921513269339,11.25,125.107002292627,31.7157928775806,7.68307666666667,
"1994-10-01",224185,454553,77.5208047347667,71.2600086560557,80.0131061598952,9,,702045.30540009,7.4,8.17141414141414,11.01,128.75955587202,31.0153363279556,7.37793,
"1995-01-01",226124,467289,77.8212715349691,72.27321274699,80.5155089558759,8.83333333333333,,704397.738580871,7.87666666666667,8.36274769433465,10.96,126.002143958185,30.8302797075262,7.37355666666667,
"1995-04-01",228890,473803,77.7947563347864,72.8225394986935,81.4256589485947,8.7,,711363.491667077,8.49333333333333,8.95045652173913,10.91,122.330811183011,31.0006237519215,7.29616,
"1995-07-01",230053,477949,78.3462242107082,73.2599703330388,81.4329401485365,8.66666666666667,,727394.907744633,8.91,9.1616287094548,10.1333333333333,125.823741598266,30.6661425311455,7.17732,
"1995-10-01",230342,485200,78.9898502918955,73.6094741059169,81.8770933449833,8.96666666666667,,744843.76149616,8.91,8.82223665223665,8.96666666666667,135.595183136282,30.0184060456427,6.68603666666667,
"1996-01-01",233864,492573,79.0979400526343,74.1530429667509,81.73875054609,9,,770931.515377848,7.96666666666667,7.91096618357488,8.59333333333333,135.019287799,30.2262211821248,6.77643,
"1996-04-01",233376,481762,78.4155721180052,73.1805102836366,82.0445609436435,9.5,,784141.442199176,6.5,6.29856455862978,8.36666666666667,137.701582929711,30.4273696825915,6.73434666666667,
"1996-07-01",238697,492600,79.036457777022,74.3402423966276,81.505752147954,9.73333333333333,,807015.62743417,5.28333333333333,5.34476692389736,8.05,137.222713437297,31.1157190081885,6.63365333333333,
"1996-10-01",238983,490839,79.5235485645316,73.4402072284287,81.4984709480122,9.93333333333333,,834848.265634323,4.35,4.52655530459878,7.1,136.108481154295,31.0898187441284,6.67939333333333,
"1997-01-01",243088,499823,79.6626753971904,74.3622848688254,81.272753749818,10.2666666666667,,820366.61607635,4.1,4.2041093857833,6.84,128.421530347963,31.6132646133428,7.37379333333333,
"1997-04-01",246904,508766,79.6792150604327,74.53790568982,82.0664045434688,10.3,,823594.093191367,4.1,4.33512265512266,7.01666666666667,125.476326476319,32.5151761754352,7.69540666666667,
"1997-07-01",248265,514113,80.2307749387445,74.8209751603558,82.3940585408475,9.73333333333333,,822207.406544801,4.1,4.47378191856453,6.45,127.347986322486,33.0927980407753,7.83344333333333,
"1997-10-01",250224,527291,80.5133374278946,75.4932901210094,82.7508373379933,9.13333333333333,,848576.621277368,4.18333333333333,4.70365217391304,6.18333333333333,129.657827403541,32.9018410643323,7.63693333333333,
"1998-01-01",251865,529324,80.42372528774,75.380219292808,81.9644677442843,8.66666666666667,591849.589022204,994303.250228991,4.35,4.70366666666667,5.51,125.839390928084,34.253865499469,8.01814333333333,
"1998-04-01",254559,534544,80.110215173613,75.303928730376,82.2775593417795,8.6,607209.967515367,988171.465890038,4.26666666666667,4.53655122655123,5.12666666666667,128.218089060336,35.2736309258348,7.80474666666667,
"1998-07-01",257722,539551,80.2936566442879,75.2649902667836,81.8625309450997,8,624289.911601736,984810.628178136,4.1,4.28979490557751,4.82333333333333,124.052237462931,36.4490278205617,8.01242933333333,
"1998-10-01",261455,550941,80.7377448279277,75.9449131160563,81.9280617445755,7.46666666666667,639965.520466955,983604.772574428,3.7,3.92444290733421,4.49666666666667,119.335529455951,36.9134701296393,7.96415333333333,3185701
"1999-01-01",265115,555080,81.1106826532791,75.8682286797032,81.8916557448668,7.1,663888.771182779,1001946.66646265,3.15,3.3252619047619,4.21333333333333,122.430966893843,37.4216670268183,7.99243333333333,3306535
"1999-04-01",267410,558593,81.3271147065718,75.962743829378,82.437745740498,6.76666666666667,681833.749850652,1061766.65585718,2.9,3.07350937950938,4.53666666666667,120.487320130515,38.6617379536952,8.42352666666667,3465469
"1999-07-01",271798,568460,81.7486991131312,76.2915345062596,82.408620940731,6.63333333333333,703386.444502644,1085899.70243722,2.9,3.23183333333333,5.48,122.05225311226,39.8292421644038,8.31144,3551690
"1999-10-01",281151,581443,81.9238275835969,76.9792372371382,82.7945245376438,6.33333333333333,743138.340323542,1107287.42046239,3.13333333333333,3.68985068072025,5.69,121.632851073153,39.6385916999615,8.32231333333333,3946369
"2000-01-01",286669,583215,81.9797789661948,76.9331142496798,82.5615261395078,6.06666666666667,756759.257362589,1166492.58477953,3.58333333333333,3.98218081435473,5.78666666666667,120.168073802239,40.9011912588908,8.60794,3903583
"2000-04-01",289944,601022,82.0360544695165,77.2021002134145,83.2459589340323,5.76666666666667,754219.824182687,1162930.98221938,3.75,4.08361594202899,5.29666666666667,121.507656434613,42.5742870147724,8.85259,4073878
"2000-07-01",292353,610902,82.3211198239387,77.6777382681864,83.2168341342653,5.43333333333333,766746.73123435,1164533.8837796,3.75,4.12046928916494,5.29333333333333,117.886401514855,44.063782082228,9.28830333333333,4057653
"2000-10-01",293917,613602,82.673989549569,77.9518263925156,83.8066113295471,5.1,771111.792596576,1169166.51115615,3.83333333333333,4.06269841269841,5.09333333333333,113.911471741223,43.912058641876,9.90014333333333,3958541
"2001-01-01",296515,619889,83.1951563768464,78.6166280130923,83.9231105286151,6,788864.938430836,1158211.17562684,4,4.12198418972332,4.83333333333333,111.964695111932,45.143547232733,9.73908333333333,3863236
"2001-04-01",299141,625147,84.0040770369704,79.7315734893806,85.5176933158585,5.86666666666667,805320.332563875,1219970.29325128,4,4.17178812974465,5.19333333333333,109.507750330592,44.9386439602577,10.4319266666667,4016221
"2001-07-01",300189,626347,84.062163069607,79.2257726901501,85.5686617154507,6,808288.130957462,1231579.5692832,4.08333333333333,4.33940638998683,5.28,107.107143136595,45.7047707060351,10.5770866666667,3808167
"2001-10-01",301704,636261,84.66957125627,80.0651250042935,85.9327217125382,6.06666666666667,825357.787361644,1157443.92832535,3.75,3.86561330698287,5.12333333333333,106.816065601991,44.879717028121,10.5684466666667,4039888
"2002-01-01",307387,642224,84.6521124682911,80.1507711582332,86.1657201106742,5.93333333333333,834112.133025107,1183609.99334717,3.83333333333333,4.02372453416149,5.42,109.467062073067,45.5452312096649,10.44659,4085185
"2002-04-01",309355,650748,85.0600354745151,80.3681243000956,87.192369302461,5.93333333333333,835527.288220184,1202657.52565698,4.16666666666667,4.449395256917,5.63333333333333,111.078943044264,46.4016257396518,9.98113333333333,3999409
"2002-07-01",311269,653621,85.5199715609173,80.83293622326,87.1414009028688,6.16666666666667,857317.853238622,1235498.53360556,4.25,4.44379989334337,5.15666666666667,112.396616614893,48.1508897277101,9.38561666666667,3946510
"2002-10-01",316507,659515,86.4186321598212,81.4819482837173,87.7821464977428,6.3,857940.775122665,1245433.08748895,4,4.14884020327499,5.00333333333333,114.825392602562,47.9566377472594,9.13515333333333,4125557
"2003-01-01",319479,673020,87.2015155565381,82.2248975725168,88.7359836901121,6.36666666666667,870797.350725333,1264585.32486515,3.66666666666667,3.78675044858523,4.58,116.781558829743,47.7446846987677,8.55547666666667,4233986
"2003-04-01",318639,670324,86.5841578387076,81.9333323849672,88.8233580894131,6.46666666666667,889987.952664681,1246304.39141863,3.33333333333333,3.36884848484849,4.43,119.191555621631,48.7633007051309,8.05647333333333,4507732
"2003-07-01",324051,679559,87.2458676643606,82.370519531497,88.5321100917431,6.76666666666667,899330.215273988,1265188.50941199,2.75,2.91474283204718,4.64666666666667,118.086712936518,50.0069731480162,8.15338,4591527
"2003-10-01",326963,683828,87.4066633487983,82.2452610681917,88.9107324887141,7.2,904364.267593596,1282367.84593403,2.75,2.91557536231884,4.89666666666667,121.423150053599,50.2498072805796,7.57988666666667,4689757
"2004-01-01",331163,695461,87.3728632266663,82.4358341758548,88.7942332896461,7.4,915986.333169978,1273320.63267183,2.58333333333333,2.63356436100132,4.50333333333333,119.876996267635,51.3902618072254,7.34444666666667,4805626
"2004-04-01",329963,702164,87.4643496199477,82.5780028186252,89.1874180865007,7.56666666666667,919434.429331637,1253195.41570476,2,2.19671645021645,4.65,118.11488173019,53.2857320196229,7.59450666666667,4808970
"2004-07-01",333321,711033,87.659509994168,82.9583973850253,89.0345128877239,7.56666666666667,930177.935321288,1309818.19498096,2,2.20083333333333,4.45333333333333,117.977167627796,54.6104768866963,7.49511333333333,4865936
"2004-10-01",336224,711950,87.675453066351,82.5933201275335,89.3330420853357,7.53333333333333,932652.963715163,1331184.41743319,2,2.19675660330008,4.09333333333333,120.916111767514,55.0273332076634,6.96148,4997990
"2005-01-01",339300,714247,87.7876245668602,82.5931720767929,89.0272316877821,7.9,966902.863053478,1354792.80897629,2,2.13076525189786,3.82,118.997503931894,55.5733843369303,6.92170666666667,5196750
"2005-04-01",344170,723949,88.4084210262009,83.0085306233037,89.4568224843454,8.03333333333333,1022866.74514894,1412553.76963478,1.83333333333333,1.99360461760462,3.34333333333333,115.210366116071,57.1503885805889,7.31744,5545153
"2005-07-01",350019,737998,88.4545731370603,83.4728257647082,89.4859472841124,7.93333333333333,1023200.69189912,1423883.06939278,1.5,1.6589200075287,3.06,111.60476052613,59.3344398416559,7.68275333333333,5844590
"2005-10-01",350752,744744,88.5176869765943,83.9426817129962,89.9883500800932,7.8,1057444.28438096,1499865.98711871,1.5,1.77584126984127,3.31,109.567217783898,60.5470779444692,7.97045333333333,6040197
"2006-01-01",353046,759700,88.7204135082224,84.1655955022461,89.7189456822484,7.56666666666667,1067249.14388613,1554322.88789537,1.83333333333333,2.12412081686429,3.43333333333333,110.293346687428,62.8582550578312,7.78046,6408062
"2006-04-01",357037,774162,88.7591091749844,84.4658386302009,90.8184068734527,7.43333333333333,1099674.6103515,1646696.16032602,2.08333333333333,2.35051884057971,3.88666666666667,112.249512914609,63.8603194161559,7.40548333333333,6251421
"2006-07-01",361081,784382,89.2339178575837,84.7633409000055,90.9130624726955,7,1147836.70155635,1693263.09761968,2.33333333333333,2.69530848861284,3.83333333333333,113.567186485239,65.4974766399541,7.24565333333333,6546108
"2006-10-01",365710,798359,89.1961620042692,85.297275294803,91.3717780690258,6.66666666666667,1174860.93257885,1725816.39405868,2.75,3.0829632034632,3.66666666666667,115.157158394692,65.5580127600946,7.0814,6839321
"2007-01-01",371444,811465,89.5621726588441,86.3240131629765,91.4664336682685,6.46666666666667,1195756.22025565,1801160.10079903,3.16666666666667,3.4051512516469,3.87333333333333,114.302704986659,68.0002237537605,7.01233666666667,7138138
"2007-04-01",376485,825592,90.075266432805,86.9461649045687,92.4639580602883,6.16666666666667,1243324.67538121,1860495.90533906,3.33333333333333,3.58612131778722,4.21,113.811316030391,71.3619707495598,6.86711333333333,7373536
"2007-07-01",383729,828088,90.1490003974244,86.8902019710034,92.6751128585991,6.06666666666667,1258406.42200965,1975330.09013456,3.58333333333333,3.98504505928854,4.30666666666667,113.773757638829,73.7680133271418,6.73949,7374053
"2007-10-01",388107,848877,90.5532779384325,88.2253073640991,94.2405708460754,6.16666666666667,1265270.63217752,2049547.15817417,4,4.57417933813842,4.28,115.035093622116,70.4730859474976,6.41614,7075687
"2008-01-01",389859,850294,91.7589049098174,88.9361805951397,94.4226008446192,5.93333333333333,1285027.57414976,2051400.65880975,4.16666666666667,4.65573593073593,4.01,113.670472062034,70.5447331276638,6.27174666666667,6919917
"2008-04-01",392109,850559,92.4155361279024,89.2274516410735,95.9662152322703,6.1,1275990.67271393,2046384.06273909,4.25,4.94748773448774,4.22333333333333,115.58595003169,70.7470310481331,5.98731666666667,6793528
"2008-07-01",391237,851038,92.9603898710312,90.0272631893277,96.643366826853,6.26666666666667,1291505.35751975,2056734.81461993,4.58333333333333,5.18042446201142,4.12666666666667,113.019459941628,69.7579934498386,6.31073333333333,6719507
"2008-10-01",390394,837383,93.7503127773308,92.0759846353214,96.5487112276103,6.8,1343349.69967167,2127542.84017077,3.16666666666667,4.1905591914569,3.19333333333333,103.886511060164,66.2536417457084,7.7946,6702967
"2009-01-01",395836,828337,93.8817046642134,91.9807830392117,95.1652832386777,7.53333333333333,1364295.35728762,2116063.99916802,1.33333333333333,1.62744393939394,2.89,97.6079999374027,69.0591460882172,8.40555,6649887
"2009-04-01",402060,826943,94.3962535647279,91.6777611167708,95.6167176350663,8.46666666666667,1388085.33822441,2094500.4980356,0.5,0.97388455988456,3.45666666666667,98.8474268589448,70.9064939165031,7.92062666666667,7093652
"2009-07-01",405557,830474,94.7719885044708,92.2495745193158,95.5875928352993,8.76666666666667,1413076.07234068,2072612.51002384,0.25,0.610933433716042,3.4,102.61891534495,72.9540707092534,7.28477,7414729
"2009-10-01",409117,838609,95.301211278902,92.7530857113707,96.148245230814,8.93333333333333,1450561.28059074,2102955.43532742,0.25,0.48587187666135,3.25333333333333,103.639251649048,74.4883165288129,7.00433,7627424
"2010-01-01",420107,857846,95.712460908317,93.3723423147,96.1336828309305,9.06666666666667,1464217.42286528,2135613.30462928,0.25,0.483764263920671,3.28333333333333,104.424848005884,75.6026409073981,7.1947,7947683
"2010-04-01",420341,877032,95.5061980873344,92.3754182910192,96.6142420270861,8.9,1484618.70726755,2123879.67143012,0.25,0.608634920634921,2.82666666666667,104.34034162487,76.1505311086692,7.58151666666667,8006594
"2010-07-01",425212,894430,95.5203395738606,92.9106612166507,96.6652104266783,8.63333333333333,1497437.0268705,2157579.0679605,0.583333333333333,1.00437878787879,2.56,107.057065281179,77.2660815352573,7.27026666666667,8290475
"2010-10-01",430604,913757,96.3721487859759,93.9561735273538,97.9612640163099,8.23333333333333,1547134.59432826,2158138.29947584,1.08333333333333,1.60664213564213,2.90333333333333,110.60007355185,77.4755058597432,6.78361333333333,8562916
"2011-01-01",435455,920685,97.0597136146679,94.1071410960314,98.3253240133974,8,1513332.13866275,2181716.76198191,1.41666666666667,2.19997608695652,3.34666666666667,114.349652976111,77.6303710481025,6.48686666666667,8593193
"2011-04-01",439134,924721,96.9627977339554,93.8739575197064,99.4393476044852,7.9,1538130.0168502,2203126.54153333,1.75,2.44114593301435,3.06666666666667,113.661082464143,76.7774247781236,6.26367333333333,8527782
"2011-07-01",437866,933724,97.2082617777464,94.3391500219533,99.5485656036115,7.8,1558096.67033409,2279996.88515119,2,2.55546499153021,2.25,111.467046423737,76.5161232975174,6.47718333333333,8022292
"2011-10-01",439088,919840,97.272731371318,94.5690529497651,100.24756079802,7.86666666666667,1562716.10773724,2310260.07669076,1.91666666666667,2.60642712842713,1.75666666666667,111.476436021627,74.4895425768158,6.74645,8281254
"2012-01-01",443360,925896,97.4853225925926,94.6936317855719,100.050968399592,7.83333333333333,1590058.37692548,2381582.3391986,1.58333333333333,2.45271428571429,1.84666666666667,111.708046102926,75.5079286991784,6.75382,8619298
"2012-04-01",444401,931735,97.7270264581565,95.0089634600176,100.546089995631,7.96666666666667,1612681.47624667,2331604.3275109,1.5,2.15689891395154,1.59333333333333,109.98974968897,76.2464693648918,6.95160333333333,8602654
"2012-07-01",445888,934803,97.5683421568929,94.9286518220714,100.160186398719,8.2,1647166.65353357,2384187.34409522,1.41666666666667,1.93718682476943,1.42666666666667,114.380951635746,77.4352761596498,6.74640333333333,8733774
"2012-10-01",447964,935563,97.5337501182292,95.5196917512352,100.313091597495,8.3,1660482.83120592,2386826.43114671,1.16666666666667,1.44474951561652,1.50333333333333,112.377837419113,77.2855450473025,6.64823666666667,8736395
"2013-01-01",451277,939877,97.9335878497514,95.5153614098442,100,8.16666666666667,1698214.24445109,2402391.16071715,1,1.21628787878788,1.90666666666667,114.834782200452,78.6962665305753,6.43244,9122859
"2013-04-01",452090,942152,97.8228358333315,95.5709540544266,100.262123197903,8.16666666666667,1715682.90579206,2426573.12150734,1,1.22177513227513,1.83333333333333,113.626653938545,79.924153605424,6.55731333333333,9229566
"2013-07-01",458507,955416,98.2186279081734,96.1597026753864,100.254841997961,8.1,1747945.02027994,2415649.2523929,1,1.20610141790576,2.36666666666667,113.31679720816,81.3389363727063,6.55419333333333,9496427
"2013-10-01",462666,970418,98.5099401946067,96.7501914175222,100.378622396971,8.06666666666667,1817756.72585831,2466833.50003508,0.916666666666667,1.12400103519669,2.37666666666667,111.695526639072,82.4662875113218,6.51194,9728881
"2014-01-01",465073,973087,98.5413388398717,96.6876494230719,99.650502402796,8.16666666666667,1821109.56053987,2471024.10695415,0.75,0.938195238095238,2.25333333333333,111.629799453838,85.4794537343123,6.46706,9995191
"2014-04-01",472460,986625,98.8728801490946,97.5630605101494,100.276685597787,8.1,1878378.81227958,2527080.55652055,0.75,0.890139473684211,1.91333333333333,108.828569416515,86.8380681774643,6.60143,10519863
"2014-07-01",475209,999766,99.2896288269268,98.1178970530823,100.087374399301,7.96666666666667,1922041.99996429,2549597.06960492,0.25,0.506000721500722,1.54666666666667,105.720612514769,89.896981316561,6.94854333333333,10731992
"2014-10-01",480947,1010975,99.1357444557607,98.5239561080253,100.16746759866,7.93333333333333,2006140.75697959,2577098.75292525,0,0.312564492753623,1.15,104.14316006917,91.2450210956884,7.42610666666667,11134683
"2015-01-01",490268,1032192,99.6520507712274,99.3508573079045,99.6650648026795,7.86666666666667,2076569.89146801,2618730.51057524,-0.116666666666667,0.0661249417249419,0.66,100.127542038012,95.5425492296587,8.33328,11850177
"2015-04-01",494400,1057554,99.961266608556,100.017350412976,100.072811999417,7.73333333333333,2162049.45087166,2683652.20694098,-0.25,-0.192184126984127,0.693333333333333,99.2762184959429,98.3072874760729,8.42276333333333,11902054
"2015-07-01",500398,1062467,100.081931675135,100.1196530954,100.021843599825,7.23333333333333,2195175.78133882,2713395.24653239,-0.35,-0.270557688688123,0.726666666666667,99.4859195154967,102.093706848857,8.48386,11765477
"2015-10-01",506686,1077651,100.304750945081,100.512139183719,100.240279598078,7.2,2271821.08567107,2784755.7717674,-0.35,-0.358579076479077,0.796666666666667,101.110319950548,104.056456445411,8.49946,12138431
"2016-01-01",508045,1079916,100.264735201809,100.702503921495,100.313091597495,7.23333333333333,2322976.25537989,2845238.74263748,-0.45,-0.39827485380117,0.87,102.462422046776,105.342427544394,8.46624333333333,12173203
"2016-04-01",508797,1090268,100.606619152258,100.9997786443,100.895587592835,7,2346548.36121902,2865313.39726736,-0.5,-0.457492857142857,0.7,102.725330787709,105.960815505829,8.21604333333333,12386001
"2016-07-01",515919,1104176,101.058281816176,101.961894308049,101.055773991554,6.96666666666667,2437204.27945634,2954056.71882567,-0.5,-0.535731664470795,0.163333333333333,100.193269223246,108.203870327033,8.51913,12886820
"2016-10-01",521710,1119295,101.606241831522,103.20437576477,101.674675986603,7.03333333333333,2489005.76557337,3007353.55135956,-0.5,-0.568340548340548,0.426666666666667,97.4577663711552,109.23696902543,9.04655,13237568
"2017-01-01",531464,1131502,102.143915385913,103.441714599614,101.798456385612,6.83333333333333,2591669.75302664,3137128.3897418,-0.5,-0.520669910282954,0.666666666666667,99.3544651450302,112.019791479886,8.9281,13751096
"2017-04-01",531860,1139969,102.494797625365,103.871285428472,102.686762778506,6.83333333333333,2617758.60499081,3189060.21965136,-0.5,-0.482798677248677,0.53,98.3403885728594,112.950361914045,8.80555666666667,13949396
"2017-07-01",535440,1148222,102.599648917146,103.927420697697,103.240133974079,6.8,2675848.25690114,3256453.52590174,-0.5,-0.439670807453416,0.636666666666667,101.933474698946,113.903154468255,8.14042666666667,14038699
"2017-10-01",543530,1163442,103.326031729042,104.555766393189,103.473132372215,6.73333333333333,2705399.34390914,3260989.05434117,-0.5,-0.56700956937799,0.77,99.3638547429206,110.312366379925,8.32136,14046166
"2018-01-01",553652,1177546,104.485666204476,105.536477646797,103.516819571865,6.3,2771837.68625717,3336346.12049448,-0.5,-0.436325974025974,0.843333333333333,97.8740385442993,109.397044917801,8.11233666666667,14143243
"2018-04-01",559665,1193582,104.983800749297,106.193589790382,104.630843162953,6.36666666666667,2815487.058845,3368786.97074015,-0.5,-0.374537343358396,0.64,94.1651473775636,108.996970128873,8.66905333333333,14555790
"2018-07-01",560067,1202394,105.53974296456,107.113156455558,105.431775156546,6.53333333333333,2868977.23450009,3407558.59929081,-0.5,-0.366724967061924,0.543333333333333,94.5219520974014,109.22861657341,8.94733333333333,14907257
"2018-10-01",565056,1222183,105.799768511241,107.673076119954,105.635648754915,6.63333333333333,2919339.69098862,3456555.79308636,-0.5,-0.391090250329381,0.58,94.8599776214584,108.834672024496,9.04135,14139337
"2019-01-01",567232,1236945,106.558449279993,108.262230750411,105.453618756371,6.86666666666667,2969730.34740945,3497356.04259544,-0.25,-0.066929292929293,0.36,93.248096650261,109.020341668927,9.17805333333333,15051298
"2019-04-01",573793,1255939,107.520791319032,108.919226130251,106.756953545944,6.53333333333333,3172812.17593712,3568867.97691109,-0.25,-0.0228992063492063,0.07,91.5767482257572,109.149459849227,9.44597333333333,15567996
"2019-07-01",578902,1263520,107.424277294849,109.579052667818,107.026357943789,7.13333333333333,3273297.33684594,3673636.12789669,-0.25,-0.0334972394755003,-0.236666666666667,91.3169693507875,110.757804944958,9.5947,15860616
"2019-10-01",582716,1281287,107.917631060586,110.07714147428,107.455948740352,7.13333333333333,3318109.64145112,3727193.67608092,-0.25,0.0130217391304348,-0.03,91.1823851143575,110.502173936365,9.61467,16416747
"2020-01-01",589849,1293887,108.154825862395,110.854926764476,106.509392747925,7.33333333333333,3539299.71528716,3945286.24664755,0,0.194910894660895,-0.0366666666666667,90.2841135828358,112.863082621842,9.67840566666667,15693834
"2020-04-01",532353,1190830,108.281474004028,111.035176815,106.873452745012,8.6,3691660.87329595,4125596.18116539,0,0.206005513784461,-0.04,91.8740854922888,112.571053313165,9.68683227272727,16713446
"2020-07-01",565217,1249174,108.25597531266,111.079485601072,107.65254113878,9.3,3785330.23140983,4199300.41279214,0,0.00158165505991593,-0.0633333333333333,96.1870407899782,114.220930784993,8.86496116130246,17510421
"2020-10-01",563793,1285514,108.53374569055,112.05446338712,107.798165137615,8.86666666666667,3971957.05455112,4386743.69755644,0,-0.0828197691197691,-0.00666666666666667,97.2386757537109,115.960003249027,8.61103701298701,18056686
"2021-01-01",585507,1316573,109.642683777236,111.946349389201,108.147662734819,9.23333333333333,4054227.4744088,4497324.57444656,0,-0.0314769641495042,0.24,97.6205194012566,119.195314044533,8.39378565217391,19018906
"2021-04-01",597392,1339669,110.884343747788,112.9528397369,108.802970729576,9.2,4185808.42861709,4626856.33869075,0,-0.0302134920634921,0.383333333333333,96.7754555911143,122.662041400576,8.41059492063492,19706550
"2021-07-01",617978,1366653,110.048522952971,114.748863717111,109.778651521771,8.83333333333333,4324192.1427743,4772708.46666335,0,-0.0191212121212121,0.186666666666667,95.9397813788624,124.700269577305,8.64881818181818,19857847
"2021-10-01",633453,1429321,112.120327197658,117.416317784158,111.373234309014,8.3,4448482.44838253,4849579.11594368,0,-0.0904372294372294,0.263333333333333,95.7269504933451,124.471841508775,8.85306810966811,20896489
"2022-01-01",640670,1412510,113.527569873918,117.428113041066,113.18625309451,7.63333333333333,4548084.48189411,4954031.21951517,0,-0.00444772727272725,0.596666666666667,91.5736183597938,125.645935727499,9.33858099033816,20332551
"2022-04-01",671019,1454784,117.384803517373,119.68174724611,116.892383864861,7.66666666666667,4585849.80293484,5027398.0406094,0.166666666666667,0.43377485380117,1.7,91.0634502077449,122.225644939564,9.83662674868992,18727902
"2022-07-01",674713,1481022,119.281664964804,121.607414785756,120.452890636377,7.06666666666667,4508076.92594049,5031038.3015718,1.08333333333333,1.38234428132254,1.74,90.2434253253104,114.957479122701,10.5515148315453,18388009
"2022-10-01",686666,1505772,122.364024919386,124.583646397707,124.246395806029,7.53333333333333,4348476.41726265,4975912.67172774,2.25,2.21533982683983,2.09666666666667,89.9617373885963,107.45245615729,10.7302825396825,18881983
"2023-01-01",684354,1532590,123.760814506372,125.938918099537,126.103101791175,7.3,4158646.38612199,4844975.28496792,2.83333333333333,3.08268388543823,2.26666666666667,89.2418682169936,104.974536515541,10.4405439986825,19842616
"2023-04-01",698049,1542472,125.730553860789,127.271794078113,128.352992573176,7.46666666666667,4039215.4657693,4824419.90522899,3.33333333333333,3.6375537037037,2.38333333333333,88.6158950242956,103.740442572678,10.5245441077441,20372103
"2023-07-01",701320,1569027,126.915460668499,129.201602855759,129.750982961992,7.8,3977051.06173785,4817571.38163692,3.83333333333333,3.99409385783299,2.71333333333333,87.2919617217393,102.207422801121,10.8119862663906,19896415
"2023-10-01",706421,1570442,126.909288950041,130.079056986889,131.141692150866,8.13333333333333,3980057.26440079,4906761.18043018,4,4.07459409888357,2.66,90.1463994804423,98.8222276372676,10.6635708133971,20622026
"2024-01-01",712882,1598162,128.249829514702,131.395134796993,131.98631134411,8.2,3841182.30230652,4838530.18404945,4,4.06266616161616,2.35333333333333,91.6487351429175,98.7259828690443,10.3893644227994,21889675
"2024-04-01",716556,1599110,129.238068667415,131.240445821144,132.707150138343,8.26666666666667,3843520.36541144,4812370.51578445,3.83333333333333,3.82479894179894,2.38333333333333,89.5517249473791,,10.6803845526696,22393890
"2024-07-01",721292,1610131,129.879816931471,131.313994246316,132.830930537353,8.53333333333333,,,3.75,3.44835278248321,1.99333333333333,89.2856863404825,,10.6347565217391,22728019
"2024-10-01",728335,1641259,130.18087730853,132.844306626876,,8.46666666666667,,,,2.73848930296756,2.07,,,,
"2025-01-01",,,,,,9.3,,,,2.37594880952381,2.29,,,,
