"date","pop","gdp_nom","gdp_defl","cpi","ur","narrow","broad","stir","ltir"
"1867-01-01",,,,,,906.440630792519,1617.30021207286,,
"1868-01-01",,,,,,877.682996566868,1586.78511373186,,
"1869-01-01",,,,,,873.081775090764,1668.15870930785,,
"1870-01-01",40.24063,7812,,5.51917799361958,,889.186050257128,1759.70400433085,5.72,5.439
"1871-01-01",41.098,7665,5.42094425688766,5.1676272287527,,898.388493209337,1942.79459437683,5.56,5.35666666666667
"1872-01-01",42.136,8309,5.64629557015054,5.1676272287527,,900.689103947388,2227.60217889281,8.38,5.56166666666667
"1873-01-01",43.174,8837,5.73110307363594,5.0619929845018,,916.793379113752,2339.4908728098,14.24,5.47916666666667
"1874-01-01",44.212,8563,5.61442269994417,4.81607646388577,,905.290325423492,2370.00597115079,3.43,5.10333333333333
"1875-01-01",45.245,8239,5.13325559642131,4.64030108145231,,872.542569449032,2573.43996009078,3.11,4.63
"1876-01-01",46.287,8388,5.15658626240061,4.53466683720146,,872.542569449032,2553.09656119678,3.35,4.46166666666667
"1877-01-01",47.325,8604,5.11137996346314,4.42945512992761,,872.542569449032,2481.89466506778,3.87,4.34916666666667
"1878-01-01",48.362,8460,4.81013694367942,4.21818664142584,,872.542569449032,2370.00597115079,4.22,4.23
"1879-01-01",49.4,9449,4.76576688753182,4.21818664142584,,999.201974691633,2553.09656119678,5.44,4.03666666666667
"1880-01-01",50.458,10462,4.70694745202917,4.32382088567671,,1154.00791443259,2919.27774128875,4.86,3.72666666666667
"1881-01-01",51.743,11740,5.09142655087227,4.32382088567671,,1294.74058692437,3519.40800866169,5.76,3.62666666666667
"1882-01-01",53.027,12331,5.03627420723404,4.32382088567671,,1336.9603886719,3610.95330368469,4.78,3.62916666666667
"1883-01-01",54.311,12435,4.98233955744512,4.25367974749414,,1379.18019041944,3885.58918875366,3.71,3.62083333333333
"1884-01-01",55.595,11896,4.69158463741652,4.14804550324326,,1407.32672491779,3855.07409041266,3.03,3.52833333333333
"1885-01-01",56.879,11705,4.58417823907369,4.07790436506069,,1407.32672491779,3977.13448377665,1.66,3.3825
"1886-01-01",58.164,12297,4.661364774122,3.97227012080981,,1421.39999216697,4282.28546718663,4.03,3.5075
"1887-01-01",59.448,13273,4.796841546355,4.0073406899011,,1491.76632841286,4546.7496528086,5.01,3.6575
"1888-01-01",60.732,14000,5.0839603042411,4.0073406899011,,1533.9861301604,4678.98174561959,2.51,3.46833333333333
"1889-01-01",62.016,13987,4.77819774306811,3.90212898262723,,1548.05939740957,4912.93083290057,4.48,3.4225
"1890-01-01",63.302,15223,5.11755298900724,3.83156530746765,4,1646.57226815382,5360.48560856853,5.84,3.60333333333333
"1891-01-01",64.612,15558,5.06936547410102,3.83156530746765,5.4,1716.93860439971,5553.74789806152,3.42,3.60166666666667
"1892-01-01",65.922,16514,5.15145891417111,3.83156530746765,3,1759.15840614724,6082.67626930547,3.08,3.7375
"1893-01-01",67.231,15566,4.87836615942299,3.79649473837636,11.7,1871.74454414067,5828.38378313049,4.57,3.70416666666667
"1894-01-01",68.541,14280,4.62344731122584,3.6207193559429,18.4,1759.15840614724,5889.41397981249,1.07,3.48
"1895-01-01",69.851,15754,4.54905795122348,3.55057821776033,13.7,1688.79206990135,6235.25176101046,1.88,3.58833333333333
"1896-01-01",71.161,15643,4.61189592507201,3.55057821776033,14.4,1745.08513889806,6062.33287041147,4.28,3.41666666666667
"1897-01-01",72.471,16309,4.43702757828862,3.51508511169204,14.5,1815.45147514395,6367.48385382144,1.75,3.35416666666667
"1898-01-01",73.781,18263,4.8431213340154,3.51508511169204,12.4,2012.47721663244,7074.9820598016,2.18,3.12083333333333
"1899-01-01",75.091,19694,4.66498585259923,3.51508511169204,6.5,2110.99008737669,8031.06071653155,5.08,3.14583333333333
"1900-01-01",76.391,20766,4.8245801693928,3.55057821776033,5,2350.23563061272,8489.97847176192,2.94,3.10416666666667
"1901-01-01",77.888,22484,4.64544564757246,3.58564878685162,4,2448.74850135696,9532.10420759757,4,3.17333333333333
"1902-01-01",79.469,24294,4.9354923807616,3.6207193559429,3.7,2561.33463935038,10306.5279195488,5.15,3.29
"1903-01-01",80.946,26180,5.1691153578047,3.72635360019378,3.9,2673.92077734381,10918.418259856,3.71,3.39166666666667
"1904-01-01",82.485,25928,4.93098002853857,3.76142416928507,5.4,2828.72671708476,11463.383094192,1.78,3.47333333333333
"1905-01-01",84.147,29066,5.0562759860475,3.72635360019378,4.3,2927.23958782901,12639.3598419699,4.44,3.43416666666667
"1906-01-01",85.77,31336,5.23475169291631,3.79649473837636,1.7,3166.48513106503,13576.3169255652,6.54,3.65
"1907-01-01",87.339,34178,5.80271013397688,3.97227012080981,2.8,3391.65740705188,13910.9444554207,7.01,3.85333333333333
"1908-01-01",89.055,30423,5.47200460006111,3.90212898262723,8,3574.6098812912,14876.583898718,1.92,3.76916666666667
"1909-01-01",90.845,32540,5.23234529637578,3.83156530746765,5.1,3616.82968303873,16042.9998599285,2.71,3.8975
"1910-01-01",92.767,33746,5.40429820133337,4.0073406899011,5.9,3701.2692865338,16702.6941330721,2.98,3.97416666666667
"1911-01-01",94.234,34675,5.38035746180649,4.0073406899011,6.7,3799.78215727804,17811.7453748789,2.57,4.0075
"1912-01-01",95.703,37745,5.53360129693895,4.11297493415197,4.6,2758.36038083887,18901.675043551,3.52,4.41333333333333
"1913-01-01",97.606,39517,5.57146530079396,4.18311607233456,4.3,3982.73463151736,19580.4908898293,3.22,4.18416666666667
"1914-01-01",99.505,36831,5.62954843797389,4.2253697700349,7.9,4236.05344200256,20221.0635898384,3.43,4.23333333333333
"1915-01-01",100.941,39048,5.7537539165993,4.26762346773524,8.5,4404.93264899269,22965.0093346533,1.92,4.06583333333333
"1916-01-01",102.364,50117,6.34239385525954,4.60565304933803,5.1,5038.2296752057,26703.2768824674,2.62,4.215
"1917-01-01",103.817,60278,7.63189817117442,5.40847330564466,4.6,6093.72471889405,30020.8698213203,3.43,4.54166666666667
"1918-01-01",104.958,76567,8.99570275545281,6.38030835275271,1.4,7501.05144381184,33338.4627601732,5.28,4.50583333333333
"1919-01-01",105.473,79090,9.57048016346419,7.30988970216039,1.4,7881.80232856334,38243.1462691978,6.32,4.93083333333333
"1920-01-01",106.881,89246,11.0391360502201,8.45073954006981,5.2,8173.19331179154,39887.6015587733,7.74,5.08
"1921-01-01",108.964,74314,9.53885550149867,7.56341188836247,11.7,6997.26881058622,37765.1069408329,5.97,4.36583333333333
"1922-01-01",110.484,74140,8.87174219260383,7.09862121365863,6.7,7321.03656972866,41962.2922438773,4.29,4.355
"1923-01-01",112.387,86238,9.03627015859923,7.22538230675968,2.4,7649.98461301737,44103.9084349524,4.86,4.085
"1924-01-01",114.558,87786,8.95981134752567,7.22538230675968,5,8013.89957429346,47775.2504767954,3.08,3.87666666666667
"1925-01-01",116.284,91449,9.12599192133742,7.3943970975611,3.2,8091.60383648764,51704.7337559555,4.18,3.695
"1926-01-01",117.857,97885,9.20917412432536,7.47890449296176,1.8,8104.55454685333,52670.3731992527,4.5,3.36833333333333
"1927-01-01",119.502,96466,9.02680318037766,7.35214339986072,3.3,8217.2257270349,55710.7033276539,4.06,3.33083333333333
"1928-01-01",120.971,98305,9.03205326249591,7.22538230675968,4.2,8134.34118069444,58378.1627799305,6.04,3.5775
"1929-01-01",122.245,104556,9.02003529596224,7.22538230675968,3.2,8091.60383648764,58234.750981421,7.61,3.31583333333333
"1930-01-01",123.668,92160,8.68996230149336,7.0563675159583,8.7,7976.34251423294,57183.064459018,2.94,3.33583333333333
"1931-01-01",124.633,77391,7.79679888417297,6.42256205045309,15.9,8484.01036056827,51293.6199335616,1.74,3.65166666666667
"1932-01-01",125.436,59522,6.88459463414958,5.78875658494783,23.6,9004.6289172693,47813.4936230646,2.05,3.34083333333333
"1933-01-01",126.18,57154,6.69344822773317,5.49298070104537,24.9,9341.34738677743,44132.5907946543,1.16,3.13583333333333
"1934-01-01",126.978,66800,7.0600691691185,5.66199549184675,21.7,11032.7101605375,48033.3917141125,1,2.8175
"1935-01-01",127.859,74241,7.20495655733816,5.78875658494783,20.1,13370.3133815459,53005.0007291082,0.56,2.66166666666667
"1936-01-01",128.681,84830,7.2930065483859,5.87326398034854,16.9,13490.7549879468,57584.6174948446,0.91,2.6775
"1937-01-01",129.464,93003,7.60588369647227,6.08453246885029,14.3,12195.6839513771,56628.5388381147,1,2.57
"1938-01-01",130.476,87352,7.38855745727502,5.95777137574925,19,15302.5593681079,59209.9512112855,1,2.37666666666667
"1939-01-01",131.539,93437,7.3161145846151,5.87326398034854,17.2,18808.3166641021,63913.8582023968,1,2.2225
"1940-01-01",132.637,102899,7.404170143009,5.91551767804888,14.6,22553.6621018618,70367.389135324,1,1.88
"1941-01-01",133.922,129309,7.90432216105221,6.21129356195134,9.9,21973.4702774786,76706.1906294435,1,2.07
"1942-01-01",135.386,165952,8.53268009446196,6.88735272515692,4.7,27149.8692106477,88389.4718146834,1,2.11
"1943-01-01",137.272,203084,8.92290189150452,7.30988970216039,1.9,31994.7299584551,112367.92452547,1,2.12
"1944-01-01",138.937,224447,9.13505848676887,7.43665079526143,1.2,38453.2492178283,130476.054283936,1,2.1
"1945-01-01",140.474,228007,9.37161679827015,7.60566558606285,1.9,43684.0411345334,150850.090458851,1,1.67
"1946-01-01",141.94,227535,10.5800977205799,8.23947105156806,3.9,44281.0688823921,162189.183327668,1.16,1.82
"1947-01-01",144.688,249616,11.7412398323953,9.42257458717782,3.9,44712.3275375698,170946.863823314,1.38,2.18
"1948-01-01",147.203,274468,12.399317476724,10.1454947062627,3.8,43807.0728830076,171616.118883025,1.55,2.12
"1949-01-01",149.77,272475,12.3783892912581,10.0459877054354,5.9,43156.9472226496,173882.467472868,1.63,1.8
"1950-01-01",152.271,299827,12.5317327950754,10.1528786179849,5.3,44075.1525875775,181559.365920626,1.63,2.18
"1951-01-01",154.878,346914,13.4201597799543,10.9591314550771,3.3,46022.9394265784,192424.422184848,2.17,2.51
"1952-01-01",157.553,367341,13.6527916953413,11.2094812239432,3,48029.0044622249,205153.963384792,2.48,2.52
"1953-01-01",160.184,389218,13.8181202868797,11.29457201617,2.9,48526.3117402677,215603.048182593,3.06,2.85222222222222
"1954-01-01",163.026,390549,13.9458522016683,11.335359338064,5.5,48917.4231933117,229301.6616169,1.00833333333333,2.40166666666667
"1955-01-01",165.931,425478,14.1813042333351,11.3061753060192,4.4,49425.0910396471,240837.359648907,1.785,2.81666666666667
"1956-01-01",168.903,449353,14.6643780521403,11.4728407420339,4.1,50234.5104375032,251486.764126442,2.72833333333333,3.1825
"1957-01-01",171.984,474039,15.1509745228588,11.8620783742455,4.3,50297.9689182951,262727.53037024,3.105,3.6475
"1958-01-01",174.882,481229,15.4957229347432,12.1859156454892,6.8,51451.8772118787,284122.660742366,1.5725,3.31583333333333
"1959-01-01",177.83,521654,15.7085532350794,12.2994872400731,5.5,51500,297799.999999999,3.305,4.33333333333333
"1960-01-01",180.671,542382,15.9228104991168,12.4830301885957,5.5,49800,312399.999999999,3.21583333333333,4.11666666666667
"1961-01-01",183.691,562209,16.0920588857777,12.6166438292826,6.7,51300,335499.999999999,1.955,3.8825
"1962-01-01",186.538,603922,16.2876336685114,12.7650252934138,5.5,52300,362699.999999999,2.70833333333333,3.94583333333333
"1963-01-01",189.242,637450,16.4740542468917,12.9253616622381,5.7,54900,393199.999999999,3.17833333333333,4.0025
"1964-01-01",191.889,684460,16.7251382866787,13.0962464763797,5.2,57700,424699.999999998,3.49666666666667,4.18666666666667
"1965-01-01",194.303,742289,17.0314398456673,13.3029960046005,4.5,61000,459200,4.075,4.2825
"1966-01-01",196.56,813414,17.5086135685923,13.700672393066,3.8,64200,480199.999999999,5.11166666666667,4.92333333333333
"1967-01-01",198.712,859959,18.016359047372,14.0821744987115,3.8,67800,524800,4.22,5.07333333333333
"1968-01-01",200.706,940651,18.7837478574103,14.6799197333634,3.6,73100,566800,5.65916666666667,5.64583333333333
"1969-01-01",202.677,1017615,19.7053380906545,15.4780854290457,3.5,76799.9999999999,587899.999999999,8.20416666666667,6.67083333333333
"1970-01-01",205.052,1073303,20.7453937102055,16.3887678747801,4.9,80999.9999999999,626499.999999999,7.18333333333333,7.34833333333333
"1971-01-01",207.661,1164850,21.797145238958,17.0814491172885,5.9,86800,710300,4.6625,6.15916666666667
"1972-01-01",209.896,1279110,22.7401173467151,17.64051671911,5.6,91399.9999999999,802300,4.43416666666667,6.21
"1973-01-01",211.909,1425376,23.9862583693091,18.7445873289965,4.9,100100,855499.999999999,8.7275,6.8425
"1974-01-01",213.854,1545243,26.1447081249902,20.8085664627652,5.6,108600,902099.999999998,10.5025,7.5575
"1975-01-01",215.973,1684904,28.566437708265,22.710802768334,8.5,113100,1016200,5.82416666666667,7.9875
"1976-01-01",218.035,1873412,30.1385892943181,24.0223261361291,7.7,120300,1152000,5.045,7.61166666666667
"1977-01-01",220.239,2081826,32.0112001257909,25.5764637462241,7.1,129900,1270300,5.5375,7.41916666666667
"1978-01-01",222.585,2351599,34.262845744379,27.5279261299407,6.1,144700,1366000,7.93083333333333,8.41
"1979-01-01",225.055,2627333,37.1055387991852,30.6256529048133,5.8,156700,1473700,11.1941666666667,9.4425
"1980-01-01",227.225,2857307,40.4573212251952,34.760643469229,7.1,163400,1599800,13.3558333333333,11.46
"1981-01-01",229.466,3207041,44.2854593455469,38.3682117677753,7.6,170700,1755500,16.3783333333333,13.9108333333333
"1982-01-01",231.664,3343789,47.0215939997917,40.7310635188699,9.7,180700,1905900,12.2583333333333,13.0016666666667
"1983-01-01",233.792,3634038,48.8633869488806,42.0179738475911,9.6,192200,2123500,9.08666666666667,11.105
"1984-01-01",235.825,4037613,50.6263189742156,43.8534033328163,7.5,204800,2306399.99999999,10.225,12.4383333333333
"1985-01-01",237.924,4338979,52.2273890973712,45.4005086460332,7.2,224700,2492099.99999999,8.10083333333333,10.6233333333333
"1986-01-01",240.133,4579631,53.2791925903541,46.2830619042547,7,248600,2727999.99999999,6.805,7.6825
"1987-01-01",242.289,4855215,54.5991251613722,47.9391678190845,6.2,266900,2826399.99999999,6.6575,8.38416666666667
"1988-01-01",244.499,5236438,56.5251092258735,49.9046947965574,5.5,283800,2988200,7.56833333333333,8.84583333333333
"1989-01-01",246.819,5641580,58.7413228051673,52.2956757351652,5.3,294300,3152500,9.21666666666667,8.49833333333333
"1990-01-01",249.623,5963144,60.9402038362846,55.1296913771029,5.6,315300,3271800,8.09916666666667,8.55
"1991-01-01",252.981,6158129,63.0010865534228,57.4538654953674,6.8,335400,3372200,5.6875,7.85833333333333
"1992-01-01",256.514,6520327,64.436789556746,59.2013912696143,7.5,361899.999999999,3424699.99999999,3.52166666666667,7.01
"1993-01-01",259.919,6858559,65.9641507805482,60.9594654891789,6.9,398599.999999999,3474500,3.0225,5.87333333333333
"1994-01-01",263.126,7287236,67.3726162864956,62.5417322867869,6.1187,428500,3486400,4.20166666666667,7.08
"1995-01-01",266.278,7639749,68.7852101764852,64.2962903579121,5.6504,445800,3629500,5.83666666666667,6.58
"1996-01-01",269.394,8073122,70.0445054227397,66.1844620697244,5.4511,465000,3818600,5.29833333333333,6.43833333333333
"1997-01-01",272.657,8577552,71.2523864656843,67.7315673829413,5.0003,493100,4032900,5.46,6.3525
"1998-01-01",275.854,9062817,72.0531675410161,68.7793796178016,4.5105,526400,4375200,5.35333333333333,5.26416666666667
"1999-01-01",279.04,9631172,73.0727905607962,70.2878072981879,4.2188,612500,4638000,4.97,5.63666666666667
"2000-01-01",282.162411,10250952,74.7280318866034,72.654175197722,3.992,598300,4925000,6.23583333333333,6.02916666666667
"2001-01-01",284.968955,10581929,76.4106754484388,74.700573589295,4.731,650800,5433800,3.8875,5.0175
"2002-01-01",287.625193,10929108,77.5980932610663,75.8925479101597,5.783,699200,5772000,1.66666666666667,4.61083333333333
"2003-01-01",290.107933,11456450,79.1301238274493,77.6365575359676,5.989,739400,6067300,1.1275,4.015
"2004-01-01",292.805298,12217196,81.2580021759928,79.7075689666144,5.529,776300,6418300,1.34916666666667,4.27416666666667
"2005-01-01",295.516599,13039197,83.8058099099637,82.3903902256701,5.084,803100,6681900,3.21333333333333,4.29
"2006-01-01",298.379912,13815583,86.3902442618091,85.0450822972121,4.623,826700,7071600,4.96416666666667,4.79166666666667
"2007-01-01",301.231207,14474228,88.7307792853306,87.4863441584997,4.622,837200,7471600,5.01916666666667,4.62916666666667
"2008-01-01",304.093966,14769862,90.4403638159037,90.8239074184051,5.784,1666400,8192100,1.9275,3.66666666666667
"2009-01-01",306.771529,14478067,90.998182536723,90.5329461350674,9.254,2026200,8496000,0.16,3.25666666666667
"2010-01-01",309.327143,15048971,92.1040713311606,92.0145807643475,9.633,2017000,8801799.99999999,0.175,3.21416666666667
"2011-01-01",311.583481,15599732,94.0042791531356,94.9035186449045,8.949,2619600,9660099.99999999,0.101666666666667,2.78583333333333
"2012-01-01",313.877662,16253970,95.7547938717376,96.8710498269878,8.069,2675900,10459700,0.14,1.8025
"2013-01-01",316.059947,16880683,97.3844259043149,98.2911518585833,7.375,3717500,11035000,0.1075,2.35083333333333
"2014-01-01",318.386329,17608138,99.0804906469444,99.8790093322096,6.168,3934500,11692000,0.0891666666666667,2.54083333333333
"2015-01-01",320.738994,18295019,100,100,5.28,3835800,12350600,0.1325,2.13583333333333
"2016-01-01",323.071755,18804913,100.950322477763,101.2673605434,4.869,3531600,13212500,0.395,1.84166666666667
"2017-01-01",325.122128,19612102,102.758144170279,103.425818585728,4.355,3851000,13853000,1.00166666666667,2.33
"2018-01-01",326.838199,20656516,105.112220503843,105.948373798928,3.896,3400700,14355300,1.83166666666667,2.91
"2019-01-01",328.329953,21539982,106.847061617324,107.869491821614,3.669,3426500,15313700,2.15833333333333,2.14416666666667
"2020-01-01",331.526933,21354105,108.266880351916,109.221028958647,8.055,5206500,19097300,0.375833333333333,0.894166666666667
"2021-01-01",332.048977,23681171,113.210330412923,114.331610068983,5.349,6413100,21500500,0.08,1.4425
"2022-01-01",333.271411,26006893,121.281639244701,123.469728247436,3.65,5406000,21309300,1.68333333333333,2.95166666666667
"2023-01-01",334.914895,27720709,125.645827265006,128.566209602531,3.638,5827200,20754000,5.02416666666667,3.9575
"2024-01-01",,29184890,128.684066701575,132.360977643976,4.022,5604100,20963400,5.14333333333333,4.20833333333333
