"date","pce_nom","gdp_nom","pce_defl","gdp_defl","cpi","ur","m1","m2","policy","ffer_1d","tb_3m","gov_10y","compx","ndx","reer","rrppi","hfwh","hnfwh","hhwh"
"1934-01-01",,,,,,,,,,,0.526666666666667,,,,,,,,
"1934-04-01",,,,,,,,,,,0.153333333333333,,,,,,,,
"1934-07-01",,,,,,,,,,,0.183333333333333,,,,,,,,
"1934-10-01",,,,,,,,,,,0.25,,,,,,,,
"1935-01-01",,,,,,,,,,,0.18,,,,,,,,
"1935-04-01",,,,,,,,,,,0.15,,,,,,,,
"1935-07-01",,,,,,,,,,,0.17,,,,,,,,
"1935-10-01",,,,,,,,,,,0.17,,,,,,,,
"1936-01-01",,,,,,,,,,,0.2,,,,,,,,
"1936-04-01",,,,,,,,,,,0.2,,,,,,,,
"1936-07-01",,,,,,,,,,,0.17,,,,,,,,
"1936-10-01",,,,,,,,,,,0.12,,,,,,,,
"1937-01-01",,,,,,,,,,,0.233333333333333,,,,,,,,
"1937-04-01",,,,,,,,,,,0.443333333333333,,,,,,,,
"1937-07-01",,,,,,,,,,,0.293333333333333,,,,,,,,
"1937-10-01",,,,,,,,,,,0.133333333333333,,,,,,,,
"1938-01-01",,,,,,,,,,,0.0866666666666667,,,,,,,,
"1938-04-01",,,,,,,,,,,0.0633333333333333,,,,,,,,
"1938-07-01",,,,,,,,,,,0.07,,,,,,,,
"1938-10-01",,,,,,,,,,,0.04,,,,,,,,
"1939-01-01",,,,,,,,,,,0.03,,,,,,,,
"1939-04-01",,,,,,,,,,,0.03,,,,,,,,
"1939-07-01",,,,,,,,,,,0.0766666666666667,,,,,,,,
"1939-10-01",,,,,,,,,,,0.0466666666666667,,,,,,,,
"1940-01-01",,,,,,,,,,,0.0166666666666667,,,,,,,,
"1940-04-01",,,,,,,,,,,0.06,,,,,,,,
"1940-07-01",,,,,,,,,,,0.0466666666666667,,,,,,,,
"1940-10-01",,,,,,,,,,,0.02,,,,,,,,
"1941-01-01",,,,,,,,,,,0.0566666666666667,,,,,,,,
"1941-04-01",,,,,,,,,,,0.11,,,,,,,,
"1941-07-01",,,,,,,,,,,0.116666666666667,,,,,,,,
"1941-10-01",,,,,,,,,,,0.233333333333333,,,,,,,,
"1942-01-01",,,,,,,,,,,0.256666666666667,,,,,,,,
"1942-04-01",,,,,,,,,,,0.353333333333333,,,,,,,,
"1942-07-01",,,,,,,,,,,0.38,,,,,,,,
"1942-10-01",,,,,,,,,,,0.38,,,,,,,,
"1943-01-01",,,,,,,,,,,0.38,,,,,,,,
"1943-04-01",,,,,,,,,,,0.38,,,,,,,,
"1943-07-01",,,,,,,,,,,0.38,,,,,,,,
"1943-10-01",,,,,,,,,,,0.38,,,,,,,,
"1944-01-01",,,,,,,,,,,0.38,,,,,,,,
"1944-04-01",,,,,,,,,,,0.38,,,,,,,,
"1944-07-01",,,,,,,,,,,0.38,,,,,,,,
"1944-10-01",,,,,,,,,,,0.38,,,,,,,,
"1945-01-01",,,,,,,,,,,0.38,,,,,,,,
"1945-04-01",,,,,,,,,,,0.38,,,,,,,,
"1945-07-01",,,,,,,,,,,0.38,,,,,,,,
"1945-10-01",,,,,,,,,,,0.38,,,,,,647873,189327000,134635
"1946-01-01",,,,,,,,,,,0.38,,,,,,,,
"1946-04-01",,,,,,,,,,,0.38,,,,,,,,
"1946-07-01",,,,,,,,,,,0.38,,,,,,,,
"1946-10-01",,,,,,,,,,,0.38,,,,,,701942,220716000,158074
"1947-01-01",39040.25,60791,11.8765006236172,11.4480611405331,9.15605053549183,,,,,,0.38,,,,,,,,
"1947-04-01",40007.75,61492,11.9716547188125,11.6108671466058,9.28685125742742,,,,,,0.38,,,,,,,,
"1947-07-01",40885.75,62396.25,12.1946346615491,11.8057944858061,9.48938140752125,,,,,,0.736666666666667,,,,,,,,
"1947-10-01",41918,64936.25,12.4985431761716,12.0969432023497,9.7580151482707,,,,,,0.906666666666667,,,,,,749850,280815000,206381
"1948-01-01",42593,66435.5,12.6368320153221,12.1926124279356,9.96476467649149,3.73333333333333,,,,,0.99,,,,,,,,
"1948-04-01",43535.5,68141.75,12.7679080166168,12.3024696838163,10.1236945859401,3.66666666666667,,,,,1,,,,,,,,
"1948-07-01",44268,69799,12.9635893997424,12.5296880975637,10.293876170394,3.76666666666667,,,,,1.05,,,,,,,,
"1948-10-01",44482,70091.5,12.9231202825053,12.5679572669497,10.1996433922253,3.83333333333333,,,,,1.14,,,,,,778441,313686000,229359
"1949-01-01",44207.75,68758.5,12.8226928839358,12.5010308016884,10.1025976953053,4.66666666666667,,,,,1.17,,,,,,,,
"1949-04-01",44611.5,67837.75,12.7444662108322,12.3756634687448,10.0913460203001,5.86666666666667,,,,,1.17,,,,,,,,
"1949-07-01",44451.5,68222.25,12.6700208049132,12.3184425816943,10.006958457761,6.7,,,,,1.04333333333333,,,,,,,,
"1949-10-01",45062.25,67656.75,12.6585092475828,12.319547788646,9.98304864837496,6.96666666666667,,,,,1.07666666666667,,,,,,802414,340071000,246931
"1950-01-01",45730,70207,12.6357126436281,12.3003105509406,9.95210654211062,6.4,,,,,1.10333333333333,,,,,,,,
"1950-04-01",46701.5,72595.75,12.6950777591456,12.3422670756855,10.0280553483958,5.56666666666667,,,,,1.15333333333333,,,,,,,,
"1950-07-01",50126.25,77038.25,12.9605000510711,12.6101615905532,10.2123015266062,4.63333333333333,,,,,1.22,,,,,,,,
"1950-10-01",49486.5,79986.25,13.1927921150826,12.846702116497,10.419051054827,4.23333333333333,,,,,1.33666666666667,,,,,,860949,387297000,278126
"1951-01-01",52301.75,84000,13.6141276232719,13.3106039051195,10.8423953268981,3.5,,,,,1.36666666666667,,,,,,,,
"1951-04-01",51235.5,86022.5,13.7244165505457,13.3989996761887,10.9478797800719,3.1,,,,,1.49,,,,,,,,
"1951-07-01",51904,87846.25,13.7433747677969,13.4068894355951,10.9422539425693,3.16666666666667,,,,,1.60333333333333,,,,,,,,
"1951-10-01",52897.5,89044.5,13.9253056390745,13.5600732198439,11.1039967707693,3.36666666666667,,,,,1.61,,,,,,935158,430932000,308963
"1952-01-01",53242.25,89955,13.9836646648994,13.5541156143989,11.1461905520388,3.06666666666667,,,,,1.56666666666667,,,,,,947980,437115000,311906
"1952-04-01",54272,90257.5,13.9803437679529,13.5706134950835,11.1757261989275,2.96666666666667,,,,,1.64666666666667,,,,,,963080,448848000,322754
"1952-07-01",54888.25,91925.25,14.0715933605242,13.7223969534163,11.2516750052127,3.23333333333333,,,,,1.78333333333333,,,,,,974296,453488000,324183
"1952-10-01",56917.5,95203,14.0945960652607,13.7598269563139,11.2643331395936,2.83333333333333,,,,,1.89333333333333,,,,,,972134,463998000,334895
"1953-01-01",57805,96995,14.1482129892248,13.7629682212401,11.2319845739536,2.7,,,,,1.98,,,,,,975879,472950000,340387
"1953-04-01",58240,97937.25,14.1693793656377,13.7900576855055,11.2741783552231,2.56666666666667,,,,,2.15333333333333,2.99666666666667,,,,,973578,481976000,347238
"1953-07-01",58416.5,97792.75,14.2462547323522,13.8476063557495,11.3262173521222,2.73333333333333,,,,,1.95666666666667,2.91666666666667,,,,,979636,493036000,357332
"1953-10-01",58278,96492.5,14.3084164197668,13.8734946072989,11.3459077833813,3.7,,,,,1.47333333333333,2.64333333333333,,,,,1003438,493418000,355919
"1954-01-01",58788.5,96336.25,14.3807128983114,13.9174951507925,11.3726305115187,5.26666666666667,,,,,1.06,2.44,,,,,1021202,498301000,357485
"1954-04-01",59471.25,96530.25,14.3612357810716,13.9302804330767,11.3543465396353,5.8,,,,,0.79,2.34666666666667,,,,,1043616,501395000,361814
"1954-07-01",60075.75,97749,14.3135006690116,13.9485825857151,11.3248108927466,5.96666666666667,,,1.04333333333333,1.03,0.883333333333333,2.34666666666667,,,,,1073841,510860000,371385
"1954-10-01",61273.25,99933.5,14.2987172668948,13.9865936493881,11.2896494083553,5.33333333333333,,,1.31666666666667,0.986666666666667,1.02,2.47333333333333,,,,,1086319,520894000,379599
"1955-01-01",62849.5,103268.25,14.3446934121561,14.0519154842751,11.3051204614874,4.73333333333333,,,1.44,1.34333333333333,1.22333333333333,2.64666666666667,,,,,1104359,527830000,384467
"1955-04-01",64116.5,105383,14.3588018368033,14.1100266773878,11.2896494083553,4.4,,,1.69,1.5,1.48333333333333,2.76333333333333,,,,,1133807,540617000,394908
"1955-07-01",65162.75,107555.25,14.415061282248,14.2089379787638,11.2980881646092,4.1,,,1.98,1.94,1.85666666666667,2.94666666666667,,,,,1163914,555200000,406169
"1955-10-01",66159.75,109273,14.4541064436912,14.3496733308536,11.3318431896248,4.23333333333333,,,2.39666666666667,2.35666666666667,2.33666666666667,2.91,,,,,1179707,565453000,414487
"1956-01-01",66539,109936.5,14.5133844893513,14.4930429981828,11.3332496490005,4.03333333333333,,,2.5,2.48333333333333,2.32666666666667,2.9,,,,,1212690,577329000,424188
"1956-04-01",67208.5,111502.5,14.6108181457991,14.5789839985742,11.40779199591,4.2,,,2.75,2.69333333333333,2.56666666666667,3.08333333333333,,,,,1217414,588163000,433166
"1956-07-01",68018.75,112797.75,14.7536026682106,14.7615799464428,11.5259345834647,4.13333333333333,,,2.89666666666667,2.81,2.58333333333333,3.27333333333333,,,,,1227892,599569000,440946
"1956-10-01",69361.25,115115.75,14.8402126843379,14.8209908675681,11.6243867397604,4.13333333333333,,,3,2.92666666666667,3.03333333333333,3.47333333333333,,,,,1262178,608073000,445773
"1957-01-01",70472.25,117444.75,14.9737736323239,15.0246483449008,11.7200259773047,3.93333333333333,,,2.98,2.93333333333333,3.09666666666667,3.40333333333333,,,,,1265519,619052000,453596
"1957-04-01",71044,118006.25,15.0689880178106,15.1296358804071,11.8198845929759,4.1,,,3,3,3.14,3.62666666666667,,,,,1296212,630622000,461358
"1957-07-01",72187.5,119872.5,15.1914884668455,15.2197668376656,11.9253690461498,4.23333333333333,,,3.29333333333333,3.23333333333333,3.35333333333333,3.92666666666667,,,,,1288874,639377000,468792
"1957-10-01",72592,118716,15.2702505875895,15.2304956406421,11.9830338805515,4.93333333333333,,,3.16666666666667,3.25333333333333,3.31,3.63333333333333,,,,,1304302,643776000,471674
"1958-01-01",72472,116885,15.4588703016607,15.3952356508156,12.1250862774923,6.3,,,0.833333333333333,1.86333333333333,1.75666666666667,3.04,,,,,1336254,644343000,468427
"1958-04-01",73204.75,117994.5,15.4871322219322,15.4399460326543,12.2066609212801,7.36666666666667,,,0.293333333333333,0.94,0.956666666666667,2.92333333333333,,,,,1361421,650043000,474349
"1958-07-01",74473.25,121460.25,15.4983565012515,15.5341285158234,12.1996286244019,7.33333333333333,,,1.21,1.32333333333333,1.68,3.5,,,,,1408805,660430000,484262
"1958-10-01",75455.75,124888.75,15.4923801453739,15.6076723931344,12.2122867587827,6.36666666666667,,,2.29333333333333,2.16333333333333,2.69,3.8,,,,,1434914,670313000,493819
"1959-01-01",77362.25,127582.5,15.5979348453597,15.6441980523861,12.2333836494175,5.83333333333333,277300,289200,2.66666666666667,2.57,2.77333333333333,3.99,,,,,1454061,674223000,493678
"1959-04-01",78876.25,130663.25,15.6613140462437,15.6688727500612,12.2544805400523,5.1,281900,294100,3.08333333333333,3.08333333333333,3,4.25666666666667,,,,,1476494,686600000,504127
"1959-07-01",80181.25,131258.5,15.7558323497824,15.7292864099754,12.3177712119566,5.26666666666667,284300,296700,3.33333333333333,3.57666666666667,3.54,4.50333333333333,,,,,1484989,697397000,513598
"1959-10-01",80710.5,132150,15.8419838465335,15.7911171625517,12.3923135588661,5.6,286300,297800,4,3.99,4.23,4.58333333333333,,,,,1516764,706020000,521544
"1960-01-01",81591,135662,15.8630557453452,15.8542761191174,12.4035652338713,5.13333333333333,287800,299300,4,3.93333333333333,3.87333333333333,4.48666666666667,,,,,1511405,720531000,534527
"1960-04-01",83052,135270,15.9459611896498,15.8940313195833,12.4781075807809,5.23333333333333,290300,302300,3.66666666666667,3.69666666666667,2.99333333333333,4.26,,,,,1529887,726936000,539185
"1960-07-01",83031.5,136401,16.0060057122747,15.9487841244125,12.4851398776591,5.53333333333333,295500,308400,3.08333333333333,2.93666666666667,2.36,3.83333333333333,,,,,1522014,734741000,545818
"1960-10-01",83506,135049.25,16.0766542597637,15.9959791841671,12.5653080620713,6.26666666666667,299800,312400,2,2.29666666666667,2.30666666666667,3.88666666666667,,,,,1578051,737552000,547589
"1961-01-01",83630,136254.5,16.1065081315605,16.0305267164684,12.590624330833,6.8,305200,318300,2.08333333333333,2.00333333333333,2.35,3.78666666666667,,,,,1630900,736009000,545980
"1961-04-01",84863.75,138886.25,16.1044551561549,16.0673553283118,12.586404952706,7,309900,324300,0.666666666666667,1.73333333333333,2.30333333333333,3.79,,,,,1647641,748133000,556950
"1961-07-01",85583,141916,16.1623568354502,16.1085160578952,12.6356310308538,6.76666666666667,314200,329500,1.91666666666667,1.68333333333333,2.30333333333333,3.98,,,,,1676933,759552000,567010
"1961-10-01",87398.25,145153,16.1797168922646,16.1589542147572,12.6539150027373,6.2,320700,335500,2.08333333333333,2.4,2.46,3.97333333333333,,,,,1730012,769614000,576368
"1962-01-01",88705.5,148503.25,16.2495980032793,16.2422097806743,12.7031410808851,5.63333333333333,325700,343100,2.33333333333333,2.45666666666667,2.72333333333333,4.01666666666667,,,,,1734601,779404000,584759
"1962-04-01",90114.5,150091.5,16.3072297001624,16.2687290207968,12.7509606996573,5.53333333333333,330700,349300,2.66666666666667,2.60666666666667,2.71666666666667,3.87333333333333,,,,,1639637,786518000,590011
"1962-07-01",91083.25,152256.75,16.3507620174726,16.30296908636,12.7875286434242,5.56666666666667,335100,354900,2.83333333333333,2.84666666666667,2.84,3.99,,,,,1678130,793692000,594920
"1962-10-01",92654.5,153070,16.4007625375766,16.336236376077,12.8184707496886,5.53333333333333,342600,362700,2.96,2.92333333333333,2.81333333333333,3.90333333333333,,,,,1780677,803569000,603604
"1963-01-01",93570.75,155418,16.4477337561564,16.4076379878065,12.8592580715825,5.76666666666667,349300,370700,3,2.96666666666667,2.90666666666667,3.89333333333333,,,,,1808432,813441000,611427
"1963-04-01",94603.25,157438,16.4737709433125,16.4364068772888,12.8831678809685,5.73333333333333,355600,378400,3,2.96333333333333,2.94,3.96333333333333,,,,,1846067,817641000,612853
"1963-07-01",96348.5,161111,16.5531248361198,16.4579820600533,12.961929606005,5.5,361500,386000,3.5,3.33,3.29333333333333,4.03333333333333,,,,,1882115,830885000,623306
"1963-10-01",97512.25,163484.5,16.614612998425,16.5916171497372,12.9970910903963,5.56666666666667,367700,393200,3.41666666666667,3.45333333333333,3.49666666666667,4.12,,,,,1877507,839163000,628622
"1964-01-01",99895.25,167455.5,16.6930182811584,16.643656575294,13.0505365466711,5.46666666666667,373400,399800,3.5,3.46333333333333,3.53,4.18,,,,,1923613,843874000,630274
"1964-04-01",101884,169668.5,16.7294241806006,16.6819323574735,13.0716334373058,5.2,379700,407100,3.5,3.49,3.47666666666667,4.2,,,,,1961278,860173000,643749
"1964-07-01",104105.5,173007.75,16.7841558431929,16.7485369694603,13.1011690841945,5,388100,416900,3.25,3.45666666666667,3.49666666666667,4.19333333333333,,,,,2005378,869241000,649814
"1964-10-01",104746.75,174329.75,16.8394771730442,16.8244973200712,13.1616468373475,4.96666666666667,395500,424700,3.83333333333333,3.57666666666667,3.68333333333333,4.17333333333333,,,,,2043446,884104000,662499
"1965-01-01",107427.75,179447.5,16.8937369499997,16.9092217790964,13.2024341592414,4.9,402200,433200,4,3.97666666666667,3.89,4.20333333333333,,,,,2080118,895205000,669614
"1965-04-01",109160.5,182547.75,16.9789672560737,16.9867339023818,13.2868217217805,4.66666666666667,407900,440100,4.13,4.08,3.87333333333333,4.20666666666667,,,,,2078307,903703000,675093
"1965-07-01",111451,187330.75,17.0424036198083,17.0527005978449,13.3262025842988,4.36666666666667,415600,449500,4.08666666666667,4.07666666666667,3.86666666666667,4.24666666666667,,,,,2154100,912541000,681036
"1965-10-01",114934,192964.25,17.0944278520477,17.1699390543459,13.3965255530814,4.1,424700,459200,4.29666666666667,4.16666666666667,4.16666666666667,4.47333333333333,,,,,2224991,930933000,696286
"1966-01-01",117534,198933.5,17.2268211676274,17.2805033118265,13.5217004375144,3.86666666666667,428600,467200,4.62666666666667,4.56,4.61,4.77,,,,,2230395,935818000,696079
"1966-04-01",118797.25,201245.25,17.3674735228149,17.4218247724346,13.644062403196,3.83333333333333,426300,471200,4.96,4.91333333333333,4.58666666666667,4.78,,,,,2236836,971316000,726016
"1966-07-01",121072.75,204909.5,17.5002976974075,17.5900807891192,13.7622049907508,3.76666666666667,425100,475400,5.33333333333333,5.41,5.04333333333333,5.14,,,,,2203539,979816000,728570
"1966-10-01",122515,208325.5,17.6352966954555,17.7377995379855,13.8747217408029,3.7,425100,480200,5.5,5.56333333333333,5.21,5.00333333333333,,,,,2272467,1005985000,748935
"1967-01-01",123579.25,211042.5,17.6865761928185,17.8113656367208,13.9098832251942,3.83333333333333,428700,489700,4.41666666666667,4.82333333333333,4.51333333333333,4.58333333333333,,,,,2371091,1013799000,753320
"1967-04-01",125864.5,212245.75,17.7706841981302,17.901933294919,13.9942707877333,3.83333333333333,435300,502000,3.87666666666667,3.99,3.66,4.82,,,,,2404471,1028915000,762765
"1967-07-01",127679.25,216308.25,17.9350750166238,18.0735961510625,14.1349167252984,3.8,442700,514700,3.83333333333333,3.89333333333333,4.3,5.24666666666667,,,,,2478188,1047817000,774483
"1967-10-01",129562.25,220359.75,18.0888898804193,18.2743566457952,14.2896272566201,3.9,447000,524800,4.37666666666667,4.17333333333333,4.75333333333333,5.64333333333333,,,,,2540473,1074444000,794221
"1968-01-01",134074.25,227346.75,18.280731984359,18.4769901911774,14.4302731941853,3.73333333333333,449800,533200,4.91666666666667,4.79,5.05,5.61,,,,,2524543,1104944000,817753
"1968-04-01",137503.5,233586,18.4670973517517,18.672173361278,14.5709191317504,3.56666666666667,454300,542600,5.96,5.98333333333333,5.52,5.74333333333333,,,,,2650129,1130409000,836122
"1968-07-01",141530.5,237706.25,18.6582457296874,18.8554946434164,14.7678234443417,3.53333333333333,459200,553600,5.75,5.94666666666667,5.19666666666667,5.46,,,,,2697607,1152240000,849479
"1968-10-01",143744.25,242007.5,18.8649966674792,19.1215766811648,14.9506631631764,3.4,466300,566800,5.33333333333333,5.91666666666667,5.58666666666667,5.77,,,,,2831021,1200814000,889605
"1969-01-01",146751.25,248334.25,19.0484221040653,19.3192319562119,15.1335028820111,3.4,468900,574400,6.54333333333333,6.56666666666667,6.09333333333333,6.17666666666667,,,,,2815622,1233241000,914582
"1969-04-01",149584.25,252255,19.2916962677917,19.5648969046643,15.3726009758718,3.43333333333333,469200,578500,8.29333333333333,8.32666666666667,6.19666666666667,6.35333333333333,,,,,2808576,1259294000,932881
"1969-07-01",152156.5,257489,19.528229476384,19.8399119598544,15.5835698822196,3.56666666666667,466700,582100,9,8.98333333333333,7.02333333333333,6.85666666666667,,,,,2817132,1278066000,945017
"1969-10-01",155146.5,259536.75,19.7540889163563,20.0958036876153,15.8226679760803,3.56666666666667,467600,587900,7.75,8.94,7.35333333333333,7.29666666666667,,,,,2815528,1308558000,968674
"1970-01-01",157921.25,262800,19.9833993687251,20.3788179112124,16.0758306636976,4.16666666666667,460200,587300,8.46,8.57333333333333,7.21,7.36666666666667,,,,52.7055140829611,2826482,1318182000,973544
"1970-04-01",160392.5,266843.75,20.2045809588257,20.6631069528319,16.3008641638019,4.76666666666667,458000,595200,7.37666666666667,7.88666666666667,6.67666666666667,7.71333333333333,,,,52.222854583083,2731037,1356658000,1006440
"1970-07-01",163370.5,271514.75,20.4008623952978,20.8328390910332,16.4696392888801,5.16666666666667,466900,611200,6.08333333333333,6.70666666666667,6.32666666666667,7.46,,,,52.4559764289842,2859605,1362718000,1005793
"1970-10-01",165040.25,272152,20.6654771649827,21.1079209573483,16.7087373827408,5.83333333333333,475400,626500,4.87666666666667,5.56666666666667,5.35333333333333,6.85333333333333,,,,52.4078581344129,2963651,1390677000,1025204
"1971-01-01",169796.5,283789,20.8606035689503,21.4284499541268,16.849383320306,5.93333333333333,488300,649900,3.96,3.85666666666667,3.84,6.01666666666667,103.086052631579,,,53.4341501355933,3093653,1426998000,1051931
"1971-04-01",173306.25,289067.75,21.0978981526306,21.7096305528766,17.0040938516277,5.9,501700,673000,4.62666666666667,4.56666666666667,4.25,6.24666666666667,109.215238095238,,,54.293330947685,3147605,1460893000,1078498
"1971-07-01",176399.75,294418.75,21.3046317666262,21.9311306589708,17.1728689767059,6.03333333333333,512500,692500,5.54333333333333,5.47666666666667,5.01,6.48333333333333,108.4165625,,,54.3000188694937,3190691,1490696000,1104238
"1971-10-01",180434.75,297574.25,21.4362763187286,22.1142440062787,17.2994503205145,5.93333333333333,520500,710300,4.12666666666667,4.75,4.23,5.89,107.3075,,,55.3353439079221,3300632,1517841000,1127739
"1972-01-01",184737,307652.25,21.6615082268836,22.4507227860882,17.4400962580797,5.76666666666667,533800,733500,3.46,3.54666666666667,3.43666666666667,6.03333333333333,122.329523809524,,,55.0978792556517,3413910,1570853000,1171254
"1972-04-01",189341,316592.25,21.7866126364269,22.5904707397617,17.5526130081318,5.7,541500,749700,4.52,4.3,3.77,6.14333333333333,131.07421875,,,56.2093771177967,3469077,1600621000,1192509
"1972-07-01",193949.75,322641.5,21.9782087495204,22.8067989368351,17.693258945697,5.56666666666667,557500,778300,4.83666666666667,4.74333333333333,4.22,6.29,129.421587301587,,,56.78054301148,3560591,1649560000,1232534
"1972-10-01",200125.5,332226,22.1580680792586,23.0975519053052,17.8760986645317,5.36666666666667,570600,802300,5.19,5.14666666666667,4.86333333333333,6.37333333333333,131.329672131148,,,57.474610325413,3760969,1714199000,1290675
"1973-01-01",206251.75,344372.5,22.4269111751202,23.3637805185791,18.157390539662,4.93333333333333,575200,815300,7.12666666666667,6.53666666666667,5.7,6.60333333333333,125.812419354839,,,59.2686236365488,3754195,1758656000,1322715
"1973-04-01",210131.75,353471.75,22.8591078480729,23.7228338015033,18.5371345710879,4.93333333333333,583300,833300,8.21333333333333,7.81666666666667,6.60333333333333,6.80666666666667,106.920158730159,,,59.3577380232457,3752460,1819083000,1369699
"1973-07-01",214719.25,358459.5,23.2762344242204,24.1847533811578,18.9028140087573,4.8,582900,839300,11.0866666666667,10.56,8.32333333333333,7.20666666666667,105.469523809524,,,59.5694064056828,3881970,1891184000,1430284
"1973-10-01",218471.75,369072.25,23.7538635519204,24.6666372235519,19.3810101964789,4.76666666666667,589700,855500,10.26,9.99666666666667,7.5,6.75333333333333,101.9875,,,59.4630076496363,3809816,1943148000,1472632
"1974-01-01",222967,372802.25,24.4614730451774,25.1319897135907,19.957658540496,5.13333333333333,595500,870100,9.37666666666667,9.32333333333333,7.61666666666667,7.05333333333333,93.8506451612903,,,59.242045661569,3843638,1944362000,1462386
"1974-04-01",230105.5,382514,25.1540571054257,25.725546138444,20.4921131032436,5.2,598900,877800,11.9833333333333,11.25,8.15333333333333,7.54333333333333,84.7006349206349,,,58.7355875827875,3829379,1962169000,1461485
"1974-07-01",237319,390006.5,25.8316394409048,26.4797528611574,21.0687614472608,5.63333333333333,603700,887900,11.59,12.09,8.19,7.96333333333333,66.1128125,,,58.5314756834329,3767824,2002021000,1475406
"1974-10-01",239769.75,399919.75,26.4855411183857,27.2586939586304,21.7157327600605,6.6,612800,902100,7.66666666666667,9.34666666666667,7.36,7.67,61.16375,,,57.1787783555399,3857223,2064417000,1517696
"1975-01-01",246297.5,404029,26.9803144694837,27.8782371076729,22.1798643540255,8.26666666666667,624800,925000,6.07333333333333,6.30333333333333,5.75,7.54,70.307868852459,,,57.6525785304247,4031943,2142403000,1582858
"1975-04-01",253395.5,412963.25,27.3086702093354,28.2924987535842,22.4470916353993,8.86666666666667,648000,963000,6.07666666666667,5.42,5.39333333333333,8.05,81.089375,,,58.4044051690687,4205629,2216133000,1642027
"1975-07-01",261798,427455,27.8188332272654,28.792403318153,22.8971586356078,8.46666666666667,663400,991500,6.19333333333333,6.16,6.33,8.29666666666667,80.06890625,,,58.2084577456883,4208789,2228768000,1642336
"1975-10-01",269055.75,440457.75,28.2858824594623,29.2738926609272,23.3190964483033,8.3,676000,1016200,5.43666666666667,5.41333333333333,5.62666666666667,8.06333333333333,77.02640625,,,58.3621930911596,4341678,2286518000,1684206
"1976-01-01",277477,455121.75,28.5994036766218,29.5830369066994,23.5863237296771,7.73333333333333,701300,1050000,4.93333333333333,4.82666666666667,4.91666666666667,7.75333333333333,87.67,,,56.2459435474257,4503006,2335041000,1717934
"1976-04-01",282385,463083,28.8399255540703,29.8813780423632,23.7972926360248,7.56666666666667,716200,1077600,5.49333333333333,5.19666666666667,5.15666666666667,7.77333333333333,89.3914285714286,,,57.3273891894955,4621550,2420317000,1789837
"1976-07-01",289701.5,471639.5,29.2788893952937,30.2678153942498,24.1770366674508,7.73333333333333,733200,1110800,5.31333333333333,5.28333333333333,5.15,7.73,91.235625,,,57.8625966464415,4711144,2471455000,1826561
"1976-10-01",298102,483568.25,29.7419906850477,30.810712481223,24.5286515113637,7.76666666666667,759400,1152000,4.62666666666667,4.87333333333333,4.67333333333333,7.19,91.274126984127,,,59.5773103132749,4835837,2543119000,1880025
"1977-01-01",307053,497162,30.2781594915393,31.3054867397551,24.9787185115722,7.5,780200,1188500,4.7,4.66,4.63,7.35333333333333,96.2174603174603,,,60.9467708737531,4875279,2630011000,1949358
"1977-04-01",313995,513977.25,30.7957124972233,31.7477978708911,25.4147209180242,7.13333333333333,793300,1217800,5.41,5.15666666666667,4.84,7.37,96.6503174603175,,,62.4710959093587,4980859,2742979000,2047570
"1977-07-01",321726.25,529618.25,31.2584123919974,32.1344870713657,25.7663357619371,6.9,809300,1246200,6.11666666666667,5.82,5.49666666666667,7.35666666666667,100.75619047619,,,63.8404696137096,5062647,2839343000,2125108
"1977-10-01",331201,541067.5,31.7023069498862,32.8285139480319,26.146079793363,6.66666666666667,823100,1270300,6.56333333333333,6.51333333333333,6.11,7.59666666666667,101.216507936508,,,65.0002594826806,5149799,2947334000,2211304
"1978-01-01",338513.25,550690,32.221212020612,33.305819633565,26.5961467935715,6.33333333333333,834500,1292200,6.86333333333333,6.75666666666667,6.39333333333333,8.01,102.436451612903,,,66.5752216405516,5251069,3042463000,2286391
"1978-04-01",352846.25,582908.25,32.8825032523032,33.942580969891,27.2009243251017,6,845400,1318500,7.56333333333333,7.28333333333333,6.47666666666667,8.32,117.48953125,,,67.1282346036114,5418634,3172605000,2392252
"1978-07-01",360554.25,598763.25,33.4603254513266,34.5186422782142,27.8338310441449,6.03333333333333,847300,1345000,8.43333333333333,8.1,7.31333333333333,8.49,130.087142857143,,,68.2655287355898,5596541,3288652000,2483986
"1978-10-01",370338.5,619237.25,34.09321683463,35.2254915710709,28.4808023569446,5.9,839200,1366000,10.0433333333333,9.58333333333333,8.57,8.82,119.848412698413,,,68.9046161208881,5702242,3407984000,2577511
"1979-01-01",379285.25,631652.5,34.7369474681535,35.8673211982696,29.1980966385269,5.86666666666667,825700,1387800,10.2933333333333,10.0733333333333,9.38333333333333,9.10666666666667,125.492063492063,,,70.1562997726324,5890968,3561950000,2704236
"1979-04-01",389408.75,647811.75,35.6872780950319,36.7456726640152,30.126359826457,5.7,829600,1423000,10.4266666666667,10.18,9.37666666666667,9.11333333333333,133.444603174603,,,70.8052019003252,6059060,3717513000,2832579
"1979-07-01",402966.75,666891.25,36.5739010096717,37.5489989054803,31.0968167956566,5.86666666666667,831800,1454100,11.42,10.9466666666667,9.67333333333333,9.10333333333333,144.743333333333,,,71.0404082932836,6263666,3845262000,2937035
"1979-10-01",413758.75,680970.75,37.4601872251104,38.246106005861,32.0813383586127,5.96666666666667,805600,1473700,14.5166666666667,13.5766666666667,11.8433333333333,10.4466666666667,142.52375,,,71.6180015403934,6465383,3961948000,3025997
"1980-01-01",425575.5,697460.5,38.5851885018771,39.049399746682,33.3471517966991,6.3,788500,1499800,16.5266666666667,15.0466666666667,13.3533333333333,11.9866666666667,152.525238095238,,,70.3738743717316,6540987,4113142000,3142501
"1980-04-01",426180.75,699338,39.530317149041,39.9782428193982,34.4723192972204,7.33333333333333,779900,1529200,12.0466666666667,12.6866666666667,9.61666666666667,10.4766666666667,145.800158730159,,,68.6758370813562,6794643,4223728000,3229277
"1980-07-01",440942.75,714120.75,40.4557962838784,40.8718892929333,35.1192906100201,7.66666666666667,823800,1574000,11.2866666666667,9.83666666666667,9.15333333333333,10.9533333333333,177.873125,,,69.5401424049636,7076537,4369625000,3354028
"1980-10-01",457968.5,746389.25,41.4577438950964,41.9366537707997,36.1038121729762,7.4,808800,1599800,18.11,15.8533333333333,13.6133333333333,12.4233333333333,198.087936507937,,,69.1650976469155,7361596,4451130000,3413722
"1981-01-01",471433.5,781051.5,42.5341839285949,43.0408365101297,37.1023983296888,7.43333333333333,791000,1636600,15.8033333333333,16.57,14.39,12.96,199.296935483871,,,68.6142560870403,7499054,4514682000,3458906
"1981-04-01",479381,790633,43.2480902623083,43.8941259607542,37.8759509862972,7.4,786100,1670300,18.3733333333333,17.78,14.9066666666667,13.75,217.290158730159,,,67.8840566241151,7622348,4715758000,3637211
"1981-07-01",489524.75,815152.25,43.9598790663099,44.7198571175355,38.9307955180359,7.4,775100,1706000,16.9566666666667,17.5766666666667,15.0533333333333,14.8466666666667,200.71609375,,,66.623166222868,7633323,4842006000,3743288
"1981-10-01",493611.75,820204.5,44.6321842657302,45.4927144298653,39.5637022370791,8.23333333333333,780600,1755500,13.3366666666667,13.5866666666667,11.75,14.0866666666667,195.4109375,,,66.5124246604523,7904783,4916768000,3803851
"1982-01-01",503538.75,818575.5,45.1968595629463,46.1188853942984,39.915317080992,8.83333333333333,786900,1786500,14.9166666666667,14.2266666666667,12.8133333333333,14.2933333333333,180.790967741935,,,66.224236029789,7940699,5030489000,3903891
"1982-04-01",509911.25,832993,45.6298494029221,46.7180562754619,40.4919654250092,9.43333333333333,791000,1826000,14.4133333333333,14.5133333333333,12.42,13.93,179.309841269841,,,65.3791259103336,8060599,5075194000,3935371
"1982-07-01",521417.75,841580.5,46.3488175071454,47.3808036403941,41.195195112835,9.9,803500,1858400,11.4033333333333,11.0066666666667,9.31666666666667,13.1166666666667,173.9296875,,,64.2294982082667,8267859,5096982000,3948646
"1982-10-01",536388.5,850640.25,46.858753217749,47.8717127516606,41.3217764566436,10.6666666666667,874900,1905900,9.84666666666667,9.28666666666667,7.90666666666667,10.6666666666667,221.47109375,,,64.5352317766616,8571629,5148139000,3989640
"1983-01-01",546147.25,868353.25,47.2441694194572,48.2329429741447,41.3499056441566,10.3666666666667,1129800,2015200,9.3,8.65333333333333,8.10666666666667,10.5633333333333,254.992857142857,,,65.2572667636126,8831461,5221901000,4047656
"1983-04-01",562359.5,894712,47.6757967594047,48.5913418652169,41.8281018318782,10.1333333333333,1191100,2053500,9.28,8.80333333333333,8.39666666666667,10.5433333333333,301.070476190476,,,65.3185871895463,9111905,5290283000,4100094
"1983-07-01",579973.75,922294.75,48.3029303352174,49.1077058755215,42.2359750508171,9.36666666666667,1200100,2083200,9.9,9.46,9.14,11.6266666666667,304.02734375,,,65.4123049509947,9253964,5365336000,4154821
"1983-10-01",593124,948676.5,48.6232885375204,49.4801591567159,42.6579128635126,8.53333333333333,1206300,2123500,9.56333333333333,9.43,8.8,11.6866666666667,281.348412698413,,,65.6954559262696,9340401,5444411000,4209413
"1984-01-01",604541.25,977013.5,49.151352349011,49.981107369266,43.2626903950428,7.86666666666667,1228100,2175200,9.68,9.68666666666667,9.17,11.9433333333333,262.497142857143,,,65.6889417167157,9403858,5648683000,4392635
"1984-04-01",618969,1002400.25,49.629090408316,50.408872917609,43.6705636139817,7.43333333333333,1238300,2215100,10.8533333333333,10.5566666666667,9.79666666666667,13.2,242.989365079365,,,65.8896662271023,9520745,5826507000,4541059
"1984-07-01",628380.75,1021062.5,50.0128249003937,50.8570957817929,44.0503076454077,7.43333333333333,1228600,2244400,11.5666666666667,11.39,10.32,12.8666666666667,244.865555555556,,,66.1124521938446,9742444,5993672000,4684988
"1984-10-01",640449.25,1037137.75,50.32152140963,51.2372307389366,44.4300516768336,7.3,1256300,2306400,9.21666666666667,9.26666666666667,8.80333333333333,11.7433333333333,245.2678125,,,66.0526083220764,9938504,6150304000,4816923
"1985-01-01",659002,1057542,50.9142502438895,51.743865045847,44.8379248957726,7.23333333333333,1311000,2366200,8.68333333333333,8.47666666666667,8.18333333333333,11.5833333333333,275.148387096774,,,66.4707337193075,10241038,6324809000,4960818
"1985-04-01",670441,1073721.75,51.326806785584,52.0769905998913,45.2457981147115,7.3,1350200,2412600,8.05666666666667,7.92333333333333,7.46,10.8133333333333,286.216984126984,,,66.7821129359825,10458499,6521392000,5130422
"1985-07-01",688537,1096693.25,51.7295784627076,52.3909875548169,45.5270899898418,7.2,1402000,2456400,8.41666666666667,7.9,7.10666666666667,10.3366666666667,296.462063492063,,,67.2416687059762,10545440,6732066000,5315273
"1985-10-01",694850,1111023.5,52.0910466931784,52.6838911524568,45.9912215838069,7.03333333333333,1435100,2492100,8.12333333333333,8.10333333333333,7.16666666666667,9.76,302.73703125,,,67.9638774051819,10953896,6937161000,5492906
"1986-01-01",705912,1126973.5,52.4617050493731,52.9458474514384,46.2303196776676,7.03333333333333,1457600,2533100,7.58333333333333,7.82666666666667,6.89666666666667,8.55666666666667,347.852950819672,138.087540983607,,69.1733489790171,11333668,7076987000,5606479
"1986-04-01",712864,1136335,52.4073456228112,53.1463399430829,46.0052861775634,7.16666666666667,1523800,2605000,6.8125,6.92,6.14,7.60333333333333,389.76,157.53375,,70.6525956845099,11591435,7264499000,5758746
"1986-07-01",729300.25,1151917.25,52.6840127520063,53.3645990552373,46.2865780526937,6.96666666666667,1591300,2667800,6.04166666666667,6.20666666666667,5.52333333333333,7.30666666666667,373.4625,146.55625,,71.7295248079557,11662906,7464725000,5910883
"1986-10-01",738201.75,1164406.75,53.0025595097253,53.6553934691841,46.6100637090936,6.83333333333333,1665600,2728000,5.875,6.26666666666667,5.35333333333333,7.26333333333333,355.89875,143.32765625,,72.4671938978359,12140791,7644160000,6049418
"1987-01-01",745878.25,1180539,53.5031393129681,53.9981782926427,47.1726474593542,6.6,1698300,2753700,6,6.22,5.53666666666667,7.19333333333333,409.67435483871,174.673709677419,,74.0469331427131,12596331,7820609000,6192570
"1987-04-01",763332.5,1201540,54.018575024719,54.3725372628499,47.7071020221018,6.26666666666667,1712900,2774600,6.66666666666667,6.65,5.65666666666667,8.34333333333333,421.145873015873,187.141904761905,,74.7740926411798,12790500,8009484000,6345840
"1987-07-01",779339.5,1221138.75,54.52934640303,54.7843493855404,48.2134273973364,6,1708000,2799500,6.89583333333333,6.84333333333333,6.04333333333333,8.87666666666667,439.890625,200.50109375,,75.5145411271363,13099602,8195217000,6493503
"1987-10-01",787729,1251998.5,55.0000513326239,55.2207048178349,48.6634943975449,5.83333333333333,1687600,2826400,6.97916666666667,6.91666666666667,5.86333333333333,9.12333333333333,340.095,156.356875,,76.3729402340816,12966919,8330141000,6598723
"1988-01-01",807974,1268343,55.4341148166971,55.6539306541038,49.0432384289708,5.7,1703000,2890700,6.625,6.66333333333333,5.72333333333333,8.41666666666667,357.057619047619,167.133015873016,,77.1268514197828,13335543,8514062000,6753305
"1988-04-01",822929,1297509,56.0462359190661,56.1952884251979,49.6058221792314,5.46666666666667,1730900,2938400,7.14583333333333,7.15666666666667,6.21,8.91,378.504920634921,177.620952380952,,78.1155347178055,13617742,8751511000,6950051
"1988-07-01",840474.75,1320708.75,56.736973154448,56.866850221788,50.2105997107616,5.46666666666667,1722100,2956900,7.97916666666667,7.98333333333333,7.01,9.1,384.12921875,178.30703125,,79.261427606395,13841828,8929484000,7087072
"1988-10-01",858634.75,1349877.25,57.3112349897273,57.358505596721,50.7591188672657,5.33333333333333,1713000,2988200,8.39583333333333,8.47,7.72666666666667,8.95666666666667,377.894285714286,173.041428571429,,80.409491898169,14246088,9094409000,7207766
"1989-01-01",872543,1377813.25,57.9706678833089,57.9564854143777,51.3357672112829,5.2,1677100,2999700,9.5,9.44333333333333,8.54,9.20666666666667,399.051774193548,183.647096774194,,81.3081053920935,14562154,9256889000,7332485
"1989-04-01",888441.75,1403115.75,58.7527574770852,58.5738357681063,52.1655782429173,5.23333333333333,1635400,3027900,9.70833333333333,9.72666666666667,8.41,8.77333333333333,434.08234375,205.4325,,81.274144646286,14897790,9431993000,7477745
"1989-07-01",902349.75,1423841.25,59.1003618933112,59.0019844033869,52.5734514618563,5.23333333333333,1653900,3092500,9.0625,9.08333333333333,7.84333333333333,8.10666666666667,459.389523809524,217.109523809524,,81.764013204737,15280765,9674610000,7685986
"1989-10-01",913423,1436809.25,59.5667326519485,59.4223094429549,53.1079060246039,5.36666666666667,1686600,3152500,8.5,8.61333333333333,7.65333333333333,7.90666666666667,458.125555555556,223.402222222222,,82.2769854930725,15618996,9817681000,7797521
"1990-01-01",934487,1468175.25,60.4317759865097,60.0630984191631,54.0221046187774,5.3,1709900,3190100,8.25,8.25,7.76,8.42333333333333,433.740634920635,210.985714285714,,81.6883615177848,15680601,9869598000,7805824
"1990-04-01",945855.25,1490007,60.9811753210224,60.7357833482547,54.556559181525,5.33333333333333,1723500,3213700,8.25,8.24333333333333,7.74666666666667,8.67666666666667,444.848412698413,224.467619047619,,80.9660659624517,15948920,9968788000,7877721
"1990-07-01",961675,1503779,61.7564465567564,61.2563731810904,55.4988869632116,5.7,1742700,3254600,8,8.16,7.47666666666667,8.70333333333333,407.785555555556,207.715555555556,,79.4235879962226,15778491,10074386000,7957269
"1990-10-01",966977.25,1501183.25,62.5729680511851,61.7124685417987,56.4412147448981,6.13333333333333,1747600,3271800,7.41666666666667,7.74333333333333,6.99,8.39666666666667,351.2521875,185.49078125,,77.7236398710447,16285683,10083770000,7941478
"1991-01-01",968390.5,1508794.5,62.9009485912384,62.3169674922279,56.8631525575936,6.6,1784100,3321900,6.33333333333333,6.42666666666667,6.02333333333333,8.01666666666667,427.507540983607,236.090655737705,,76.5410068405715,16791049,10111638000,7938060
"1991-04-01",981733,1531715.5,63.2434651760545,62.774218122017,57.20070280775,6.83333333333333,1839400,3351900,5.75,5.86333333333333,5.56,8.13,492.6103125,268.858125,,76.6375908542235,16874349,10181563000,7990366
"1991-07-01",993317.25,1551484.25,63.6722669815814,63.2646862065669,57.636705214202,6.86666666666667,1877300,3354900,5.5,5.64333333333333,5.37666666666667,7.94,507.3253125,275.28453125,,75.7760649266923,17177982,10251935000,8039248
"1991-10-01",1000008,1566135,64.1332373215484,63.6402831469307,58.1149014019235,7.1,1941500,3372200,4.58333333333333,4.81666666666667,4.54,7.34666666666667,536.2975,292.96359375,,74.9619624447134,17772992,10308658000,8080373
"1992-01-01",1025100.25,1590775.5,64.5341709219746,63.8767896837059,58.508710027106,7.36666666666667,2040100,3403900,4,4.02333333333333,3.89333333333333,7.30333333333333,622.003968253968,341.657619047619,,74.623657828549,17744047,10376639000,8131694
"1992-04-01",1038915,1617690.75,64.9628760711102,64.2607763007218,58.9587770273145,7.6,2087800,3393400,3.75,3.77,3.68,7.37666666666667,576.738888888889,308.15,,73.8772162698029,17843533,10441605000,8173841
"1992-07-01",1056742.75,1641660.25,65.3768510020968,64.5748644076063,59.408844027523,7.63333333333333,2152500,3410300,3.16666666666667,3.25666666666667,3.08333333333333,6.61666666666667,572.73453125,306.28234375,,73.1590898085843,18171374,10565838000,8277602
"1992-10-01",1076801.25,1670200.75,65.8331466612689,65.0194487680177,59.9292339965141,7.36666666666667,2212100,3424700,3,3.03666666666667,3.07,6.74333333333333,625.5578125,338.228125,,72.855527643374,18746481,10665051000,8353177
"1993-01-01",1087378.75,1682364.75,66.2259217019396,65.383828411117,60.3652364029661,7.13333333333333,2226500,3411700,3,3.04,2.96,6.28,685.784193548387,362.308709677419,,72.4462615711361,19063826,10695110000,8369238
"1993-04-01",1104645.25,1702234.75,66.6710848793752,65.7731487110201,60.8012388094181,7.06666666666667,2280900,3442400,3,3,2.96666666666667,5.99,682.529523809524,354.623333333333,,72.2375462970301,19279248,10834811000,8478022
"1993-07-01",1121797.25,1720524.5,66.9610720468875,66.1641463206398,61.0825306845484,6.8,2315700,3452200,3,3.06,3.00333333333333,5.61666666666667,724.8340625,365.1671875,,72.4416581963848,19652075,10984907000,8597723
"1993-10-01",1138162.75,1753434.5,67.3467536311402,66.524888890976,61.588856059783,6.63333333333333,2348900,3474500,3,2.99,3.06,5.60666666666667,766.04734375,388.12171875,,72.5866210729902,20048847,11136596000,8711539
"1994-01-01",1155305.75,1778913,67.5880750990723,66.8429181972156,61.8982771224263,6.56666666666667,2367100,3480100,3.25,3.21333333333333,3.24333333333333,6.06666666666667,787.107936507937,406.792857142857,94.7164453651698,72.321449316084,20138295,11248766000,8798482
"1994-04-01",1170790.75,1811732.75,67.9651763033888,67.165904470061,62.2498919663392,6.2,2357500,3479500,4.08333333333333,3.94,3.98666666666667,7.08333333333333,727.536612903226,371.692741935484,93.866361874827,72.2812349291048,20281565,11403893000,8918832
"1994-07-01",1188190.25,1832768.75,68.4532795107813,67.5508747325483,62.8265403103564,6,2343500,3486100,4.58333333333333,4.48666666666667,4.47666666666667,7.33333333333333,739.1634375,380.23609375,91.5982819741225,71.9879217869259,20620897,11554846000,9031651
"1994-10-01",1206678.25,1863822,68.7748500758877,67.9173719818914,63.1922197480258,5.63333333333333,2302000,3486400,5.25,5.16666666666667,5.28,7.83666666666667,752.622698412698,400.304603174603,90.8910696586272,71.9422354639214,20853548,11662710000,9110696
"1995-01-01",1215609,1880572.25,69.111843833192,68.2854847909982,63.6563513419908,5.46666666666667,2246900,3491100,5.83333333333333,5.81,5.73666666666667,7.48333333333333,783.866984126984,426.317142857143,93.33416674852,71.6000223220247,21350308,11759563000,9169218
"1995-04-01",1233402.25,1895249.25,69.514049509487,68.613731104078,64.1767413109819,5.66666666666667,2243100,3548900,6,6.02,5.59666666666667,6.62,865.538253968254,486.520476190476,88.2336658064631,71.4304791613693,21914496,11881627000,9266311
"1995-07-01",1249665.5,1920781.25,69.7981012425244,68.951478590732,64.5002269673817,5.66666666666667,2255000,3602100,5.75,5.79666666666667,5.36666666666667,6.32333333333333,1013.13888888889,579.237301587302,89.8909714346945,71.755321077789,22554542,11818659000,9181393
"1995-10-01",1263913.75,1943146.5,70.1048921637587,69.2838437263815,64.8518418112946,5.56666666666667,2263400,3629500,5.66666666666667,5.72,5.26,5.89333333333333,1038.20777777778,585.455079365079,92.0733286304905,71.7651358201835,23255785,11929586000,9267737
"1996-01-01",1282653.75,1967117,70.4941830355455,69.617057036898,65.4284901553118,5.53333333333333,2299000,3686900,5.25,5.36333333333333,4.93,5.91,1069.44,597.768253968254,93.0162783844842,71.7312619305034,23755342,12072254000,9376466
"1996-04-01",1305124.75,2008210,70.965744109193,69.9053722023542,65.9910739055724,5.5,2321000,3722500,5.25,5.24333333333333,5.02,6.72,1187.32682539683,664.036031746032,93.069855075052,71.5280185924226,24215537,12203140000,9490478
"1996-07-01",1318626.25,2032852,71.2684200638106,70.1340291886502,66.3708179369983,5.26666666666667,2332000,3753400,5.25,5.30666666666667,5.09666666666667,6.78,1140.71453125,671.58515625,93.0519961781961,71.5456503862818,24497940,12339529000,9599442
"1996-10-01",1338190.75,2064942.75,71.7542954787642,70.509025850319,66.9474662810155,5.33333333333333,2356100,3818600,5.25,5.28,4.97666666666667,6.34333333333333,1261.168125,794.228125,93.5270428345641,71.4674798716353,25193459,12486627000,9722907
"1997-01-01",1358276.25,2090663.75,72.0715857255537,70.9294792728029,67.3553394999545,5.23333333333333,2376600,3861200,5.33333333333333,5.27666666666667,5.06,6.56333333333333,1326.07508196721,867.07737704918,95.916563233889,71.57526832572,25391021,12649297000,9854828
"1997-04-01",1367816.75,2129706.25,72.2525427908298,71.0705853380984,67.5100500312761,5,2396900,3906000,5.5,5.52333333333333,5.04666666666667,6.69666666666667,1331.64578125,902.66921875,96.238023377296,72.0110255168102,26724682,12803873000,9997594
"1997-07-01",1394794.75,2165705.75,72.4433530223305,71.3806901728173,67.8476002814325,4.86666666666667,2428900,3973100,5.5,5.53333333333333,5.04666666666667,6.24333333333333,1594.9971875,1089.12109375,97.7167400369679,72.6151098827725,27706952,12978697000,10147419
"1997-10-01",1415902.5,2191476.75,72.6710843808249,71.6185682718073,68.2132797191019,4.66666666666667,2473500,4032900,5.5,5.50666666666667,5.09,5.90666666666667,1618.51203125,1045.43453125,101.017064175946,73.4356397181779,28197789,13201454000,10341185
"1998-01-01",1430335.5,2216620,72.6767119391514,71.7203669652959,68.3539256566671,4.63333333333333,2524200,4114300,5.5,5.52,5.05333333333333,5.58666666666667,1691.39655737705,1115.11049180328,105.035315968533,74.7064317179469,29682613,13418593000,10533754
"1998-04-01",1458141.5,2242424.75,72.80747816882,71.8898232102667,68.5789591567713,4.4,2567100,4184100,5.5,5.5,4.97666666666667,5.59666666666667,1827.50047619048,1234.38111111111,105.285340524516,75.3139903290045,30227050,13732107000,10816446
"1998-07-01",1481711.5,2280274.25,73.0319986725931,72.1943553054266,68.9305740006842,4.53333333333333,2619100,4267700,5.41666666666667,5.53333333333333,4.82333333333333,5.20333333333333,1798.8503125,1351.71630769231,108.167766477065,76.3573929872797,29409356,14007124000,11059189
"1998-10-01",1507059.5,2323497.75,73.2235232956078,72.3978048616818,69.2540596570841,4.43333333333333,2698600,4375600,4.83333333333333,4.86,4.25333333333333,4.67,1857.5378125,1498.51609375,103.799480306101,77.545671666033,31332837,14293728000,11304841
"1999-01-01",1525510,2352920.5,73.3664427409919,72.6322556279356,69.5072223447014,4.3,2745100,4432600,4.75,4.73333333333333,4.40666666666667,4.98333333333333,2370.11803278689,2004.57229508197,104.256668065614,78.4326464388879,31544822,14494418000,11474633
"1999-04-01",1557660.25,2381552.5,73.7827349726583,72.9075060333509,70.0276123136925,4.26666666666667,2801800,4508000,4.83333333333333,4.74666666666667,4.45333333333333,5.54,2523.94619047619,2144.59063492063,105.171043584638,79.2185206794668,32501783,14828155000,11761121
"1999-07-01",1583827.5,2421656.5,74.1881838598149,73.1651429275128,70.5480022826836,4.23333333333333,2834000,4568800,5.16666666666667,5.09333333333333,4.65,5.88333333333333,2729.1765625,2370.4528125,104.796006750663,80.2670478492577,32241307,15230323000,12114148
"1999-10-01",1616759.75,2475042.25,74.639012621608,73.5710229884156,71.0683922516747,4.06666666666667,2862400,4639300,5.41666666666667,5.30666666666667,5.04333333333333,6.14,3269.3696875,2914.7515625,103.624463116913,81.4912849647484,34633143,15539840000,12378648
"2000-01-01",1654554.25,2500544.75,75.24606339945,74.0604025820906,71.7716219395004,4.03333333333333,2869100,4711700,5.75,5.67666666666667,5.52,6.48,4427.87349206349,4046.8253968254,104.642420237702,82.6810401976672,35410784,15955287000,12732864
"2000-04-01",1677977.75,2561930,75.6053524819276,74.5212465692774,72.3342056897611,3.93333333333333,2889000,4773600,6.33333333333333,6.27333333333333,5.71333333333333,6.17666666666667,3747.21857142857,3629.49746031746,107.453410602827,83.9298575972077,35044137,16540996000,13257256
"2000-07-01",1704996,2579541.25,76.0936841130949,74.9571156914954,72.9952415963173,4,2933800,4855300,6.5,6.52,6.01666666666667,5.89333333333333,3933.18841269841,3779.89,108.703533382743,85.0760979103067,35340871,17069047000,13737338
"2000-10-01",1729651.5,2608936,76.5254559875299,75.3613410811828,73.5156315653084,3.9,2968000,4927700,6.5,6.47333333333333,6.01666666666667,5.56666666666667,3026.41285714286,2941.22285714286,111.285929868112,86.5375391096856,34468163,17550170000,14161145
"2001-01-01",1748824.5,2617557.75,77.0941225150504,75.8590527523776,74.2188612531342,4.23333333333333,3077400,5074900,5.33333333333333,5.59333333333333,4.81666666666667,5.05,2355.52516129032,2168.62095238095,112.371750796953,87.7662927438003,33590538,18301150000,14863159
"2001-04-01",1760562.5,2649750,77.4559679772212,76.3154195415885,74.7392512221253,4.4,3192000,5180300,4.08333333333333,4.32666666666667,3.66,5.27,2079.62698412698,1795.40984126984,114.904142371126,88.3868797739656,34630528,18748379000,15274387
"2001-07-01",1767584.25,2649505,77.4952216014313,76.6153142779961,74.950220128473,4.83333333333333,3382500,5355300,3.41666666666667,3.49666666666667,3.17,4.98,1876.21338983051,1540.56423728814,114.571966889605,89.9473369585633,33373510,19180179000,15670582
"2001-10-01",1796830,2665116.25,77.5265276331521,76.8555620939526,74.893961753447,5.5,3494500,5440700,2.08333333333333,2.13333333333333,1.90666666666667,4.77,1826.92765625,1496.32765625,114.725553402566,91.6814195418035,34668532,19536774000,15970880
"2002-01-01",1804428.75,2695875,77.681433936349,77.0977569250448,75.1330598473077,5.7,3623100,5502200,1.75,1.73333333333333,1.72,5.07666666666667,1882.79516666667,1506.06779661017,116.186411165382,93.018656479022,35027249,19996046000,16391191
"2002-04-01",1826988.75,2721865,78.2568078264137,77.3669970929716,75.7237727850814,5.83333333333333,3712900,5553500,1.75,1.75,1.71333333333333,5.1,1645.785,1240.76640625,114.461241729098,94.4131316041871,34212574,20399317000,16745198
"2002-07-01",1849283.75,2746010,78.6612947633618,77.7372898699581,76.1316460040204,5.73333333333333,3845900,5662500,1.75,1.74,1.64333333333333,4.26,1309.95609375,945.3328125,112.582485779853,96.4224612551101,32899305,20848622000,17142939
"2002-10-01",1868239.5,2765358.25,79.0280414772774,78.1883781653904,76.5817130042289,5.86666666666667,3990800,5779500,1.41666666666667,1.44333333333333,1.33333333333333,4.00666666666667,1341.83109375,997.5909375,112.896802364518,98.0715116896405,33604076,21311687000,17566434
"2003-01-01",1891790,2793532.25,79.6320083845896,78.5711874896287,77.3693302545938,5.86666666666667,4115600,5868600,1.25,1.25,1.15666666666667,3.92,1351.6606557377,1017.19868852459,110.46799239211,99.0643640817777,33587894,21772893000,18001046
"2003-04-01",1915364.5,2828191.5,79.7116567666821,78.8477247313109,77.2427489107851,6.13333333333333,4283300,6002400,1.16666666666667,1.24666666666667,1.04,3.62,1521.92158730159,1142.68412698413,106.7997749779,100.824850927743,35439650,22221597000,18408753
"2003-07-01",1955231.75,2891667.25,80.2362792163246,79.2984856667116,77.8193972548023,6.13333333333333,4410300,6079900,1,1.01666666666667,0.93,4.23333333333333,1765.19890625,1299.338125,107.210529605586,103.25951503447,36158993,22666855000,18804963
"2003-10-01",1978363.25,2943058.5,80.6304178484499,79.7817493162382,78.1147537236891,5.83333333333333,4464400,6074000,1,0.996666666666667,0.916666666666667,4.28666666666667,1934.07765625,1411.52484375,103.356579664074,106.646817146355,37826645,23180279000,19266300
"2004-01-01",2012194.25,2980861.75,81.251672220276,80.351225379159,78.7757896302453,5.7,4590100,6158000,1,1.00333333333333,0.916666666666667,4.02,2038.8214516129,1476.02532258065,101.381385671807,109.291499369099,39671618,24021333000,20042737
"2004-04-01",2036777,3028203.75,81.7979871908554,80.9996535944645,79.394631755532,5.6,4725500,6278100,1.08333333333333,1.01,1.07666666666667,4.6,1985.00209677419,1455.78967741935,104.374536784863,112.04753114715,40131053,24784762000,20743210
"2004-07-01",2070833.75,3076326.75,82.2001856022014,81.513634263785,79.9009571307666,5.43333333333333,4815000,6352300,1.5,1.43333333333333,1.48666666666667,4.30333333333333,1872.0953125,1391.846875,103.445874148354,115.44794853427,40813938,25655574000,21577124
"2004-10-01",2112155.25,3131803.5,82.9026934700741,82.1455498174733,80.7588973499141,5.43333333333333,4881900,6424700,2,1.95,2.00666666666667,4.17333333333333,2051.76984375,1537.776875,99.4169070176535,119.094950467036,42583837,26439416000,22284591
"2005-01-01",2137933.75,3191821.5,83.3846674428643,82.8012237885304,81.166770568853,5.3,4879000,6448400,2.5,2.47,2.53666666666667,4.29666666666667,2055.01557377049,1519.53524590164,98.2382198251614,123.211757192827,42911127,27237595000,23020151
"2005-04-01",2175286.25,3230664,83.911601113322,83.3980245738732,81.7152897253572,5.1,4889100,6511800,3,2.94333333333333,2.86333333333333,4.16,2013.20765625,1489.0725,100.163408906232,126.378879021792,43963743,28054687000,23768982
"2005-07-01",2217022.25,3285660.5,84.8178392346733,84.158089635204,82.9529739759306,4.96666666666667,4942500,6610300,3.5,3.46,3.36,4.21333333333333,2149.5334375,1580.6009375,101.20994026199,129.188066749802,45124630,28969909000,24641440
"2005-10-01",2238823.75,3331051,85.4943264191506,84.8493583764993,83.7265266325389,4.96666666666667,4976000,6688000,4,3.98,3.82666666666667,4.49,2178.6719047619,1633.12904761905,101.988588164909,132.068302790014,46022987,29771831000,25390760
"2006-01-01",2275038.25,3399790,85.9401162900777,85.4506560007141,84.1625290389909,4.73333333333333,4999000,6769500,4.58333333333333,4.45666666666667,4.39333333333333,4.57,2288.79629032258,1687.78225806452,100.499156167124,133.776762815676,48154263,29977988000,25537410
"2006-04-01",2306912.25,3438356,86.6946980416885,86.1969406690569,84.9220171018428,4.63333333333333,4991600,6852100,5,4.90666666666667,4.70333333333333,5.07,2235.78047619048,1633.80174603175,99.995535275786,130.630833881794,48268827,30497341000,26004103
"2006-07-01",2338443,3467547,87.318902013853,86.7985769803146,85.7236989459642,4.63333333333333,4996300,6952600,5.25,5.24666666666667,4.90666666666667,4.89666666666667,2140.82,1551.47380952381,99.7740849547723,128.889368527726,49347836,30891591000,26343573
"2006-10-01",2356842,3509890,87.1743676861789,87.1098287685666,85.3720841020513,4.43333333333333,5059300,7080400,5.25,5.24666666666667,4.90333333333333,4.63,2388.64603174603,1750.5046031746,97.8596112118154,129.978544365133,50863998,31076355000,26482443
"2007-01-01",2393034.5,3553912.75,87.9704771573004,87.9378542409104,86.2090680765015,4.5,5095400,7168500,5.25,5.25666666666667,4.98333333333333,4.68,2442.85180327869,1786.02229508197,97.8560394324443,127.417070312424,52176762,30945069000,26298177
"2007-04-01",2419678.25,3600520.5,88.717128200558,88.5494027114601,87.1854321750789,4.5,5164900,7288100,5.25,5.25,4.73666666666667,4.84666666666667,2553.36158730159,1884.50952380952,96.5273375063622,121.351906937134,53158939,30983129000,26282809
"2007-07-01",2449595.75,3641029.25,89.2188752749677,89.0328027639892,87.7373268340846,4.66666666666667,5227700,7413300,5.08333333333333,5.07333333333333,4.30333333333333,4.73,2606.66666666667,1981.92063492063,94.359267428051,117.660782091656,54303813,30892122000,26150629
"2007-10-01",2484285,3678764.5,90.1271550028014,89.3939240427475,88.8135495483331,4.8,5239300,7484200,4.41666666666667,4.49666666666667,3.39,4.26,2704.6778125,2114.10158730159,90.641045102644,113.111866132125,53929382,30590954000,25798535
"2008-01-01",2501111.25,3676634.5,90.8621803001654,89.7250797006734,89.7755677612788,5,5352500,7670300,2.75,3.17666666666667,2.04333333333333,3.66333333333333,2334.30885245902,1807.8031147541,88.630133316665,107.443287834475,52697168,29789057000,24941753
"2008-04-01",2532467.25,3716425.25,91.7484776286907,90.1593045018379,90.9434916268199,5.33333333333333,5425300,7744200,2,2.08666666666667,1.62666666666667,3.88666666666667,2425.35609375,1935.45703125,87.7014706801561,100.33037899454,52054128,29293524000,24414839
"2008-07-01",2539769.5,3724749.75,92.7277076965286,90.8383902040152,92.3457316243445,6,5504400,7872700,2,1.94,1.49333333333333,3.86333333333333,2290.6703125,1815.57171875,89.5802266294011,94.7644646394591,50293392,28723253000,23806942
"2008-10-01",2476735.5,3652052.25,91.2474954284308,91.0587597878005,90.2308386611772,6.86666666666667,5689700,8205000,0.708333333333333,0.506666666666667,0.296666666666667,3.25333333333333,1604.34625,1241.884375,96.713070033664,92.4931769083431,47463728,28111662000,23196406
"2009-01-01",2453742.25,3607725.5,90.6305317081062,90.9861129534015,89.6101681387022,8.26666666666667,5925200,8386700,0.125,0.183333333333333,0.213333333333333,2.73666666666667,1483.38852459016,1190.14196721311,98.8847118913465,90.2715708820913,46194418,27448128000,22541169
"2009-04-01",2451375.5,3595309,90.9904120298245,90.8352493521688,90.086676575173,9.3,6122900,8459500,0.125,0.18,0.173333333333333,3.31333333333333,1733.00619047619,1400.5119047619,95.8379840877229,89.343686873238,47302539,26698399000,21789925
"2009-07-01",2484851.5,3612220.5,91.6168741146264,90.943131942572,90.8617763370945,9.63333333333333,6291400,8461800,0.125,0.156666666666667,0.156666666666667,3.51666666666667,1983.5059375,1605.82421875,93.1162882068775,89.0098119195704,49459338,26338347000,21442248
"2009-10-01",2501249,3662812.25,92.323163278185,91.2307305914407,91.5731634892991,9.93333333333333,6503100,8512500,0.125,0.12,0.0566666666666667,3.46,2162.9146875,1766.9321875,90.3767334291761,89.3523724859765,49860985,26046331000,21115616
"2010-01-01",2525455.5,3691152.5,92.6795289836744,91.4933234235277,91.7183100968664,9.83333333333333,6630000,8523700,0.125,0.133333333333333,0.106666666666667,3.71666666666667,2280.55229508197,1856.36557377049,90.8017751743475,88.1707817290319,51076344,25985124000,21061741
"2010-04-01",2552036.25,3745048.25,92.8225930911471,91.9396526688264,91.6859615312264,9.63333333333333,6804100,8628400,0.125,0.193333333333333,0.146666666666667,3.49,2342.0626984127,1916.3873015873,92.2662047165347,88.0576081950493,50443465,26017712000,21107572
"2010-07-01",2575188.5,3785401.75,93.0011687046532,92.2192287008332,91.9547359179134,9.46666666666667,6975800,8718900,0.125,0.186666666666667,0.156666666666667,2.78666666666667,2237.45640625,1868.25765625,90.9946512603916,86.0932700181117,52583348,25867523000,20960510
"2010-10-01",2607576,3827368.5,93.5971482088948,92.754550920989,92.6993155113833,9.5,7167700,8822900,0.125,0.186666666666667,0.136666666666667,2.86333333333333,2536.13,2143.03109375,87.2121369063033,85.1163991534133,54447714,25650400000,20718964
"2011-01-01",2639548.75,3837862,94.3842391937944,93.2300022959625,93.6886190362167,9.03333333333333,7362600,8967000,0.125,0.156666666666667,0.126666666666667,3.46,2739.41935483871,2313.03725806452,86.0905981837502,82.5923600916071,55781049,25411834000,20439889
"2011-04-01",2668254.5,3889384.75,95.3126190626127,93.8466519506594,94.7538713673352,9.06666666666667,7613000,9176700,0.125,0.0933333333333333,0.0466666666666667,3.21,2764.90174603175,2319.83825396825,84.5725919509952,81.6255645376855,56238478,25328050000,20306440
"2011-07-01",2688757.25,3911920,95.753591682201,94.4114689679632,95.3717289710589,9,8024700,9545300,0.125,0.0833333333333333,0.0233333333333333,2.42666666666667,2606.6359375,2254.69671875,85.1047870773022,81.6089750173549,54386904,25259149000,20207587
"2011-10-01",2702296.5,3960564.75,96.070024884203,94.5239261223826,95.7998552050073,8.63333333333333,8195800,9677400,0.125,0.0733333333333333,0.0133333333333333,2.04666666666667,2600.91365079365,2289.88873015873,87.6371786514747,81.6390272374301,55790274,25221008000,20146342
"2012-01-01",2739825.25,4017201.25,96.7067014294983,95.0783104041894,96.3393730215072,8.26666666666667,8419500,9846200,0.125,0.103333333333333,0.0666666666666667,2.03666666666667,2907.18806451613,2561.34096774194,86.9871148059184,81.7252753719234,57886178,25075338000,19958213
"2012-04-01",2751263.75,4051778.75,96.9401875411865,95.4705654069496,96.5427470472264,8.2,8627100,10013000,0.125,0.153333333333333,0.0866666666666667,1.82333333333333,2926.48380952381,2616.32174603175,88.8551554170499,83.1472838894695,57757726,25283282000,20149005
"2012-07-01",2764848.25,4079885.25,97.2216789419415,95.9945694241973,96.9786088077409,8.03333333333333,8865300,10216600,0.125,0.143333333333333,0.103333333333333,1.64333333333333,3026.55523809524,2719.31333333333,88.7587173740278,84.6244460479051,59391148,25589598000,20435513
"2012-10-01",2791425.75,4105104.75,97.7666136019421,96.4763867175028,97.6234704314771,7.8,9145100,10474400,0.125,0.16,0.0866666666666667,1.70666666666667,3001.65580645161,2670.60709677419,86.9013921010099,86.4612794298416,60057600,25831692000,20643402
"2013-01-01",2819416,4162047.25,98.109048972365,96.8590512914543,98.0158725972839,7.73333333333333,9267600,10572900,0.125,0.143333333333333,0.0866666666666667,1.95,3176.37616666667,2759.95116666667,87.2764289349847,88.1185811964736,62416846,26305520000,21081792
"2013-04-01",2828920.25,4182171.75,98.1592548522768,97.0675999456205,97.9085597469217,7.53333333333333,9409100,10692300,0.125,0.116666666666667,0.05,1.99666666666667,3368.01296875,2911.57265625,88.3051013938869,89.9118128024629,63042630,26923197000,21685347
"2013-07-01",2852089.75,4238459.5,98.5624907171097,97.5435509421973,98.4380917018545,7.23333333333333,9581300,10850000,0.125,0.0833333333333333,0.0333333333333333,2.71,3640.89546875,3106.21234375,89.1659002223433,91.816915100524,65001813,27598511000,22340818
"2013-10-01",2887807.25,4298004.75,98.9255892590873,98.0590982222181,98.8020833882731,6.93333333333333,9797700,11047800,0.125,0.0866666666666667,0.0633333333333333,2.74666666666667,3957.07625,3398.32484375,87.8193393994053,93.8512593161339,66929998,27971561000,22692221
"2014-01-01",2911500.25,4299434.5,99.3796862447601,98.4314008208293,99.4174093651207,6.66666666666667,9997200,11219100,0.125,0.0733333333333333,0.0466666666666667,2.76333333333333,4210.40475409836,3611.19721311475,89.0551750618364,94.3606705032466,68469732,28239051000,22949864
"2014-04-01",2952612.75,4379627,99.8240944944159,98.9885548105594,99.9453942147403,6.2,10173200,11383700,0.125,0.0933333333333333,0.0333333333333333,2.62333333333333,4195.80634920635,3655.8880952381,89.1694720017145,93.8424868472681,70153907,28798496000,23482595
"2014-07-01",2989947.5,4451057,100.09698830369,99.3949812822402,100.201088529234,6.06666666666667,10306200,11503700,0.125,0.09,0.0266666666666667,2.49666666666667,4482.7428125,3991.1225,89.78738983293,94.9805626843929,70344899,29298213000,23937454
"2014-10-01",3020390.25,4478019.75,99.964212901968,99.4939032889482,99.9521452197435,5.7,10522800,11701900,0.125,0.1,0.0233333333333333,2.28,4600.93859375,4142.5675,92.6912464617061,97.2061640925044,71596565,29665920000,24277678
"2015-01-01",3029940.75,4515882.25,99.5167398921231,99.4397033808922,99.3051739069437,5.53333333333333,10754300,11903700,0.125,0.11,0.0266666666666667,1.96666666666667,4825.26442622951,4307.19672131148,97.3095571886524,98.9849775813478,72726701,30128537000,24708808
"2015-04-01",3066035,4569946,100.013862955935,100.010715412819,99.98238409632,5.43333333333333,10890400,12005600,0.125,0.123333333333333,0.02,2.16666666666667,5030.16714285714,4459.07571428571,98.5275339542276,98.9400729634898,73072721,30715029000,25223229
"2015-07-01",3095623.5,4600406.5,100.273024265545,100.27597679517,100.360018438682,5.1,11055500,12154800,0.125,0.136666666666667,0.04,2.22,4924.328125,4406.02359375,101.656412683389,100.069723756258,71723204,31205052000,25677011
"2015-10-01",3105838.25,4608784.25,100.196372886397,100.273604411119,100.352423558054,5.03333333333333,11263300,12368700,0.208333333333333,0.16,0.123333333333333,2.19,4998.138125,4573.1478125,102.506496173731,102.005225698904,72868640,31557669000,25996286
"2016-01-01",3130789,4631483.25,100.244499680051,100.18686563153,100.290117407713,4.9,11468200,12629000,0.375,0.36,0.286666666666667,1.92,4614.20065573771,4259.26098360656,104.235237389386,103.168663525225,73735466,31856887000,26241452
"2016-04-01",3166281,4677925.5,100.880520543323,100.867580467108,101.092221189647,4.93333333333333,11710500,12835400,0.375,0.373333333333333,0.256666666666667,1.75333333333333,4845.7121875,4432.62671875,102.424345248194,103.123064058348,74878426,32571589000,26892104
"2016-07-01",3199281.5,4723159.75,101.227784842618,101.125567244177,101.521331945158,4.9,11969600,13034200,0.375,0.396666666666667,0.296666666666667,1.56333333333333,5168.8890625,4734.40375,103.385153899044,104.196953217336,76105467,33208577000,27500792
"2016-10-01",3230497.25,4772344.75,101.691119062672,101.615393165108,102.165771631081,4.76666666666667,12155200,13226100,0.458333333333333,0.45,0.43,2.13,5309.89031746032,4841.14047619048,106.514032628205,105.592644328284,76406326,33671320000,27927066
"2017-01-01",3274326.5,4820021,102.284370048704,102.133265271787,102.884753663915,4.56666666666667,12362100,13428700,0.708333333333333,0.7,0.59,2.44333333333333,5736.32225806452,5241.65096774194,107.324826545464,106.171453561177,78401316,34102976000,28302342
"2017-04-01",3297182.5,4859660.75,102.490063712837,102.399898135652,103.00345883522,4.36666666666667,12472900,13558500,0.958333333333333,0.95,0.89,2.26333333333333,6095.44174603175,5642.92666666667,104.84601166186,107.099250713903,79968580,34867620000,29038040
"2017-07-01",3331266.25,4923148.75,102.852433335511,102.926082736484,103.495860262635,4.33333333333333,12594600,13723000,1.125,1.15333333333333,1.03666666666667,2.24333333333333,6343.13015873016,5881.46888888889,101.195653144505,108.316278770821,81324192,35356762000,29509380
"2017-10-01",3387850.25,5009272,103.468677760963,103.559459846347,104.319201581142,4.16666666666667,12719700,13873800,1.20833333333333,1.20333333333333,1.20666666666667,2.37,6758.38111111111,6266.63936507937,101.595692434078,109.631714820066,83519396,35872141000,29964512
"2018-01-01",3436268.5,5082138.25,104.192958516643,104.21814367229,105.198238690924,4.03333333333333,12791500,13976000,1.45833333333333,1.44666666666667,1.56,2.76,7253.84852459016,6782.40163934426,98.7847020689532,110.358005757258,83907760,36619572000,30640324
"2018-04-01",3472823.5,5145228,104.740562412742,104.954783091245,105.770948948689,3.93333333333333,12867600,14109900,1.70833333333333,1.73666666666667,1.84,2.92,7355.938859375,6880.733859375,101.667128021502,110.486726538043,84885634,37105968000,31064848
"2018-07-01",3500549.75,5199682.5,105.092433128399,105.408143740569,106.195980972011,3.76666666666667,12924000,14229300,1.95833333333333,1.92333333333333,2.04,2.92666666666667,7874.57658730159,7423.52068253968,104.442400592915,111.216491720331,86654123,37543505000,31454437
"2018-10-01",3524799.75,5229466.75,105.490885649511,105.861983708037,106.628326584086,3.83333333333333,13009700,14382600,2.20833333333333,2.22,2.31666666666667,3.03333333333333,7215.11396825397,6862.91396825397,105.635374902892,112.257288694785,82600828,37850201000,31699124
"2019-01-01",3537547.75,5277900,105.704971496081,106.179537424363,106.912993961718,3.86666666666667,13034400,14526200,2.375,2.40333333333333,2.38666666666667,2.65333333333333,7343.62196721311,6963.17852459016,104.36739322612,112.716844464778,88180570,38555068000,32314833
"2019-04-01",3587665.5,5349484.5,106.295711322617,106.728320249339,107.69850152302,3.63333333333333,13232500,14771400,2.375,2.39666666666667,2.3,2.33333333333333,7876.666296875,7550.727265625,105.68895159346,112.447590469885,90088540,39158591000,32867714
"2019-07-01",3637070.5,5429292.75,106.549932778392,107.067889612404,108.053773161309,3.6,13439300,15031400,2.125,2.19,1.98,1.79666666666667,8067.4640625,7776.0315625,106.606898891855,113.484565774734,90654115,39484174000,33146026
"2019-10-01",3675259.5,5483304.25,106.967041491225,107.400677192755,108.812698640411,3.6,13750200,15348000,1.625,1.64333333333333,1.57666666666667,1.79333333333333,8445.70890625,8211.48140625,105.878255900133,114.91821301335,93883797,39862370000,33471391
"2020-01-01",3624056.75,5431914.25,107.294718030844,107.896504042439,109.20496016028,3.83333333333333,14445900,15993800,1.125,1.26,1.11,1.37666666666667,8771.72919354839,8688.47935483871,106.735482949218,116.081129702906,87016066,40623941000,34184947
"2020-04-01",3293909.25,4983861,106.863518376828,107.49865646163,108.139285891349,13,16554500,18141100,0.125,0.06,0.143333333333333,0.686666666666667,9091,9192.20380952381,110.757306521176,117.634638397313,94237759,41291306000,34851352
"2020-07-01",3619508.25,5421137.75,107.72591591463,108.439385070129,109.375423036609,8.8,17159200,18596600,0.125,0.0933333333333333,0.113333333333333,0.65,10926.83359375,11124.4821875,107.306967648608,120.121503036599,97970157,42321381000,35701304
"2020-10-01",3688183,5517191.75,108.241427402676,109.176494440823,110.16444674635,6.76666666666667,17827900,19133200,0.125,0.09,0.0933333333333333,0.863333333333333,11954.4465625,12044.70328125,103.810195644215,124.34991988608,105250690,43545288000,36761696
"2021-01-01",3814856.75,5664198.25,109.454480508842,110.559592287741,111.259234724357,6.23333333333333,18607900,19823400,0.125,0.08,0.05,1.31666666666667,13351.4563934426,13124.912295082,102.285045852718,126.919471558635,108984928,45034591000,38105974
"2021-04-01",4004086.5,5842215.25,111.156329810702,112.271595039777,113.323917087813,5.93333333333333,19320200,20474700,0.125,0.07,0.0266666666666667,1.59333333333333,13847.6280952381,13797.3647619048,103.663752689996,129.849997296603,113524150,47707647000,40435133
"2021-07-01",4090969,5980497.75,112.691394830241,113.957128453714,115.141062601155,5.06666666666667,19867300,20978600,0.125,0.09,0.0466666666666667,1.32333333333333,14839.97234375,15113.5428125,105.731812945914,133.374532089756,115039322,49985632000,42452649
"2021-10-01",4204033,6194259.5,114.557551638268,115.939736018952,117.602225862608,4.2,20398900,21470900,0.125,0.08,0.0533333333333333,1.53666666666667,15390.78671875,15843.41921875,107.449838823456,136.660212532601,118106166,51142014000,43335592
"2022-01-01",4293776.25,6303872.75,116.721285397665,118.295956961062,120.186735611305,3.83333333333333,20684100,21720800,0.208333333333333,0.12,0.306666666666667,1.94,14000.6198387097,14576.9359677419,108.63566957469,139.698092444016,116407606,55044223000,46942395
"2022-04-01",4400938.25,6451447.75,118.875805763504,120.980387077004,123.058585010448,3.63333333333333,20592600,21642500,0.958333333333333,0.77,1.07666666666667,2.93,12195.24,12733.2448387097,113.139683361759,139.563378590442,108606393,57537915000,49285658
"2022-07-01",4469058.5,6568002.75,120.259845638286,122.342458263614,124.685858508077,3.53333333333333,20281000,21520500,2.625,2.19,2.66333333333333,3.10666666666667,11891.06984375,12383.48234375,117.565118002661,136.800832602837,106573557,56442045000,48017405
"2022-10-01",4527067.5,6683569.25,121.451882241838,123.472976449842,125.947733859912,3.56666666666667,19671300,21219300,3.79166666666667,3.65333333333333,4.04,3.83,10871.376031746,11345.2073015873,118.090169570226,136.715974166382,108616911,55536750000,47031863
"2023-01-01",4626552.75,6791089.75,122.630626924689,124.597055530391,127.084153035438,3.53333333333333,18925500,20876300,4.625,4.51666666666667,4.62666666666667,3.64666666666667,11481.4411290323,12111.0441935484,113.839752118512,136.783548233487,111971312,55575291000,46956259
"2023-04-01",4671431,6863453.75,123.51496240593,125.16500885029,128.02619952525,3.53333333333333,18434700,20782600,5.04166666666667,4.99,5.07333333333333,3.59333333333333,12676.7551612903,13817.5738709677,114.28622453991,136.614873634106,115118574,58001966000,49282449
"2023-07-01",4732246.75,6991924.25,124.337926589911,126.156063316781,129.130832718886,3.66666666666667,18124600,20720000,5.375,5.26,5.29,4.15,13785.2779365079,15222.4546031746,115.39704792435,138.14788428245,113430830,58463678000,49724685
"2023-10-01",4792538.5,7074241.75,124.847499089738,126.642532002668,130.02365313055,3.8,17915200,20701400,5.375,5.33,5.28333333333333,4.44,13910.6926984127,15581.6088888889,116.279277429033,139.669864202616,118064325,57860377000,49084931
"2024-01-01",4856193.75,7156017.25,125.903405832392,127.589983733774,131.2118300111,3.83333333333333,17980800,20901500,5.375,5.33,5.23333333333333,4.16,15692.0286885246,17615.9252459016,115.679218494674,139.505098128967,122185224,59843336000,50961129
"2024-04-01",4920674.75,7254178.5,126.693097917647,128.391387883005,132.106900757765,4,18039000,21065500,5.375,5.33,5.24333333333333,4.44333333333333,16621.2685714286,18472.5406349206,117.961585512863,,123380201,61679419000,52735027
"2024-07-01",4984606.25,7343728.5,127.178109097994,128.996586818878,132.565547160165,4.16666666666667,18156800,21272200,5.375,5.26333333333333,4.99,3.94666666666667,17610.60796875,19441.1153125,118.361624802436,,128494690,61555310000,52539071
"2024-10-01",5063863.75,7430966,127.92874704997,129.741346637272,133.559632646876,4.13333333333333,18376000,21490100,,4.65,4.4,4.28333333333333,18983.19515625,20779.04796875,,,128869892,61281188000,52138374
"2025-01-01",,,,,134.805755653703,4.1,,,,4.33,4.21,4.45333333333333,18951.4626666667,20879.879,,,,,
